Top_left_x,Top_left_y,Top_right_x,Top_right_y,Bottom_left_x,Bottom_left_y,Bottom_right_x,Bottom_right_y,FR1_x,FR1_y,FR2_x,FR2_y,FG1_x,FG1_y,FG2_x,FG2_y,FB1_x,FB1_y,FB2_x,FB2_y,tf_FR1_x,tf_FR1_y,tf_FR2_x,tf_FR2_y,tf_FG1_x,tf_FG1_y,tf_FG2_x,tf_FG2_y,tf_FB1_x,tf_FB1_y,tf_FB2_x,tf_FB2_y,Bending_Coefficient,Bending_Binary,IFF,Spikes,Spikes_Filled
697.7511,264.0699,774.11884,222.70374,731.5423,339.88144,807.9675,290.16837,655.62244,268.13544,670.17,283.59375,688.7972,297.28027,700.81464,301.1675,733.43176,294.75812,751.5539,286.3452,-82.29574,240.35811,-67.69325,190.17345,-44.33024,139.19406,-25.245762,116.548836,42.322662,89.45665,86.0195,84.16754,0.010588694721989471,0.0,298.5074768,4,4
698.9551,263.96118,775.03107,223.24573,732.17816,340.5386,808.4981,290.29102,660.99634,271.8625,675.3497,288.1433,693.1861,302.72925,706.1577,308.22702,736.4841,297.65936,752.5724,285.63477,-77.17872,226.73671,-63.231632,175.26506,-41.8261,123.695366,-22.307354,96.704254,43.947556,80.838486,86.847496,85.73315,0.01377123041732864,0.0,169.4915314,4,4
699.14575,265.31772,775.4968,224.48882,732.76514,341.84778,808.7106,291.43137,662.44446,273.1165,677.6298,289.6928,695.4735,303.40506,709.6492,308.21698,737.764,298.94003,753.2969,287.44125,-73.90967,225.22812,-59.15782,172.63911,-37.50942,123.094864,-15.437442,96.0265,45.512505,80.0495,86.81703,84.414986,0.013212883952930396,0.0,90.0900879,3,3
699.0487,266.5229,775.04736,226.02672,732.3431,342.76978,808.77734,292.9426,655.0091,268.45255,668.71344,276.62885,737.66516,289.8807,711.83527,279.20227,739.321,289.80048,753.9877,288.3428,-84.26868,246.77374,-65.31826,213.1728,55.23467,101.22025,13.993484,156.4798,58.592476,99.294464,89.404915,83.64142,0.0005614468515765283,0.0,71.9424438,2,2
699.418,266.89777,775.99304,227.1043,733.8436,343.9546,810.0293,293.50638,638.44995,263.8186,656.0736,269.65204,678.27216,275.7662,692.73724,278.91364,721.63586,283.9123,739.64624,285.1896,-107.168236,273.3942,-80.865074,242.108,-46.11753,204.57242,-22.332174,181.40797,27.629656,136.61658,61.478786,111.74363,0.0014477828905310867,0.0,56.1797752,1,1
700.6555,267.35632,777.2699,226.57642,734.5996,344.24927,810.51404,293.94318,620.4312,262.4081,637.8675,267.3329,658.66486,272.6886,671.99585,275.41302,702.64014,279.32858,720.72894,281.59946,-139.69662,298.39194,-113.447136,269.7167,-81.094154,235.90016,-59.406605,215.31122,-6.2182097,171.68498,26.311047,145.11946,0.0012201611741063571,0.0,259.7402649,2,2
699.5348,281.2406,775.0827,239.9453,732.833,357.12372,808.73846,307.06317,659.2081,293.53613,673.8522,309.23956,692.9737,323.58752,706.4254,328.33142,736.7353,319.65472,753.7741,309.78256,-85.89895,220.95918,-70.97521,170.13217,-46.95187,117.15977,-25.824512,90.8636,39.185318,70.49011,81.98352,69.110886,0.011737984701598921,0.0,162.6016235,2,2
699.3171,281.67307,774.90405,240.41911,732.5478,357.59525,808.24634,307.33228,659.27167,294.3376,673.6257,311.0581,691.5973,326.37976,704.82806,330.95578,736.5784,321.60336,753.87976,309.90912,-85.107765,219.69713,-71.58498,167.25491,-50.579624,113.84187,-29.908798,88.21461,37.968388,67.23381,82.877945,69.22285,0.012959696960691386,0.0,56.9800568,1,1
699.88293,282.29938,774.46484,241.64151,733.93176,357.92126,808.5177,307.8035,608.68463,275.39362,627.68176,281.06418,650.02875,288.00195,664.706,291.1751,698.0024,296.4344,716.2968,298.3613,-161.69397,319.17676,-132.54921,286.1193,-97.86947,245.9733,-73.67491,222.21436,-15.800937,171.19078,17.799614,144.40709,0.0013325835316352651,0.0,6.9881201,1,1
712.1048,281.90598,787.0736,241.13443,746.324,357.6645,821.03326,307.49176,679.9408,289.96332,692.92377,308.30075,710.9526,324.83853,723.8519,329.688,752.4197,316.07446,767.4403,301.5288,-67.06796,220.2877,-57.820908,165.93541,-38.10791,109.92023,-18.334368,84.0848,48.005283,75.76889,92.01441,87.00221,0.017523445894088104,1.0,416.6666565,9,9
712.5309,282.68973,787.23804,241.60846,746.32825,357.9847,820.727,307.7007,676.6098,290.3331,691.26447,306.84692,709.5191,320.70932,722.6766,324.24225,753.10443,313.89093,767.5803,301.84857,-73.83418,226.071,-59.98653,173.28392,-37.536415,121.99059,-16.005339,98.23477,51.64612,80.6379,92.36985,87.2075,0.013590457454320531,0.0,157.4803162,4,4
712.24384,282.90027,787.2981,242.03456,746.0976,357.8123,821.0373,307.71518,668.98627,286.16794,682.78845,295.10068,750.6875,305.313,749.93365,304.38568,752.5374,305.17996,767.11395,302.4642,-83.5965,244.00923,-65.44084,208.33743,55.133904,102.01692,54.501167,105.00766,58.94189,99.889786,90.99287,86.53357,0.004377327093542875,0.0,103.6269455,3,3
712.2941,283.11917,787.1875,242.2394,746.3635,358.78482,821.1361,308.054,654.8898,281.08688,673.3399,288.63782,692.9386,295.1602,708.4628,300.30545,740.91986,308.47678,755.4884,310.32373,-104.46619,271.41144,-77.11879,233.90973,-46.49285,196.79465,-21.853666,167.00154,33.04881,108.90859,59.9947,86.057884,0.0013771862530159876,0.0,68.7285233,2,2
712.97217,283.10565,787.89777,241.92075,746.8639,358.48032,821.4887,308.0809,638.3011,277.43787,656.1076,283.54,678.654,289.90204,691.09515,293.65222,724.6014,302.01254,741.9934,304.05316,-132.76358,298.85556,-105.813866,265.71155,-70.0515,226.00296,-50.17926,203.20462,5.9984846,144.22238,38.016876,117.72825,0.0009445182969730813,0.0,25.8732204,1,1
719.5897,279.65912,794.43335,238.63887,753.96344,354.29132,828.36707,303.80945,691.2265,286.8452,700.668,304.6745,714.5539,321.2417,725.77094,326.71677,763.6975,313.993,778.9119,300.67844,-59.10183,218.18384,-56.2513,168.45471,-44.461315,116.80835,-28.57185,91.54461,54.40301,68.85596,97.91447,76.90769,0.01862642428197335,1.0,270.2702637,5,5
720.01764,279.78528,794.54517,238.63991,754.28784,354.46756,828.46954,303.80136,691.9812,287.08835,702.3613,305.00558,716.5252,321.33524,730.4797,326.8075,763.3581,314.8805,779.63995,301.08224,-58.801666,217.78787,-54.23967,166.65388,-41.649235,115.0408,-20.629066,86.196785,52.44705,67.997025,98.60771,75.45037,0.01782203839711353,1.0,47.393364,1,1
721.1676,278.96237,795.4651,237.64774,755.1529,353.56076,829.40137,302.91525,687.3148,283.19873,700.56433,298.23596,719.3108,312.86963,731.14624,316.67325,763.6579,309.68433,780.3367,300.18704,-67.53627,231.84767,-55.16762,183.02486,-32.456367,128.67773,-13.570705,105.708405,55.346703,77.891304,98.28295,75.69093,0.011820574909874202,0.0,56.1797752,2,1
722.1429,277.5689,795.78625,237.34528,755.9034,353.0509,829.8083,302.66077,675.83685,274.14258,693.49634,280.20145,714.8252,287.32928,728.89954,290.44675,757.8251,295.6857,774.58203,297.19308,-85.12474,262.76422,-57.074024,228.62875,-22.541227,187.21739,1.9371382,162.98906,54.4715,114.618324,87.213974,89.17369,0.0016715767591916023,0.0,56.1797752,2,1
722.9126,277.3888,796.9715,238.00897,757.0561,353.58453,830.8556,303.12732,625.4758,262.9139,644.6462,268.6122,668.7339,275.54333,682.91724,278.00507,715.7065,281.9857,732.40594,283.8103,-164.22804,338.80112,-135.57497,306.58655,-98.57918,265.68396,-75.12489,244.67383,-17.712624,198.30385,12.810972,174.24442,0.0014145515262249532,0.0,24.9687881,1,1
728.5083,276.9217,802.5696,235.55548,762.4768,350.62747,836.06104,300.00323,706.16846,287.04428,716.99817,307.59314,732.33936,326.50577,744.42865,331.69946,774.2749,312.10104,785.08563,297.42422,-50.871613,205.17073,-47.772556,147.36757,-35.213818,88.393616,-17.337196,62.03192,57.29515,62.752785,93.50852,79.512566,0.025636176805719234,1.0,400.0,5,5
728.084,276.5364,801.7134,235.51561,761.36554,350.0853,835.22845,300.04388,709.67975,288.78192,719.226,310.1704,733.40436,328.46814,745.01294,333.83508,735.6597,329.6381,784.23517,297.23517,-46.002827,195.5609,-45.582817,136.97867,-34.12617,80.46751,-16.934181,54.348267,-30.896837,75.14098,93.78078,79.13622,0.02986875141413183,1.0,89.2857132,2,2
726.8817,276.73376,800.87506,235.52963,760.4481,350.97964,834.248,299.80853,701.8899,287.2137,715.85724,305.29028,731.6632,320.30713,742.8087,324.55527,771.73517,310.4036,783.53406,296.683,-55.799335,207.54642,-44.575047,151.1614,-27.694504,99.58896,-10.614026,76.35778,57.366802,67.17772,94.50139,80.48457,0.01933619896625165,1.0,54.4959145,2,2
726.21796,275.95905,800.05646,235.19765,760.17554,350.37286,833.50287,299.9116,685.63257,276.9935,702.54297,282.37958,721.26697,288.35895,733.0939,290.46872,764.3233,294.9324,779.37054,295.2534,-77.02115,246.43982,-50.326168,214.56958,-20.256165,178.61983,0.4898979,159.2054,57.878193,108.905174,88.253685,87.87891,0.0020129927181110796,0.0,57.6368866,2,2
725.6752,276.18375,799.5744,234.9425,759.504,350.87183,832.6056,299.7102,658.03625,272.76205,675.70264,279.47028,698.92944,286.58484,712.3834,289.93893,748.06195,298.2739,764.9715,300.5182,-120.76552,287.0493,-94.833145,252.45999,-58.71931,209.77385,-36.743828,186.19766,23.8424,122.93958,55.144867,95.59024,0.0011373031142107178,0.0,49.8753128,1,1
727.9582,273.02713,797.86017,226.28397,759.45154,344.83945,831.9091,291.4781,698.00354,224.00435,707.8251,246.44319,722.00946,267.40808,734.03613,274.52264,764.7748,267.79388,780.6445,254.0885,-18.567902,365.2478,-18.23035,293.88043,-7.3589845,222.08755,11.388195,187.2742,82.90034,155.22128,131.15364,161.82034,0.022436993751580012,1.0,0.1693222,0,0
728.4719,284.68723,798.8348,240.21901,763.15356,357.99716,833.7602,304.15396,709.1654,294.69086,717.6487,315.62186,730.3912,334.99042,743.16925,343.46902,778.83716,335.6376,796.7586,323.0392,-46.68651,204.76817,-48.630047,148.58455,-41.287563,91.39703,-24.719065,56.63722,51.008457,20.384834,99.816956,18.746094,0.020119354024741617,1.0,9.9255581,1,1
729.89325,284.876,800.7775,239.81285,765.07697,358.12924,835.54803,304.2969,714.54144,296.28708,721.4444,318.33823,733.26843,338.30457,746.1972,346.7548,781.35895,337.04785,798.544,323.4088,-40.093678,196.46414,-46.45719,140.79315,-41.787712,84.07871,-25.175274,49.194016,51.166397,17.020672,99.567474,18.47524,0.023325402925464627,1.0,9.9255581,0,1
732.9254,284.4416,803.47363,239.94328,767.90546,358.36993,837.99774,303.76288,700.9119,287.98862,714.41473,298.49112,784.0296,323.5913,777.82355,318.70917,786.7497,323.1105,802.43024,322.31055,-64.1034,235.49417,-47.82727,194.9422,63.610413,43.80068,56.029186,62.986794,69.54896,40.67801,102.32812,18.351591,0.003643519597913855,0.0,9.9255581,1,1
745.0889,274.71213,815.51373,230.36217,779.78937,348.24838,850.6655,293.63626,728.48627,267.19635,737.3434,288.18317,749.00586,307.26926,762.5897,315.7088,797.76025,308.35236,816.5697,296.0628,-25.707933,240.04114,-27.246979,181.21281,-21.793762,124.541534,-3.5086806,88.051186,72.1979,51.671196,123.79778,48.601925,0.019680922506946166,1.0,44.7427292,2,2
745.45557,274.10468,816.0895,230.2607,780.778,347.61682,851.07983,292.76022,726.1368,265.75,736.32324,285.91623,750.1474,304.09958,762.5338,311.85297,799.24194,305.70273,817.1516,295.55167,-29.49295,245.00142,-28.077784,186.63133,-18.235577,129.14767,-1.9892102,95.83766,75.197426,54.71397,122.93354,48.42668,0.016823104887754767,1.0,36.363636,1,1
748.19165,274.8489,817.18463,229.02971,781.91864,347.9317,851.694,293.3734,704.8725,252.44554,722.9066,262.74362,745.3419,269.56406,745.01495,263.1059,769.7829,273.6905,786.7953,277.90448,-67.29319,313.61566,-40.12904,264.05746,-0.8404341,215.97719,4.6178164,231.03903,45.62844,170.42271,77.02597,135.341,0.0010904261491512296,0.0,22.7531281,1,1
750.07715,281.01138,821.12506,235.01387,785.9274,353.73416,856.1658,299.1291,723.26416,223.67982,729.2257,245.38116,740.79407,266.18433,752.31696,275.39136,788.4454,269.0294,806.50604,258.29395,2.9055307,367.53934,-6.4832506,308.47272,-3.8515558,245.51219,9.77515,209.1062,89.18941,171.00764,139.49136,168.10396,0.023105838538243013,1.0,0.3012729,0,0
765.7599,265.9181,836.6476,219.12964,802.41736,338.33405,872.9548,282.3614,720.57697,246.35548,727.0593,266.3621,738.4527,288.8214,750.34406,297.8008,784.962,292.2244,803.52814,282.341,-67.049355,306.42227,-72.80416,253.2314,-71.667946,189.80656,-58.04902,154.71925,11.125056,116.45355,56.909447,109.40776,0.02268696682033647,1.0,0.3012729,0,0
767.42444,264.74738,838.52655,218.17451,804.25073,337.70175,874.2692,281.88074,725.9099,245.12955,730.26337,264.50574,738.4953,288.35403,749.7876,296.9284,785.42633,292.96283,806.27325,281.85516,-59.46675,299.25537,-68.636986,251.34665,-74.481026,190.4268,-61.80159,157.58734,7.0659175,115.23819,58.316658,107.417915,0.02525284401678503,1.0,0.3012729,0,0
770.86755,262.56323,840.6328,215.56256,807.1605,334.59183,877.2292,277.5748,744.52234,272.8241,751.71356,293.17,762.84827,314.53934,775.27277,323.15897,764.93646,315.91373,829.2617,303.9371,-59.330902,216.06972,-63.862373,162.72589,-62.07574,103.65687,-47.282215,68.868385,-59.520718,97.94197,71.5797,24.590256,0.024851531946810758,1.0,0.3012729,0,0
766.1637,268.9365,834.72626,222.16693,802.15295,340.4468,870.6867,283.87012,755.95013,259.09412,764.3061,282.4307,776.61816,304.04095,788.41656,311.8843,821.31934,304.0899,837.0113,291.87308,-10.363376,237.25517,-16.679169,173.47441,-13.680394,109.881775,1.2089951,76.15852,73.05427,40.35353,118.466606,39.854477,0.02491616014184528,1.0,7.7101002,1,1
765.57306,267.78894,833.2688,222.77338,800.7626,341.09872,869.1559,284.60956,757.7917,260.55466,764.90546,283.73404,776.17053,306.77667,788.1408,315.1263,820.7494,306.37552,835.9062,292.6553,-8.665321,227.8107,-16.286247,166.18964,-15.514373,101.94208,-0.2946653,67.67314,72.10072,34.97884,118.22432,38.375095,0.028724480792328515,1.0,7.7101002,0,1
763.76,270.28812,832.25824,222.90645,800.01556,340.91867,868.20355,284.65115,712.6457,240.47737,732.0369,249.47876,754.0135,259.68677,766.0751,264.04123,798.35,274.43555,814.4042,275.34534,-70.10549,342.98172,-41.29841,294.0483,-8.474079,238.26524,10.901615,210.2797,64.68127,137.30289,96.616196,109.65114,0.0020283745285192664,0.0,7.7101002,1,1
760.55066,276.115,828.22485,228.53815,796.39954,346.10745,864.4306,290.20102,735.4328,239.60455,743.8977,260.17157,756.3171,278.3197,767.273,287.94833,804.87964,285.19064,823.89307,275.76093,-13.155368,323.2063,-17.09658,261.80643,-10.6658125,201.70284,1.3095446,163.62636,80.18835,109.767494,130.84225,99.032326,0.018323890416596145,1.0,2.681684,1,1
756.9069,271.28867,825.6656,225.53381,794.7319,343.3735,861.4909,287.08716,732.4537,244.10258,739.3936,266.2974,750.63696,289.1891,762.77594,298.72516,795.4604,291.73254,809.8269,279.27444,-19.509262,293.8435,-28.016846,235.30783,-29.04631,171.29153,-15.832846,134.38069,53.73285,99.61759,96.827225,103.20013,0.028415279452272436,1.0,65.1465836,2,2
758.4539,271.41162,826.6317,224.34747,795.6048,342.49478,862.7066,285.7513,733.8049,242.23773,745.07715,263.36285,758.83765,285.3996,771.4131,293.9527,797.949,289.32697,811.1496,278.35834,-18.403795,301.36557,-17.69766,237.39374,-13.194694,169.56296,2.2454848,132.72943,58.898403,100.99408,98.08992,102.90065,0.023131845780597092,1.0,1.140576,0,0
760.9653,284.98135,829.4343,238.42136,799.1536,356.2646,865.86475,299.51648,740.1882,267.93866,748.62756,288.34238,760.27826,308.49963,771.31866,316.6989,807.8504,307.1789,822.9155,296.28128,-22.136322,267.0032,-26.472717,210.649,-24.588598,151.75404,-12.294911,118.81878,67.652214,81.7565,110.94253,80.07315,0.023189452866739846,1.0,289.855072,2,2
760.2965,286.11185,828.356,239.14778,798.2106,357.18024,865.3179,300.39517,747.04285,270.82355,751.8515,291.56586,760.94934,314.0776,772.7174,323.28976,808.1986,311.09207,821.70496,297.1429,-9.893542,253.24333,-21.608906,200.79788,-26.663208,140.37305,-13.832786,104.15353,67.11403,73.52179,110.633255,80.5248,0.03314652068947534,1.0,273.9725952,4,4
759.50305,286.35245,827.4493,239.44778,797.2274,357.40842,864.16327,301.21527,743.76965,270.47083,749.9265,291.7482,759.18665,313.30444,770.99603,321.93607,807.00195,309.82425,821.134,296.81912,-14.250319,257.9786,-23.853165,202.58801,-27.608385,143.9407,-13.960316,108.78598,68.709564,77.43842,112.68696,81.65651,0.02997002689695823,1.0,100.0,3,3
759.2564,286.76132,826.4583,239.90872,796.34937,357.3237,862.875,301.52322,732.9388,268.40677,744.855,287.08978,758.79974,304.31616,769.9072,311.4497,805.4486,305.42105,819.7579,296.56335,-32.956203,279.95016,-28.48698,220.91559,-18.770401,163.1937,-4.5105457,131.42458,72.65488,88.08944,112.66629,83.415474,0.016762506860647022,1.0,68.9655151,2,2
759.832,286.27637,825.46716,239.27777,795.54297,357.0478,862.171,300.54282,717.15173,259.58258,735.3289,269.83127,755.25507,277.5474,768.6823,283.70715,799.34644,291.55008,815.1194,294.36102,-60.64869,329.18686,-33.48449,276.3272,-0.35570064,226.9364,20.91023,191.56119,76.220695,124.551926,106.267075,92.48668,0.0022275156604860493,0.0,64.9350662,2,2
738.58325,299.03156,804.1588,251.74554,775.5427,369.0703,840.0751,312.81116,699.0798,286.66476,709.4192,305.81754,723.8106,326.39883,736.8336,334.26862,768.15784,332.14255,786.98724,323.9039,-64.77527,286.9384,-63.553623,229.95222,-56.114506,165.21568,-39.12868,129.20203,23.851568,83.7589,71.092155,69.49203,0.016566311751068184,1.0,102.5641022,3,3
739.32983,298.01617,804.9363,250.66994,775.9219,368.19873,840.7716,311.83807,698.06366,285.6802,710.63916,303.73328,727.3035,322.18356,738.6635,328.865,769.94855,327.3457,788.46436,322.54797,-68.77884,290.0423,-61.906406,231.72206,-47.768936,167.46953,-32.51634,136.16785,30.434198,89.42871,73.461365,68.70227,0.012895259779302615,0.0,33.3333321,1,1
740.95917,296.93588,805.36316,250.25128,777.1154,367.07434,842.1319,310.8098,691.207,277.8833,707.9135,288.51376,727.6775,298.92337,739.2919,304.40344,768.1421,315.3464,784.9098,319.47543,-82.1644,322.26752,-58.76785,271.46127,-29.195045,216.80855,-11.245633,186.24529,36.082043,116.19892,66.13721,80.03485,0.0023600962298891,0.0,32.3624611,1,1
764.12384,285.78955,830.1417,237.70828,801.47894,355.36252,866.82996,298.45285,735.34894,255.3619,742.2865,276.54028,752.8478,299.4263,765.3273,309.22357,798.2069,304.37967,814.1242,293.5179,-24.929705,312.93457,-33.218357,254.30592,-36.00004,188.48668,-21.975714,148.51767,47.756348,105.676315,92.84768,101.98074,0.02630752894985444,1.0,54.7945213,1,1
764.3555,284.2707,830.42975,236.80775,802.3045,354.31085,867.44183,297.34943,740.6842,255.69936,746.17755,277.9731,756.0884,300.9985,767.78687,311.39624,800.08795,304.8302,815.8407,292.3509,-16.308813,299.98404,-28.787544,241.57747,-33.17239,177.24547,-21.49469,137.79398,48.347282,99.86873,95.00124,99.86692,0.030877028101952034,1.0,54.7945213,1,1
764.7572,284.05368,831.08545,235.57085,802.38715,353.1873,867.8009,296.3035,736.4143,251.73114,746.3633,273.81046,758.5596,295.08392,767.5871,300.72452,801.2526,299.66898,815.8493,291.1545,-21.38119,316.10754,-25.108599,251.06638,-23.593884,186.16692,-12.0777,160.10867,55.391743,107.90836,95.14523,101.451454,0.02253140843534842,1.0,7.160759,0,1
767.0947,283.15933,832.462,233.52864,804.7114,351.52783,869.4147,293.85403,691.3856,233.28984,703.07715,241.2797,722.9026,252.39528,736.39624,259.37857,765.3405,271.2266,782.43604,277.42868,-95.839516,432.5661,-81.26686,395.81476,-54.104572,339.25812,-34.984875,302.04916,9.603999,228.89108,37.056297,187.06322,0.0020078018330289835,0.0,7.160759,1,1
760.3123,283.98676,825.8171,235.55168,798.1139,353.87305,862.70056,296.40335,733.3843,239.89052,741.281,261.78543,752.6503,283.24155,763.26825,292.89923,799.12274,293.89905,816.3272,286.21017,-6.247271,341.11642,-14.005804,278.5399,-14.262181,213.67429,-3.653085,176.39732,67.064186,115.95873,112.14161,103.06479,0.02191473288797912,1.0,27.3972607,1,1
759.4272,283.1592,825.5177,235.68294,797.7876,354.21793,862.87994,296.36786,727.0164,234.3051,739.2328,253.96065,755.32837,277.20496,764.9686,281.5575,798.7233,288.1217,816.73376,286.38956,-12.172363,360.0606,-8.803877,295.5486,-1.729111,219.1454,12.549621,194.87106,73.027306,127.15184,112.62201,100.96505,0.013243767204309023,0.0,27.3972607,1,1
756.4149,285.09747,819.7668,234.77466,791.94995,354.25467,857.127,295.41544,732.65625,234.3385,740.56104,257.01364,752.55475,279.0437,763.6553,288.11102,798.08124,287.05823,816.72614,278.16995,5.138704,362.7306,-3.0677114,292.59995,-1.5766053,220.26462,11.866323,180.69691,85.30541,122.29804,135.79128,107.962326,0.021745953246786933,1.0,0.1808514,0,0
752.5366,285.15747,819.03723,234.34882,791.0273,354.16,856.35626,295.3982,737.6042,237.85081,741.7502,260.1824,749.9224,282.73062,761.6373,293.559,798.598,289.8442,817.225,278.1142,22.81234,328.07596,6.151929,271.1725,-2.428304,209.33644,8.483673,167.67421,85.75609,113.776436,138.57736,106.24304,0.027804828716044484,1.0,0.1808514,0,0
752.87335,284.57794,818.3095,234.02373,790.1994,353.6602,855.862,294.65244,737.2614,237.54765,741.7385,259.80908,750.02216,282.36722,761.3171,292.74435,798.0739,289.2315,816.18085,277.7969,20.295183,333.1777,4.554432,273.56815,-3.2888417,209.53406,7.9543333,168.45903,85.86239,113.37771,137.4408,105.91845,0.028223146824197385,1.0,0.1808514,0,0
754.05786,284.11603,817.5038,233.70241,789.5629,352.90298,854.6983,294.5259,731.8792,235.42194,740.0609,257.98013,751.183,278.41037,762.0421,287.26688,797.05005,286.44626,815.15765,277.01392,6.506168,353.89777,-1.0886846,284.39044,0.1476256,217.72311,13.271783,179.10732,87.76041,119.219795,137.79724,107.04487,0.021946195658512625,1.0,0.1808514,0,0
740.8318,279.3343,808.04846,230.09988,779.41907,349.57394,844.0137,290.73624,719.2472,205.68712,724.3258,227.47746,733.8141,250.45857,745.94727,261.44666,780.86584,261.4219,802.27155,255.26152,37.425793,397.64847,23.351217,338.85828,17.00091,272.84705,28.745712,230.31172,99.39448,174.65971,153.15569,152.16145,0.02238296525789112,1.0,0.1808514,0,0
737.06726,278.74014,803.22797,229.97865,775.5404,349.87964,840.5583,290.29813,737.21844,224.46103,743.3145,248.12323,754.1035,271.99255,765.6711,281.95197,797.21,277.58347,812.2266,267.76593,60.727383,323.42563,45.74068,257.762,40.598797,187.37894,52.55582,147.38835,122.6106,103.5685,167.81433,98.234055,0.029969145685826492,1.0,0.1808514,0,0
737.0055,279.89633,803.3236,230.42487,775.9549,350.16577,840.5149,291.31372,740.12164,227.1743,747.4316,252.3203,758.71014,275.80655,770.1003,285.4581,799.12634,278.91248,813.0495,268.19504,65.55022,312.00583,51.03237,243.0868,46.843433,174.07185,58.597675,135.24211,126.209526,99.84172,170.18379,98.198875,0.03187424213080132,1.0,0.1808514,0,0
737.14984,279.6848,803.54224,229.94481,776.1112,349.74918,841.07385,290.57715,737.60144,225.32733,746.60736,249.58617,759.8834,271.36945,770.2976,279.3799,798.4264,277.0899,812.4513,268.18924,62.202618,320.77744,52.060223,250.43541,53.632175,181.15733,65.26324,147.0164,125.85235,104.16218,167.40485,98.49814,0.02572561520734467,1.0,0.1808514,0,0
741.3493,276.88623,806.5088,227.58963,779.2579,347.61407,844.32495,287.5451,752.00433,247.71513,757.13715,270.47476,765.5278,293.65454,777.56323,304.76468,810.1946,301.7863,828.9417,291.3835,53.90357,247.53308,38.349426,187.87889,29.545635,125.11272,41.072903,82.78751,109.666626,32.93882,161.74509,20.271837,0.028717321920085144,1.0,0.1808514,0,0
739.9331,276.10306,805.1308,227.17389,778.32294,347.03372,843.6234,286.83038,749.61584,246.12671,755.9518,268.8777,765.7072,291.88992,777.6776,301.9767,808.7597,300.2322,827.8755,290.6039,53.071747,251.42963,39.66582,189.44695,33.398033,124.721954,45.696564,84.671074,109.52598,35.465805,161.24477,20.84431,0.02618992187661696,1.0,0.1808514,0,0
750.4896,270.63202,814.79047,220.90508,788.20105,339.66238,852.99646,280.49948,760.0956,256.5148,765.438,277.76178,774.85,299.72473,785.2735,309.79166,819.4579,311.73743,840.73425,304.03995,35.32398,214.86304,22.016296,159.44215,16.490917,98.29182,25.882097,60.895504,90.93647,-1.1636696,143.29858,-23.786798,0.02346900255223104,1.0,0.1808514,0,0
750.91833,269.64963,815.97675,219.85672,789.1414,338.7667,853.4037,279.72232,760.7704,254.97575,765.0567,276.28418,772.67456,297.44415,783.49524,308.59082,819.56854,310.4996,841.36896,303.0089,35.89303,215.60399,20.480816,162.61003,12.264711,106.523674,21.095942,66.37579,89.81512,0.5949171,143.55469,-23.952595,0.023907347271154292,1.0,0.1808514,0,0
747.88043,269.42953,812.82086,219.37593,786.56104,338.1903,850.4806,279.11725,735.54144,271.2519,744.3636,293.99368,757.69073,315.2041,769.0271,324.03915,798.90393,321.80334,813.2826,312.93283,-25.718037,216.19206,-32.75802,154.80403,-29.716198,91.17653,-17.81168,55.613014,40.96602,9.316884,79.21825,1.0710628,0.023505914340605363,1.0,0.1808514,0,0
748.0546,268.6974,813.03064,218.67903,785.935,339.33746,850.33514,278.56448,746.6925,277.92383,754.50024,301.9276,765.39655,325.09918,779.708,334.3108,802.677,325.59036,813.3623,312.32547,-12.135197,182.78313,-21.347418,121.53302,-23.716894,59.65679,-6.4783754,19.308971,45.35834,-3.7261724,80.69321,2.09927,0.03701952822305943,1.0,0.1808514,0,0
748.69305,266.99268,812.37537,217.8064,788.2668,336.31406,849.83856,277.49985,749.88184,279.15167,757.079,304.50128,767.853,328.5292,780.14276,337.29868,803.3444,325.5748,813.0893,312.5387,-11.03971,173.05746,-24.48038,111.261055,-29.526468,48.482452,-16.075602,12.05147,40.518227,-6.725827,75.024704,0.12123416,0.04378099811026789,1.0,0.1808514,0,0
746.6796,267.24387,811.5806,217.92355,786.54846,337.97757,849.2583,277.17404,743.7836,277.7357,751.6587,301.06134,764.4005,326.22943,780.8738,334.4817,800.9455,324.23965,812.5468,311.61615,-16.377462,182.9909,-25.612408,124.53057,-27.698826,57.36241,-6.6394353,15.608965,40.928642,-0.3962232,77.58676,2.119784,0.03434304146808184,1.0,0.1808514,0,0
741.1861,266.74823,805.34894,217.27013,780.3058,335.32114,842.43866,276.50125,734.4497,283.04822,737.238,305.2154,743.0593,328.55432,753.7115,339.10828,790.3841,339.1108,808.4748,329.57443,-30.31214,177.12935,-47.949837,128.5352,-60.66613,74.786385,-52.138634,37.979855,14.78141,-24.37534,60.192936,-39.213863,0.03159361307726833,1.0,0.1808514,0,0
739.9056,266.59482,803.89557,217.66246,780.4875,335.5223,841.0117,275.97125,733.8125,279.20798,734.12726,297.91467,739.75964,319.2215,749.7683,330.0084,790.27026,333.7857,808.32367,329.59802,-24.846598,183.882,-43.595905,146.6059,-55.06371,97.580826,-48.53413,61.787018,19.857178,-14.187548,59.019447,-39.576824,0.02562183379560405,1.0,0.1808514,0,0
731.77026,277.80298,795.6917,228.60355,770.43207,345.41693,832.95154,287.3084,707.4568,284.98438,713.84296,306.71674,724.5608,330.83072,734.12225,339.00818,767.9007,337.78357,785.3763,326.91528,-54.29091,224.13882,-64.65059,168.92828,-69.20829,104.06845,-60.09175,72.90319,3.45793,18.575878,49.287712,8.783379,0.027326583930277912,1.0,0.1808514,0,0
732.57056,278.16757,796.61646,229.35529,770.69275,345.5892,833.4216,288.47736,711.5158,287.6464,715.49536,310.35638,724.275,334.15558,736.2214,344.49945,767.9342,340.66876,786.5379,327.06903,-51.056232,213.8382,-66.88644,160.36864,-74.49657,99.05492,-63.006382,59.793587,0.045047298,14.024167,51.506638,7.927071,0.031076184522016555,1.0,0.1808514,0,0
733.68427,278.99023,797.43146,230.2444,772.1203,346.615,834.44073,289.01706,707.226,289.05383,713.5494,309.406,723.8832,332.17178,734.9211,341.25067,769.00214,338.98053,786.97906,328.1803,-61.579086,221.24356,-70.44853,169.1333,-74.171425,107.579384,-63.185474,72.33057,2.3187737,19.643057,49.285168,8.996257,0.025175223145438436,1.0,0.1808514,0,0
737.084,279.90622,801.2565,231.2125,775.10767,348.11,838.23865,289.5472,697.107,274.10828,702.98694,293.9516,713.9127,317.47012,726.0533,326.1066,758.5381,322.29373,778.35675,311.88202,-70.51771,276.8735,-78.943146,224.68759,-81.45605,159.09616,-67.82094,122.68183,-4.121613,76.86522,45.567524,63.630264,0.023492344813089944,1.0,0.1808514,0,0
743.6774,277.82867,808.4297,228.7712,782.46533,345.914,846.0588,287.84097,704.76276,257.98868,711.57904,279.22968,722.0463,303.2836,734.1688,312.8303,763.374,303.6542,777.9046,291.2988,-53.516376,305.52698,-62.60713,248.14665,-67.50813,181.3001,-54.906803,142.78691,9.56534,113.6692,52.160286,114.56025,0.03183090854673137,1.0,0.1808514,0,0
744.2063,277.5877,809.21094,228.71059,782.9045,345.31122,846.3238,287.40674,707.9168,258.71637,715.08185,280.1001,726.1719,305.10916,738.1448,314.0942,764.54785,304.59818,776.5806,292.18176,-48.949387,298.7137,-57.651997,240.75575,-62.57214,171.16428,-49.873005,134.0449,9.362017,110.06119,46.88983,115.35104,0.035673160869542676,1.0,0.1808514,0,0
743.7943,277.74564,809.2404,228.18541,782.80206,346.37747,846.4144,287.58163,703.06757,256.70618,712.81085,277.0383,727.30347,299.62814,737.1596,305.97034,765.13684,300.1759,777.5254,291.65634,-54.47466,308.87854,-57.139786,250.05222,-53.417053,180.77353,-41.922718,152.4629,16.33726,118.68931,50.030437,115.28607,0.02446748250481916,1.0,0.1808514,0,0
748.0507,279.54486,813.6981,230.22794,787.4221,348.24527,851.429,289.61212,717.0871,249.65802,725.90497,271.5038,737.1566,293.61234,748.962,302.3595,778.9928,300.7148,796.6572,293.1147,-26.653547,313.91525,-33.21987,252.0094,-35.37075,187.78564,-22.686703,151.23482,35.949085,105.55545,79.76301,91.13782,0.022695572165744908,1.0,125.0,1,1
749.6097,278.43353,814.8958,229.72037,788.4395,348.047,852.6004,289.01233,726.49274,251.65678,734.02563,274.78583,742.9901,299.38345,754.6318,309.33755,783.8307,304.12103,799.46106,291.85315,-16.040636,295.8632,-25.966497,232.51122,-34.281727,166.70065,-22.798496,128.18146,38.156784,90.88935,83.46605,89.256294,0.03287818830638388,1.0,125.0,2,1
751.0443,278.06738,816.00555,229.20393,790.06494,347.28735,853.7061,288.3682,726.9998,250.72699,736.0199,273.6495,746.5639,299.10638,758.523,307.36337,785.4996,303.6289,800.26245,291.32428,-16.908535,298.46854,-24.051697,233.38022,-30.675035,163.29446,-16.94937,127.511086,38.527924,90.50785,82.345406,90.245995,0.030534364804934974,1.0,20.9863586,0,1
751.06415,278.75394,816.6458,229.28894,790.75116,347.20288,854.6302,288.7904,718.561,248.30931,730.8495,268.98096,745.95703,288.19287,757.01965,295.88205,784.7062,298.01382,799.58105,292.6118,-28.557497,317.18713,-27.634274,252.69843,-19.92554,188.33257,-7.489391,154.83612,43.127903,105.02664,79.009796,90.81347,0.016295680060962017,1.0,20.9863586,1,1
751.2771,273.8162,815.8013,224.85405,789.7408,342.91156,853.3988,284.02713,734.211,251.78491,744.36633,272.96378,757.19037,294.3734,769.07654,303.2235,798.7312,301.82593,814.23456,293.28046,-9.53366,276.36987,-12.542647,213.06367,-10.597852,147.22832,2.7316966,109.802025,62.225853,62.51952,103.94832,52.55181,0.021285688092937252,1.0,54.9450531,2,2
749.5581,274.4738,814.18677,224.41849,788.5679,342.12375,851.91626,283.35526,723.11304,241.01344,738.81085,254.33176,755.0155,265.25705,767.9339,273.4379,795.0608,285.14923,809.5197,290.74292,-14.080159,317.15723,1.7022841,261.61212,21.126642,210.7942,37.214504,171.451,77.64142,100.06233,100.1989,62.97992,0.0034581086246115193,0.0,43.47826,2,2
749.32916,273.99832,813.4093,224.22102,787.8467,342.36182,851.5245,283.3363,707.1136,238.29602,724.31287,250.42609,742.8553,262.23773,757.86755,269.60196,786.97784,282.5959,801.55994,286.38046,-44.345787,350.1615,-23.438,293.84006,0.30311,236.50679,21.916393,195.13898,65.32923,117.66248,90.45202,84.36122,0.00259812632014018,0.0,43.47826,1,1
740.7182,279.3989,805.17053,231.07951,779.8892,347.5666,842.4352,289.81937,719.08844,243.7345,727.9811,265.97797,738.7356,285.6037,751.7394,297.01486,782.76337,291.7878,796.0373,283.19193,-2.2478366,313.37543,-9.771128,249.3287,-10.651412,189.99522,1.722032,145.22633,69.0979,104.05626,107.38982,98.96968,0.025217625277127082,1.0,51.1508942,2,2
742.62354,279.1949,805.72565,230.62463,780.0023,347.47583,842.64886,289.04968,719.3877,243.4228,729.6244,265.7,741.8044,284.43408,753.9311,294.6371,783.3893,291.234,797.04266,282.85098,-7.5609465,321.0059,-11.364643,251.85887,-7.350935,189.98834,5.6611896,147.81256,69.33502,104.018906,108.41903,97.355705,0.022520010381332722,1.0,47.393364,1,1
742.3737,278.73798,806.677,230.05302,780.7417,346.74817,843.66095,288.51538,712.71375,238.01117,726.0157,255.04025,740.1437,275.32217,747.5133,276.03445,785.8218,281.5645,798.4397,281.18268,-13.367271,339.96286,-5.9202557,279.1631,-0.5926286,211.05728,13.097384,197.41464,84.17235,120.425674,111.12725,98.953735,0.012555805345923134,0.0,29.4117641,1,1
751.1315,262.6541,813.9076,214.08336,788.4404,330.43213,851.1738,272.31458,723.0847,211.86354,728.11304,235.82307,737.67487,259.00864,748.2512,268.23828,778.6148,265.58353,796.3316,254.73444,-0.18868835,367.8336,-17.06693,300.48544,-23.126879,230.89084,-11.955962,192.66888,52.96631,146.10948,103.867584,138.31525,0.031119728391523736,1.0,0.3049152,0,0
752.3098,261.6689,814.12195,213.56126,788.6867,329.8287,851.68274,271.45535,722.76587,210.28833,728.1072,232.91205,738.67303,256.79092,748.6542,264.49677,779.0976,264.12146,796.7729,253.6402,-4.7105684,378.3991,-19.039778,310.58148,-23.003036,234.90044,-10.687789,200.03867,53.315067,147.31177,104.21566,138.60432,0.02915896663212353,1.0,0.3049152,0,0
756.2179,251.90573,819.1586,202.40979,794.3453,318.4618,856.7368,259.97784,728.9127,197.67767,738.44653,219.78679,750.1866,240.36357,760.05457,248.8043,790.23474,249.64624,806.81555,242.78088,7.845262,373.8614,1.283655,303.6541,1.1657178,235.98163,11.219453,200.18549,71.731575,145.23724,115.445335,130.19815,0.022220324855061778,1.0,0.3049152,0,0
758.76666,256.32544,820.5275,201.25105,795.8089,317.51117,857.9267,258.71634,740.51416,200.20154,746.2763,224.3152,755.06036,248.30885,765.9284,257.12033,794.87805,253.65282,808.2661,241.64893,32.816135,362.5625,14.199186,295.69107,2.3363106,224.8124,13.559266,184.31738,76.94191,135.20743,119.987305,134.84955,0.038127843317987554,1.0,0.3049152,0,0
759.1543,250.20691,822.1238,200.55481,797.05927,316.69296,859.56055,258.11615,744.81647,200.5244,751.67017,224.55205,760.27386,247.29605,772.7929,258.75037,798.1387,253.95705,809.56213,241.03476,29.284472,340.61688,14.5852995,270.96622,5.552501,204.4622,17.406271,157.81073,74.59309,123.10864,115.11296,130.3358,0.04071748522257368,1.0,0.3049152,0,0
760.2617,250.27469,823.21533,200.39088,798.1503,316.7931,860.33435,258.38452,739.592,198.98872,748.87067,220.88962,761.8939,240.78891,772.3263,250.02954,798.46326,248.52226,810.95215,240.92253,17.771524,353.72562,10.915882,285.64264,14.163361,218.01138,24.474573,179.60037,79.97623,136.46014,116.13236,130.23584,0.025069686069254624,1.0,0.3049152,0,0
756.2435,258.0143,819.10144,209.29033,794.4362,325.1123,856.6537,266.8482,743.21497,205.24606,749.85254,228.23592,759.4027,249.44257,769.81067,259.8037,802.5066,259.63156,820.7117,252.28206,35.88679,345.9935,21.723303,278.6409,16.19899,213.57997,25.12712,172.88084,92.68889,115.68364,141.39435,98.35778,0.025782143996121755,1.0,0.3049152,0,0
756.9491,260.51376,818.69586,210.34114,793.1423,326.7828,855.50977,267.62183,753.2866,207.97166,753.9415,230.64218,758.27344,254.88611,769.7742,267.59183,800.9888,264.9393,819.705,252.7112,54.9297,332.27637,28.36642,274.79984,9.109691,210.23721,18.34713,161.08893,86.47889,109.284485,142.3575,100.381035,0.037541514347218925,1.0,0.3049152,0,0
755.0294,261.16364,818.69037,211.18227,793.1338,327.43262,855.409,268.3947,756.6634,209.52397,757.5473,233.41476,761.58264,257.1153,772.14075,269.21344,800.6013,266.6735,819.56824,253.49162,64.72845,316.36142,37.148335,257.95758,17.436598,197.59196,24.364162,153.10464,84.74407,107.7196,141.91989,101.02393,0.04160389724935195,1.0,0.3049152,0,0
755.56055,261.35245,819.19885,212.29967,793.81586,328.6016,856.127,269.837,755.3308,209.64966,762.2685,232.10916,773.6992,256.61,784.9782,266.3903,805.0057,266.77557,820.20294,255.33041,60.724823,320.1815,47.482727,254.51118,41.490547,179.51987,52.69797,138.76906,93.39027,102.36885,140.75203,99.16353,0.03466974006197246,1.0,0.3049152,0,0
756.4644,257.2662,819.19495,208.4953,794.7396,324.21097,856.0372,265.4843,759.0531,212.44247,764.7346,235.93327,772.7744,257.7195,783.9914,268.0501,814.77704,266.90372,832.21423,257.54404,58.85514,298.9347,41.602554,233.56203,31.941439,171.04286,42.33595,129.32832,107.4022,76.11402,157.87009,63.08664,0.03045081661034488,1.0,0.3049152,0,0
756.5103,255.88176,818.95325,207.60255,794.76184,323.00037,856.2887,264.2369,763.66327,212.75694,768.14246,235.33534,775.1518,259.25613,786.08527,270.02966,815.25745,267.75415,832.30096,256.55054,67.064415,288.3019,47.93509,226.36539,33.38543,160.52658,42.664833,118.418755,105.61041,70.63982,157.61754,62.333763,0.0366706138628381,1.0,0.3049152,0,0
755.90405,255.20943,818.97,206.66615,794.24475,321.93756,856.43695,263.2974,759.95514,210.29555,768.4353,233.02443,779.5655,255.55493,791.4816,265.9987,816.96924,264.45703,832.49915,255.32246,62.517406,298.1778,51.61524,228.72398,46.845963,158.43141,58.328846,114.97155,112.89515,72.21365,158.64218,62.630188,0.027805138486367086,1.0,0.3049152,0,0
752.1415,255.01044,813.75854,205.00076,790.0566,320.23447,850.7309,261.406,734.115,212.39417,743.78296,233.2011,755.67255,250.50075,768.6242,259.8216,797.8986,261.7261,818.61584,254.67055,13.985482,330.28778,8.790861,263.89005,12.364668,203.62689,27.430826,159.97534,85.25196,101.93057,138.76808,77.49113,0.0169519507751371,1.0,2.0586722,1,1
753.0844,258.12186,814.5427,208.77795,791.09326,323.4335,851.42035,264.96182,724.7897,218.17041,733.18225,239.57597,744.40314,258.92136,754.2976,267.86038,786.1204,269.45193,803.0802,262.65457,-10.361461,341.5692,-18.338028,276.44086,-18.132277,213.45357,-8.795969,176.73402,53.250652,116.15894,97.28836,99.06619,0.021944380056601688,1.0,180.1801758,2,2
752.3898,258.18298,813.7195,208.90027,789.95184,323.59415,850.64825,264.99628,725.7778,218.21959,733.04736,239.3089,743.6465,259.32556,753.92224,268.99432,785.47723,270.15695,802.31177,263.11884,-7.6327844,340.60696,-17.328583,277.1427,-18.801447,212.94472,-9.299045,173.65584,53.037514,114.17066,97.10989,97.79988,0.023860121851249763,1.0,104.7120438,2,2
750.6706,259.32608,812.3981,209.6028,788.636,324.39618,849.14056,265.8285,718.49146,215.99226,729.936,235.1245,743.4847,253.72362,754.4365,261.706,783.1017,266.60345,800.7051,263.74054,-14.09033,356.10675,-13.322449,290.88974,-7.7952895,225.00693,4.723191,188.13536,56.783295,125.765526,97.109726,99.05794,0.014838648324241348,0.0,48.0769234,1,1
749.4375,258.81348,811.13214,209.82634,787.93225,324.56284,848.1319,266.45413,703.79895,207.62125,720.2818,219.54742,737.9506,232.36278,750.4187,239.18254,780.28357,254.66556,794.3958,260.50107,-31.923565,395.17014,-12.544577,339.10565,8.121843,279.1368,25.368269,241.99829,67.96143,154.47853,90.1516,116.02784,0.002271304520600175,0.0,32.5732918,1,1
747.8425,260.59384,808.86304,211.14557,785.31433,325.45898,845.82666,267.43097,656.73615,206.2868,669.87573,212.74211,689.21497,224.83023,701.68005,230.13478,730.1616,243.22403,746.30426,249.58513,-123.05741,487.8323,-103.629166,449.31287,-77.90237,386.3056,-58.64746,351.92587,-15.701329,270.97064,9.913292,227.47617,0.0012711122361363635,0.0,14.1242933,1,1
746.0861,261.1869,806.99274,211.59033,783.64905,326.72125,843.6553,268.75543,713.4747,217.07037,719.3952,237.96353,729.824,260.75406,740.2532,269.60318,769.712,265.37958,785.46497,255.01474,-15.339888,358.56934,-27.482197,298.9355,-32.29487,229.54668,-21.422495,192.10359,43.629753,148.39131,90.121346,141.74287,0.030252715395841442,1.0,0.5722297,0,0
745.28174,261.11926,806.94025,210.84532,783.5237,325.7629,843.36096,268.48032,720.05225,217.4512,727.2234,239.296,737.0506,261.89615,747.57007,270.9125,774.8004,265.38126,785.8814,253.61266,1.2305461,340.52853,-10.351158,278.86423,-17.26117,212.6497,-6.960289,175.1534,54.91805,138.15126,93.317215,143.08466,0.037174022511365284,1.0,0.5722297,0,0
746.09454,263.34393,806.23627,211.11836,782.5826,325.94177,842.72473,268.21515,718.47266,216.98962,729.8715,239.87196,742.7305,259.31122,752.5204,267.884,775.37665,263.50055,784.90393,254.32864,-1.2902625,359.22757,-5.366677,283.79218,-2.1158597,215.33865,7.8612146,177.76286,61.30654,143.2364,93.44926,144.69444,0.028391244278086217,1.0,0.5722297,0,0
746.18085,260.0634,808.3404,210.97212,784.7596,325.53983,845.4552,267.55112,738.49115,219.94421,745.95465,241.11136,754.73535,261.22723,767.7032,271.8175,797.6394,270.1515,815.1391,258.86343,32.80579,304.9413,22.076313,242.63573,15.615638,182.64122,28.891167,137.14818,92.26276,86.427795,145.00711,77.55879,0.025966979365962352,1.0,0.5722297,0,0
746.18024,259.5433,809.42413,210.66356,785.5912,325.37985,845.9496,267.29688,748.83344,222.03027,752.3596,245.90106,760.05225,268.2009,771.2036,278.8222,801.72797,272.37418,816.43756,259.2716,50.18748,279.455,28.020378,219.41248,16.690905,158.27377,25.886305,116.88425,95.466965,75.33378,144.78502,75.47949,0.03934476897301067,1.0,0.5722297,0,0
747.7475,259.8534,809.9801,210.3585,786.61084,325.26654,847.0826,266.4493,751.5227,221.30444,754.9287,244.12398,762.55945,269.19693,773.6788,278.4733,802.4374,272.62537,816.74115,258.66602,54.635086,281.1462,33.00806,222.30376,18.061977,154.07558,28.936546,114.868034,94.438896,74.24424,143.83118,76.51065,0.04288654811827006,1.0,0.5722297,0,0
748.88855,260.2581,810.81744,210.3735,787.19525,326.08618,847.9035,267.2805,745.2074,218.91324,752.7182,240.79291,761.3907,262.59436,773.84735,271.56308,801.62317,269.76755,818.10266,258.9555,42.282333,300.57028,30.813877,236.42807,22.2243,172.9305,36.59552,131.59053,95.97788,84.36244,145.76859,75.91626,0.028859526297154783,1.0,0.5722297,0,0
750.1558,262.25568,811.3279,212.7533,788.24835,327.6142,848.85016,268.4402,748.65094,234.30975,755.9686,256.06668,768.0778,276.834,779.17395,285.9567,811.4295,282.1831,825.69006,273.7974,30.653059,266.82535,19.057837,203.32014,18.691072,136.27237,29.989912,97.15877,100.2804,44.8858,141.68666,34.649685,0.024862500571353096,1.0,0.5722297,0,0
750.74774,261.43195,812.03723,212.00847,788.95905,326.96838,849.30176,267.6485,757.23944,237.3056,761.31506,261.0351,771.1729,283.76874,781.83997,293.35883,811.2618,286.3219,826.3596,273.31738,42.35474,243.11655,21.614096,181.98488,14.4773035,115.90916,24.2746,77.148735,92.08134,36.59515,141.31778,33.924904,0.03625434397444785,1.0,0.5722297,0,0
751.814,260.11972,812.98425,211.1687,789.3519,325.93527,850.0627,266.91757,758.12744,236.70732,763.0123,259.8049,773.3465,282.89352,782.4658,290.30014,812.9037,285.092,827.0988,272.61017,41.068382,242.35753,23.082132,180.6208,16.905687,112.543304,26.473215,80.93099,94.62278,35.184807,141.26703,33.45308,0.03576796324484474,1.0,0.5722297,0,0
752.0221,258.8346,813.4378,209.70341,789.738,325.0867,850.69946,265.36853,753.6979,232.29622,763.7292,255.54294,777.0398,276.3497,786.71655,283.65903,814.38574,279.43826,827.28375,270.81525,34.880024,258.1775,27.46352,186.35477,29.788828,117.45835,40.53265,84.85565,102.117,42.05801,140.88118,34.91805,0.025537159527177253,1.0,0.5722297,0,0
748.6603,257.45996,812.0445,206.77577,788.0225,323.70627,849.65546,263.73236,734.5555,240.97473,741.4846,263.7112,751.28766,287.81183,762.6793,297.09378,792.8226,286.0508,804.73224,273.59946,-8.315672,259.87357,-20.587688,198.91536,-28.566586,132.7513,-17.63824,94.8356,52.06476,63.159943,91.16349,66.34312,0.03674547890530277,1.0,28.4495029,1,1
750.1028,258.05826,811.1571,207.53775,787.68744,324.81906,848.80695,264.73273,741.2891,244.85403,746.3725,268.7536,754.27466,293.51877,766.0805,302.9156,794.0485,289.7739,804.33923,274.5395,-2.8374996,245.29243,-19.498539,183.65005,-30.735313,118.60791,-17.941204,79.276695,51.914055,54.4228,91.605576,65.63696,0.04978736512651151,1.0,28.4495029,1,1
748.47015,258.6641,811.259,207.19125,788.1085,324.58334,849.13464,264.47925,736.77814,243.82573,741.77045,267.79782,748.2559,289.64,759.1723,299.4806,750.95044,292.0122,760.7199,287.9769,-5.3637104,252.02956,-23.11113,192.40724,-35.083153,136.9136,-25.711859,98.6743,-32.70412,127.5697,-10.11597,118.55203,0.1551102521758014,1.0,6.0477777,0,1
749.7524,257.5669,811.4965,207.68481,788.26917,324.12402,849.7412,264.58392,723.359,238.40816,732.6897,259.34412,743.2073,280.02078,754.10315,288.91327,787.9171,283.49387,804.2008,273.50168,-30.894436,289.27704,-35.7224,225.9056,-37.795734,163.71904,-26.525492,126.72957,45.621094,77.84193,90.98477,68.285774,0.023483141140403348,1.0,6.0477777,0,1
749.62726,258.3907,810.7079,207.41508,787.3089,323.6488,848.51874,264.36453,666.82275,218.6379,678.8951,225.49886,703.3523,239.9455,716.5334,245.36125,746.4886,255.93062,763.7536,259.5895,-123.30597,441.85315,-106.25034,403.56345,-72.633896,325.46768,-52.07434,289.26926,-3.4966805,211.14761,27.404589,171.42848,0.002566244178714171,0.0,6.0477777,1,1
755.5737,253.59366,818.1212,203.02972,794.351,319.7793,855.44434,259.71713,714.40216,232.5495,721.0306,253.00897,731.6301,276.00992,743.38824,284.71756,773.9183,280.1156,792.01154,268.71817,-55.754,316.41287,-64.863625,259.9364,-69.00654,193.68689,-56.521103,156.1869,5.353537,112.536575,54.024925,103.186424,0.026121333580910285,1.0,0.8211866,0,0
756.65906,253.80643,818.85297,203.19272,795.4855,319.86612,856.51886,259.69278,716.01044,232.438,723.1045,252.97473,733.64996,275.96716,745.6519,284.4363,775.57715,279.9975,793.17554,268.80817,-54.77668,317.44528,-63.206173,259.4949,-67.500114,192.881,-54.221966,155.19456,6.7503586,111.89551,54.400337,102.854546,0.02614781089954219,1.0,0.8211866,0,0
753.09625,255.80263,814.4104,206.12077,791.15466,321.65732,851.9098,262.22668,719.2018,243.22438,726.34076,263.1359,737.9462,286.85135,748.5406,295.2529,779.7837,293.72775,798.4706,284.77786,-53.059986,287.74173,-60.463898,230.7736,-63.08882,160.64912,-51.915344,125.37854,9.22907,73.31158,56.62178,57.035603,0.023740659219127335,1.0,0.8211866,0,0
750.1945,254.0396,811.19257,205.0138,787.997,319.7028,848.21405,260.83276,729.38617,248.1413,737.67,268.94125,748.9023,289.70187,760.5284,298.52045,791.5046,296.11227,808.06055,287.6201,-34.799187,249.7201,-41.27844,189.59879,-41.875187,126.93653,-29.195742,89.03668,33.398495,38.20908,76.93925,24.139675,0.022990113013071568,1.0,0.8211866,0,0
750.90955,253.63275,812.14355,204.45326,788.7188,318.89856,849.2178,260.08118,731.2045,248.19878,739.3502,269.04852,749.96985,290.55252,761.9233,299.89774,792.27734,296.39072,809.0402,287.0837,-32.987606,246.90475,-39.957535,186.75807,-42.6659,123.47322,-30.037802,83.89236,32.296364,36.27754,77.08515,23.4766,0.02451219902249428,1.0,2.2366362,1,1
749.95575,246.33061,811.1997,196.97197,787.6636,311.18936,847.94904,252.26466,727.2714,226.86397,734.82947,248.34615,745.95966,269.59286,757.6025,278.6021,787.7319,276.4129,804.77,268.81494,-22.888306,284.6352,-32.096024,222.31163,-33.84742,156.88919,-21.396324,117.62348,39.926807,67.36005,83.88712,50.836548,0.023808178405861184,1.0,2.2366362,1,1
752.76843,248.59367,809.8159,197.83566,787.2092,311.58096,846.6614,253.32866,726.8171,199.06439,736.12756,220.45956,748.1623,241.6906,758.9264,249.92319,789.6116,250.68445,807.87067,243.47125,2.6971931,379.16257,-2.9144752,302.94073,-1.8740642,225.64235,12.097979,184.31322,79.09707,120.087456,129.06682,98.77912,0.02064854940861202,1.0,2.1128249,1,1
746.3883,247.13431,807.2709,197.25505,784.6247,312.31454,844.20374,252.79091,723.2889,215.6416,728.3029,238.82889,736.7494,260.63364,747.5493,271.44043,777.08514,265.63278,792.5332,255.34486,-9.390453,312.7502,-26.146482,250.3961,-34.021896,188.04292,-25.235435,146.39946,39.318516,104.75021,83.88494,97.12639,0.03507213882255222,1.0,148.1481476,3,3
747.2885,247.28957,807.963,197.16794,786.01135,312.25473,845.44995,252.89168,725.786,215.45842,731.68024,238.43704,740.14966,260.06396,751.01697,271.1496,780.4413,265.6647,793.73755,255.20287,-5.14639,310.3709,-20.519487,247.24054,-28.711576,185.36066,-20.299034,142.99767,44.072308,100.631195,84.66971,97.28798,0.03669871114081785,1.0,39.370079,1,1
748.2019,247.80557,809.3478,197.81612,786.7464,312.41168,846.6764,253.18517,719.3167,213.40207,729.9597,235.63103,741.6127,254.98347,751.2845,261.92322,779.98694,261.80023,794.9591,254.54485,-16.892082,330.03485,-21.740765,259.4991,-21.193802,196.12746,-10.390024,164.09389,46.482533,112.04417,86.39714,99.17109,0.02236604573696615,1.0,7.3126144,0,1
749.7032,249.57878,811.16675,198.58989,789.0106,314.01648,848.5093,254.58188,667.6924,214.42445,681.5947,220.86702,701.12726,232.00766,710.5838,235.75632,745.92,247.86488,766.19104,235.7652,-114.874,415.48035,-96.30725,378.5875,-72.27394,321.6353,-58.769756,297.5717,-5.315831,210.37341,49.77402,200.29826,0.00563254597323795,0.0,7.3126144,1,1
756.49115,253.01273,817.50433,202.9077,794.8728,317.61887,854.6716,258.35507,727.30023,239.40991,735.6412,259.10828,746.61176,282.2182,758.48956,291.21918,788.2848,289.37195,804.779,280.94644,-41.681988,281.99228,-47.462444,223.63477,-51.77558,155.67885,-39.249386,116.500755,19.745453,66.269295,62.68917,52.25492,0.024082655036952894,1.0,0.1204007,0,0
757.4285,249.8925,818.71326,199.32782,796.34766,314.29578,855.89496,254.96083,736.13525,249.58064,745.0063,270.82608,756.58545,290.56644,767.6001,299.44617,799.01117,298.03635,815.6454,289.46378,-40.657715,238.07501,-47.495113,177.62846,-47.534225,117.374756,-36.908596,80.44752,23.875004,25.772936,67.008705,10.845711,0.02203216100235078,1.0,0.1204007,0,0
757.79486,249.8281,818.2336,198.74803,797.0913,312.6104,856.0173,254.34703,745.52875,251.35246,749.8666,274.38803,758.4879,298.85605,770.072,307.6484,801.9522,299.90695,815.6819,289.0173,-25.936455,218.90579,-44.861073,162.52701,-56.760212,97.680084,-45.199703,59.52217,24.854103,15.229444,65.9197,10.238139,0.03642115045370125,1.0,0.1204007,0,0
756.9865,249.46718,817.9246,198.62474,796.10864,313.45566,855.46106,254.33534,744.2407,252.36324,749.70844,274.8581,759.12646,298.82257,770.2578,307.46317,801.49115,300.24432,815.1709,289.14377,-28.19779,216.49399,-43.418354,159.63432,-52.40644,95.099686,-41.40711,58.55411,25.828852,14.889259,66.47667,10.31167,0.03464867050369119,1.0,0.1204007,0,0
754.1712,260.4373,814.23346,207.31093,791.2554,322.56183,851.4162,263.1587,750.9151,258.59393,760.2618,281.43683,770.7023,302.18613,780.30396,309.59042,812.0555,305.2425,826.18823,294.7022,-4.407235,210.4058,-12.947468,142.8766,-16.60303,79.79597,-6.3245726,46.487953,62.11486,-6.36624,104.18025,-13.288179,0.027333860032043612,1.0,0.1204007,0,0
753.85425,259.7937,813.1562,207.80324,790.48,323.61996,850.9084,263.58417,757.4226,260.40842,764.8553,286.48856,773.5775,310.33685,786.05145,318.38724,814.0447,309.31015,826.881,295.19775,6.714942,191.65578,-8.75768,121.31,-18.349,56.820015,-2.798817,18.066727,63.23942,-17.307735,106.76432,-14.983892,0.03831825437676175,1.0,0.1204007,0,0
753.3349,259.91483,813.03644,208.41925,789.4531,325.88824,850.2599,264.15527,759.76495,265.24136,765.2501,287.991,773.91974,313.0479,787.2842,321.52682,813.32153,311.12894,825.9301,296.3679,7.243103,175.86382,-6.910249,117.399185,-16.475113,52.091187,0.4205048,11.8551,62.658592,-17.459162,105.6628,-14.171395,0.041428786333770125,1.0,0.1204007,0,0
753.0368,264.14856,812.05566,209.915,789.66766,325.29642,849.39594,264.92532,753.3487,265.45807,760.67816,285.90314,770.7142,307.1672,783.5694,315.27933,811.0337,309.30457,824.3816,297.64517,-0.9747271,196.46573,-10.927375,137.37823,-16.120384,73.27325,-0.19309464,31.61881,61.790825,-11.039754,103.585594,-14.820141,0.02996015144808012,1.0,0.1204007,0,0
753.51337,258.24417,813.73236,208.18071,791.30695,322.9601,851.50415,263.49872,757.2848,249.63321,764.6181,272.2563,773.24335,294.4689,785.80396,304.38382,817.2585,297.3657,833.97144,284.69662,18.092918,212.32243,5.8511815,149.04828,-2.784435,87.43749,10.371641,44.994553,81.15526,-0.07646789,132.10225,-7.6132545,0.029258195005464546,1.0,0.1204007,0,0
754.14624,257.04785,814.13104,206.8691,791.5027,322.09192,851.39996,262.16028,760.92255,249.38116,765.1935,272.35434,773.59186,294.77084,785.1256,304.9112,818.45526,296.91043,834.8742,283.73804,23.07106,204.49791,4.5246906,146.30476,-4.340024,84.85138,6.7721586,43.85106,82.460594,-3.4120212,133.55177,-9.87717,0.03283880984363201,1.0,0.1204007,0,0
753.3758,256.62793,814.22455,206.24603,791.5354,321.50064,851.48206,261.67557,755.52527,245.77644,762.3699,267.1406,772.5857,288.3017,782.7189,297.9971,818.945,293.25308,834.9489,283.38663,17.221222,220.18944,5.5455384,160.92142,1.1195184,98.49947,9.635298,60.711903,87.07258,1.7266426,133.14279,-10.297737,0.026025737999740495,1.0,0.1204007,0,0
755.2073,243.247,816.5816,192.46988,793.75024,307.20514,854.7134,247.50645,770.13763,209.85757,776.0739,231.14148,785.11163,254.87306,796.2861,265.298,826.6244,262.3959,844.2056,252.70459,72.72796,248.8693,57.041866,188.30257,45.234394,119.56673,54.495842,76.971504,119.571976,25.085308,169.83257,10.335732,0.029733260514411677,1.0,0.1204007,0,0
756.5368,240.36455,817.7556,188.96284,794.8909,304.66064,856.0908,245.0158,777.8154,207.66307,781.89825,230.79263,790.1972,255.40778,800.87036,265.9116,829.33777,260.79272,844.3431,250.98483,85.41204,234.07336,63.431923,173.75272,49.157047,105.423744,57.483154,63.97779,121.74897,20.341442,166.44064,11.012012,0.039070412064156845,1.0,0.1204007,0,0
757.2615,238.38623,819.04443,187.50157,795.95496,302.9293,857.11285,242.19212,779.0841,203.14177,785.7961,226.19917,795.80975,250.3745,806.287,261.09842,832.7936,257.6208,846.7865,248.52786,88.84001,240.50871,72.07586,174.19939,61.387184,102.92099,68.730095,61.13894,126.66407,17.225273,168.54054,7.898796,0.03523786975970271,1.0,0.1204007,0,0
760.2705,231.88078,821.8737,181.6867,798.64246,296.58423,859.7468,236.42831,772.33966,171.59064,773.91815,194.70695,779.65857,219.79466,790.2021,231.45473,823.4684,232.42366,842.515,222.28268,103.10596,322.98758,74.468704,261.456,53.651226,191.52296,60.364597,145.8207,127.96745,80.26302,183.5827,64.48415,0.03506980326579302,1.0,0.1204007,0,0
760.68835,232.04437,821.978,181.73206,799.20404,296.73248,860.21826,236.5114,776.1912,171.34944,776.27216,193.40114,780.7949,219.61761,790.3802,230.61972,823.7025,232.60982,844.7243,223.08347,112.10652,317.0647,81.10442,261.07266,55.817604,190.69548,61.33264,148.18918,127.681145,80.24505,186.57706,59.13137,0.033540389124318705,1.0,0.1204007,0,0
761.2745,231.86653,822.5065,181.81215,799.8598,296.4392,860.7026,236.27615,771.84033,165.23389,775.8514,187.8605,782.8733,213.52283,793.0369,224.57469,824.6674,228.24869,844.6859,222.81242,110.10174,343.16568,86.49932,276.71445,66.61473,201.5892,73.13639,157.29102,134.34216,88.41424,185.52963,60.480232,0.030939651432888134,1.0,0.1204007,0,0
767.1273,233.11462,828.6438,182.92781,806.107,297.88025,866.37994,237.66905,766.8388,155.20647,770.96924,177.40704,779.30774,201.57248,789.3644,212.86281,823.25903,213.12567,842.0513,204.73871,100.96475,391.04712,78.637764,324.8381,63.766346,249.88417,69.84857,204.83142,141.68797,139.47095,196.2815,121.15867,0.03006391730993668,1.0,0.1204007,0,0
767.9231,233.40952,829.6499,183.34282,806.6386,297.87714,867.6326,237.52455,774.2533,159.59605,774.6688,181.85577,779.74,208.2589,790.57697,218.8616,824.0173,216.04633,843.43335,204.34688,110.36365,371.18723,79.39938,311.02304,54.683174,236.17517,63.213146,191.18338,137.3773,133.52328,197.87349,121.62382,0.03491060089317094,1.0,0.1204007,0,0
768.0224,233.10118,829.6879,182.8683,806.6631,297.91547,867.7026,237.3899,776.16907,159.99362,774.94977,182.69606,780.1943,208.51718,791.09155,219.05716,824.80304,215.4106,843.93695,203.81854,113.0233,364.99182,77.96883,307.22797,54.62733,233.93341,63.469875,189.11066,139.47173,132.77731,199.19,121.092545,0.033547867035794335,1.0,0.1204007,0,0
767.96173,232.25783,830.0753,182.00099,806.8064,296.8029,867.66644,236.63597,772.7223,156.3498,774.71606,179.35045,781.72845,205.10385,791.85583,215.33278,824.83984,214.0322,843.9128,203.8128,108.51081,376.9071,80.454865,312.8739,60.871433,236.95407,68.44251,194.48071,139.79948,134.63379,197.3426,120.120186,0.03421742736075525,1.0,0.1204007,0,0
761.93,235.58809,824.4933,184.80168,800.5794,300.28397,861.6246,239.29419,751.4074,154.6164,755.7938,178.76202,764.1366,202.75563,773.6716,213.35359,804.2329,208.99367,819.9269,199.95657,80.11678,418.23172,57.07217,346.0851,43.59558,271.43045,49.644814,229.0263,118.97748,181.7598,166.3091,172.34085,0.037487517477348,1.0,0.1204007,0,0
761.75256,235.94135,824.10126,184.79538,800.1425,301.25546,860.5707,239.85583,760.9389,160.80438,762.0954,184.20874,766.5341,211.53084,777.96985,222.00975,804.2081,214.39647,818.80927,201.8357,91.49123,381.71423,62.90569,319.549,37.880302,246.08041,48.144066,201.40752,112.39745,169.23677,162.09343,169.67699,0.052722267243835996,1.0,0.1204007,0,0
761.52356,236.44102,823.9582,185.14487,800.5671,300.29306,860.50684,240.05908,762.7915,159.9056,764.6351,183.74593,768.9348,211.39447,777.9812,221.5554,803.6869,214.37009,818.2018,202.27005,99.57672,378.17294,71.285835,315.24356,44.591736,242.37636,49.98511,203.03905,112.37607,171.08614,161.08145,170.67563,0.060394402118243484,1.0,0.1204007,0,0
761.3401,236.93773,824.029,185.95587,800.0624,300.7799,859.9991,240.82684,756.967,157.32236,760.57635,181.5745,767.80145,206.50426,776.7948,217.0408,802.69775,212.39767,818.7911,201.84258,90.52793,396.26517,66.00391,328.90256,49.07164,256.75726,54.032494,216.46938,113.89439,178.918,164.12141,172.25662,0.04601068682120611,1.0,0.1204007,0,0
761.1052,237.27664,823.8163,186.28859,800.1599,301.46497,860.1807,241.24074,743.75024,149.91034,752.94116,172.56297,763.54803,192.83751,773.42773,202.46675,801.38806,205.78781,817.556,202.41515,73.57623,438.51,62.987717,364.69174,58.69407,296.66412,66.58838,256.35434,120.98915,197.05833,161.35101,173.77547,0.02323500260086784,1.0,0.1204007,0,0
764.1997,234.78764,826.3035,183.5666,803.4638,299.46152,863.965,238.83607,735.09985,156.28662,737.3408,180.75415,744.5489,204.25206,754.84784,215.38666,787.6128,206.85022,801.2417,196.1303,38.43074,439.24133,11.953252,372.64774,-2.1837518,303.42865,4.734746,259.62967,81.567924,219.64539,125.23141,218.90968,0.042884183937384746,1.0,0.1204007,0,0
764.7965,234.27287,826.74866,182.71103,803.5533,298.93396,863.9103,238.00165,742.0884,159.54518,740.707,181.89496,745.3566,208.49297,755.83466,219.3706,787.18915,210.782,802.4418,195.76405,45.838833,418.3797,14.727303,364.07144,-7.8095155,292.32916,-0.057815623,248.93877,73.47755,210.98735,126.139984,216.75142,0.04618618708502068,1.0,0.1204007,0,0
764.92004,233.59995,826.4321,182.03331,803.7218,298.02896,864.15955,237.52403,743.56903,158.1571,741.85443,180.88031,746.0655,207.66104,756.8543,218.84996,788.12915,209.46071,802.3651,195.2524,50.804745,418.96008,17.790516,364.14682,-6.4296775,292.3173,1.614565,247.2557,76.87917,210.60544,126.617775,216.1796,0.047682798435606515,1.0,0.1204007,0,0
764.56323,234.22127,826.12146,182.48253,803.4039,297.9962,863.8117,238.03502,738.50006,154.80933,740.50275,177.57802,746.87665,202.88539,756.3017,213.8801,785.84814,207.90973,801.7385,195.0765,46.818295,436.3471,21.375727,374.92746,2.7941093,302.61725,8.196227,260.21362,75.928276,219.04437,127.2313,218.30309,0.04593610200374414,1.0,0.1204007,0,0
764.19904,233.6178,825.477,182.35197,803.2448,298.19498,863.3825,237.8047,728.3907,147.93977,737.10547,169.3242,749.5751,190.58577,758.49396,199.87743,786.06085,200.86424,801.2826,195.48613,33.95852,472.20984,24.47473,400.3251,23.236416,324.9665,29.79395,286.58047,85.88524,233.05879,126.067696,216.51996,0.024186367191547542,1.0,0.1204007,0,0
766.2351,235.33008,827.1016,184.43842,804.7069,299.81482,865.0073,239.69542,722.2482,172.87964,728.34814,195.35152,738.37476,217.98033,749.9285,227.22185,781.6188,222.91798,796.8243,213.19366,-14.120076,430.30167,-28.700508,362.0581,-34.976868,289.79773,-22.785442,247.77391,46.290726,198.98793,90.828545,192.11,0.029254649358440958,1.0,0.1204007,0,0
767.1928,235.87442,827.8064,185.13985,805.4014,300.57953,865.83594,240.75282,730.09216,177.31827,733.88727,199.14915,741.6502,224.30255,753.63727,233.47343,782.7809,226.81873,797.8896,214.73695,-5.369332,408.8435,-24.077501,346.6057,-37.688454,272.69208,-24.303633,230.14467,42.832825,191.05617,90.350105,189.55927,0.0380738021293047,1.0,0.1204007,0,0
768.59814,237.17119,828.77716,185.15945,806.36395,300.78958,866.8121,241.06104,731.6981,176.95102,736.36646,199.14627,745.0055,224.4539,759.38806,232.08183,784.3713,226.81601,798.63403,215.35649,-2.4771442,414.0695,-20.292822,349.53162,-32.862854,273.2651,-12.625797,228.76016,45.30936,192.68175,90.3722,190.58612,0.03612595427585329,1.0,0.1204007,0,0
768.2366,235.70883,829.59674,184.49194,807.0215,299.933,867.5739,239.85931,727.0842,174.09558,734.93823,195.7713,746.98444,217.4519,757.16394,226.16267,786.48474,222.38797,799.7044,213.43674,-8.15291,420.6084,-18.559994,352.29376,-20.279354,279.38342,-10.475152,241.23865,52.982277,195.71783,92.19871,190.88278,0.027796662324682468,1.0,0.1204007,0,0
772.8057,231.83765,833.40234,182.10622,811.0516,297.0513,871.3644,236.85562,715.57916,184.65381,721.4136,202.48528,732.3431,224.84047,742.0581,233.56793,773.6884,234.159,788.18445,230.0143,-61.287323,417.3077,-69.25423,361.32452,-71.75816,288.31793,-62.233868,251.25914,-0.9530043,193.25114,33.198433,175.74199,0.02527611037585822,1.0,0.1204007,0,0
775.1431,231.48387,835.03094,180.4246,812.83264,296.07,873.7544,235.48055,730.8598,183.67041,734.68463,204.96964,742.1692,232.64029,751.478,243.1448,777.8694,238.88695,788.91675,231.01324,-35.484493,402.62674,-52.536255,340.2334,-68.19227,259.72137,-60.99738,218.63588,-3.2273073,178.46754,28.823736,174.71588,0.05307384311615039,1.0,0.1204007,0,0
777.23474,230.6864,837.3939,179.14447,815.4349,294.5667,875.7428,234.2904,737.77454,183.29256,744.2186,205.99504,753.1291,232.06068,761.8634,242.0242,783.1177,236.36092,792.2422,228.94965,-23.421305,387.27863,-37.444027,319.00684,-49.68482,242.07184,-43.755543,203.9616,4.988023,176.49525,32.546036,175.30273,0.0535276695092503,1.0,0.1204007,0,0
778.4292,228.67424,838.41125,177.58849,816.50415,293.5605,877.7407,232.91963,733.2045,181.87044,741.4689,203.92209,752.2364,227.14368,762.8111,238.1315,784.9141,231.87984,793.1362,227.84462,-38.49026,401.5454,-47.162598,328.83905,-51.56,252.96431,-42.57607,208.4284,9.374786,180.62662,31.1559,173.85829,0.03785165407592524,1.0,0.1204007,0,0
778.34064,231.63373,838.68054,180.75035,816.58356,295.92474,876.5255,235.49017,721.79016,199.01292,726.8764,217.95451,737.8862,243.53697,748.24786,251.85416,779.39636,250.83275,795.9897,243.78395,-75.13931,379.76468,-85.708755,324.94598,-91.494316,247.30878,-80.629845,210.92241,-20.16835,156.74152,20.63213,140.77583,0.027383370441187844,1.0,0.1204007,0,0
778.77277,233.049,839.2499,181.51656,817.3393,296.39697,877.422,236.17075,723.9035,199.12932,728.6532,219.11311,738.542,244.02484,748.59296,253.01828,778.524,253.30054,796.96643,244.69913,-68.9853,380.48822,-82.10974,323.96573,-90.22884,249.74188,-80.933685,212.19171,-24.35203,156.9437,21.890305,140.58022,0.02900856522992621,1.0,0.1204007,0,0
784.9849,233.86209,845.8163,182.75734,824.0084,297.878,884.2693,237.42867,733.7948,211.53879,740.6771,231.19241,751.248,256.02676,761.6256,264.57043,790.7504,265.74838,808.91693,259.10367,-74.04996,343.7184,-82.31095,285.89954,-88.82151,212.967,-78.677704,176.86057,-25.89015,122.34207,16.461912,102.459755,0.025615424391115648,1.0,0.1204007,0,0
784.9698,232.49457,845.5659,181.83664,823.3292,296.77908,884.06445,236.46214,735.96814,211.64818,742.6526,231.9477,752.31213,256.84842,763.12604,265.62952,791.7792,265.62424,809.36346,258.09402,-73.67609,338.7842,-82.538246,278.67932,-90.09657,206.2708,-78.87863,168.58772,-24.832436,117.112404,17.765532,100.15259,0.027962924497230902,1.0,0.1204007,0,0
781.2525,228.82309,842.5428,177.6794,819.90424,291.83618,880.50806,232.1146,744.8477,218.49908,751.2458,239.54968,761.485,264.86847,772.2199,275.10043,799.88385,270.39642,814.8321,261.3681,-58.593018,289.54608,-69.789856,230.82753,-78.01276,158.87657,-69.27245,119.01936,-12.957433,78.34244,26.143867,68.69798,0.03303104939878141,1.0,0.1204007,0,0
780.7443,228.95857,841.7553,178.01877,818.9808,292.37515,879.68365,232.1253,749.3842,219.4779,755.09015,241.40369,764.8946,268.43906,775.52734,277.9987,802.9137,271.3476,814.0328,261.21985,-50.485863,279.4271,-63.64302,219.48564,-73.92151,144.65047,-64.395256,106.42413,-6.4025793,69.83898,26.611462,69.343666,0.04193455617636497,1.0,0.1204007,0,0
780.5262,227.98584,841.35046,177.14044,818.9524,291.54095,879.3314,231.39455,743.46204,218.49707,751.7192,239.0889,762.3481,263.7491,773.4977,273.6709,801.60547,268.4579,813.9208,260.24396,-61.500767,289.37656,-68.20953,228.03377,-74.50842,156.68884,-64.422195,116.74221,-6.428807,76.09656,26.766922,69.568375,0.03111217030483274,1.0,0.1204007,0,0
774.99207,228.64612,835.9741,178.41743,813.9457,292.58365,873.8321,232.40733,738.8679,211.69418,747.4727,232.1487,758.1958,255.61105,768.24945,263.45032,800.8773,264.72958,819.15045,257.73486,-50.272423,303.17975,-56.54318,241.42325,-61.856514,172.2888,-51.82868,138.50797,7.371357,77.05865,50.99643,56.857952,0.022505042784012903,1.0,0.1204007,0,0
774.9293,228.45439,836.1226,178.20595,813.72314,292.6209,873.86365,232.14247,746.9569,215.88249,750.8064,237.18967,757.99835,262.4569,769.6548,273.16107,801.454,267.7204,818.6173,258.14615,-39.589966,278.64853,-55.645718,223.86122,-68.917534,157.92485,-58.985153,116.051384,5.2244205,69.610435,49.442146,56.5773,0.03376570341880387,1.0,0.1204007,0,0
774.8288,228.85497,835.54095,178.02512,813.1145,292.13397,873.0322,232.25246,747.8922,218.25053,750.7268,238.85944,758.94275,264.11963,770.13763,274.44116,800.70483,268.55344,818.7812,257.63538,-40.44179,273.38263,-58.041546,221.99234,-69.82653,153.72754,-60.16743,112.77871,3.5442908,68.494736,51.830456,56.172997,0.033503008570905275,1.0,0.1204007,0,0
773.7567,228.96764,834.7158,177.5833,812.57043,291.71384,872.32935,232.18253,739.48346,217.60298,747.562,237.60632,758.6518,260.21933,769.66565,267.17752,800.598,265.82254,817.3801,258.66226,-52.926464,287.51843,-60.24689,228.73537,-64.6349,161.10088,-51.985336,127.06359,7.7269278,72.79845,49.11009,55.357224,0.023050144297841607,1.0,0.1204007,0,0
772.88257,226.42293,833.238,176.1918,810.91766,289.78378,870.7108,230.07257,753.2053,214.68254,759.2385,235.96364,767.8076,259.20886,778.31244,268.95932,808.2874,265.50723,822.697,254.82053,-25.266571,263.23938,-37.807858,203.98174,-47.11092,138.8925,-37.996304,100.017975,23.025167,51.41737,64.54504,45.301937,0.034533539004079974,1.0,0.1204007,0,0
772.55585,226.74329,833.0291,175.22908,810.73083,289.0023,870.5504,229.09464,757.222,214.78539,763.4637,236.60753,772.0294,262.354,783.14636,271.95163,810.03955,266.04977,822.8592,254.30264,-15.920373,256.00082,-29.45944,195.36165,-42.430107,124.94446,-32.324978,84.87636,25.749437,45.80311,65.55497,44.558655,0.04055735793242143,1.0,0.1204007,0,0
773.3913,224.96204,833.4594,174.4858,811.04614,287.77017,870.5939,228.28519,753.04553,212.64058,760.5822,234.21132,770.34937,257.0536,781.70795,267.3285,809.16724,263.14673,822.7998,253.08469,-26.102522,266.3713,-36.120735,203.33815,-42.8456,136.38672,-32.62576,94.42206,25.070375,51.24775,64.57711,45.23915,0.032267510717822946,1.0,0.1204007,0,0
778.91785,219.4676,839.6278,168.62021,817.2041,282.2232,876.87726,221.83836,763.3063,209.09146,771.47864,230.07509,781.80524,251.40749,792.81146,260.9839,824.8641,260.68372,841.2059,252.74477,-18.196571,252.56721,-26.67182,190.40553,-31.165615,126.244736,-21.352331,86.52478,39.608948,26.491966,81.58364,10.176441,0.02410934082613113,1.0,0.1204007,0,0
778.8149,219.7553,839.2751,168.86256,817.066,282.49902,876.5995,222.07211,773.3562,214.98799,774.9656,234.65964,780.9329,259.35547,791.4691,270.37228,824.4946,265.77167,841.21313,253.48463,-5.019488,220.96707,-24.817757,174.51587,-41.088173,112.08024,-33.697376,70.84531,33.441208,17.505377,81.43325,8.80654,0.037927561086067804,1.0,0.1204007,0,0
778.0294,219.74278,838.44354,168.44086,816.8507,282.46356,875.9056,221.94913,774.38184,214.8888,774.4014,235.58745,778.71387,259.3446,789.1518,270.8551,823.2429,266.48407,840.86017,253.98756,-1.2558906,217.56238,-25.571327,172.51987,-44.191853,115.69858,-37.775208,73.860855,30.792305,17.884373,80.86555,7.5448513,0.03685288231575341,1.0,0.1204007,0,0
777.22894,220.0716,837.1789,168.75874,815.4423,282.29285,874.78314,222.18071,767.60834,213.534,770.6097,234.78304,776.8201,255.93317,787.3318,266.84183,778.94025,258.06628,799.2692,266.74405,-11.15091,233.04167,-30.38365,180.25862,-42.57728,124.215675,-35.06352,82.66758,-40.977413,115.918915,-12.544392,60.440853,0.1011114274122011,1.0,0.1204007,0,0
776.808,224.85487,835.8919,174.69928,813.5991,287.51868,873.11066,227.55301,770.43994,219.26453,775.5019,241.03305,784.5389,263.3038,796.2681,273.752,828.286,272.81317,844.6317,262.3776,-6.352602,225.38991,-21.596004,166.2164,-28.849247,101.87604,-17.790121,58.860516,45.40968,-0.17830665,90.98785,-11.93051,0.02955859302674767,1.0,0.5733452,1,1
776.64813,225.52826,836.3946,174.14775,813.82404,287.49567,873.90204,227.20808,770.31006,220.6924,775.0549,241.31586,783.18365,262.9929,794.69324,274.1768,829.217,272.32153,844.7314,262.45258,-6.9637036,223.51208,-21.860653,167.86588,-30.720642,106.32838,-21.24857,61.932434,47.3286,-0.52576506,90.28957,-11.723089,0.030019690660839843,1.0,0.5733452,0,0
778.03784,218.52635,838.57294,168.20119,816.36835,281.3298,875.82574,221.95892,750.5653,206.50055,758.4922,226.38152,768.4768,249.32124,779.034,257.83072,810.6072,257.76657,827.2304,250.65384,-39.626617,277.5039,-46.97738,218.29742,-53.556705,151.26463,-43.258533,114.72104,16.527817,56.390934,57.800266,38.86717,0.02473703801454915,1.0,0.5733452,0,0
779.1574,217.83899,839.4284,167.80952,817.6347,280.65863,876.92053,221.24821,759.1582,208.89572,762.8705,230.37004,770.03265,255.4735,781.14465,265.7529,771.9553,256.84616,829.0729,249.76054,-28.663343,257.04822,-46.108078,202.1517,-60.24214,136.32133,-50.90423,95.66518,-58.182255,130.07388,59.296047,37.91618,0.044459830503375555,1.0,0.5733452,0,0
780.0939,217.669,840.1837,167.34543,817.996,281.50485,877.6695,220.89565,759.7785,209.3902,763.97156,231.23456,772.31366,255.7059,783.4003,266.01443,814.859,260.3506,830.37274,249.38377,-30.679623,256.7442,-46.802223,199.86143,-57.080387,133.26945,-47.350803,92.68364,17.99101,45.631916,61.463352,37.519283,0.035358285577951516,1.0,0.5733452,0,0
781.29877,203.75742,841.3382,152.24304,819.6689,266.9681,879.5433,206.55496,745.08093,155.75316,750.1669,177.68794,759.5844,201.36215,771.92316,210.61667,802.875,206.65735,817.65924,197.13156,-14.793429,383.21414,-31.164679,319.1241,-40.193714,246.24144,-26.687105,202.58951,39.7502,152.38435,82.494934,144.3549,0.031028310550163286,1.0,0.5733452,0,0
782.3855,204.43944,842.068,152.49611,820.4399,267.18997,880.56824,206.50122,745.49915,155.38733,751.7184,177.1551,761.86066,200.68954,774.62537,209.87837,804.0286,205.74419,818.34326,196.71751,-15.164382,390.93558,-29.197346,323.61487,-36.71752,248.16248,-22.068054,202.90646,42.164623,154.88837,83.46397,146.37688,0.02966245588330276,1.0,0.5733452,0,0
777.1996,202.98419,837.17236,152.40459,815.48474,266.79068,875.0147,206.22588,746.4732,153.5372,754.6062,175.95721,766.09607,197.94196,775.45856,206.1746,805.96716,207.87572,822.7189,200.01591,-2.2204986,376.99197,-13.022543,305.2319,-16.090727,232.08841,-7.2333965,196.1895,51.814823,134.61284,96.79202,118.94863,0.02476620042021169,1.0,0.5733452,0,0
776.63837,203.3259,837.05664,151.44763,815.7523,265.6503,874.735,205.57909,754.50555,156.4137,758.47845,178.97722,766.7266,203.01025,776.35,213.80258,808.11035,208.94817,822.0989,201.08376,14.7951145,349.1722,-5.695891,288.34,-18.810917,219.1083,-13.21399,177.98386,55.164906,127.95225,94.17779,117.34901,0.03832164598534214,1.0,1.1461318,1,1
777.3978,202.3281,837.8367,150.5931,816.1321,264.85165,875.34656,204.77972,756.3744,156.775,760.2328,180.4936,767.99146,202.6861,778.0612,213.42027,808.7445,209.5963,823.0617,199.45789,14.666996,344.7116,-7.230884,281.12347,-18.748888,216.74164,-12.016963,174.78004,53.142857,124.56221,95.84911,118.23412,0.03911514489224827,1.0,1.1461318,0,0
778.38574,200.81328,838.3681,149.83817,816.3487,264.02414,876.3266,203.41597,749.60846,155.2757,757.3253,176.48965,768.99066,198.02893,778.61633,206.0561,808.4266,205.68608,823.8395,197.98422,-3.0062075,365.38913,-13.217881,297.1162,-15.429937,224.15747,-5.7896686,187.88405,54.493587,131.39397,96.4124,117.81289,0.02540676796375724,1.0,1.1461318,0,0
775.04004,196.10733,835.327,144.25627,813.555,258.9166,873.1268,198.03967,737.4915,173.2065,744.26874,193.5773,755.3041,217.03879,765.5861,225.31073,797.7079,221.88771,815.1008,213.79237,-46.6021,322.8817,-56.68315,263.16238,-61.753723,191.57515,-51.628418,155.35089,13.206522,102.10986,57.320927,85.128235,0.025300007794056962,1.0,1.1461318,0,0
775.5122,194.91751,836.0574,143.33496,814.15247,258.06192,873.5894,197.0518,741.8265,173.67743,746.46234,194.45616,755.8024,219.09583,767.14813,228.50668,798.1836,222.81404,815.45496,212.42422,-40.564045,310.57623,-55.09601,254.52638,-64.45968,184.41795,-53.7634,144.44084,10.679799,98.33169,57.069035,86.37024,0.03070177765300004,1.0,1.1461318,0,0
775.83246,193.95346,835.9873,142.7074,814.35156,257.41852,873.65594,196.2985,739.24176,172.63028,746.2969,192.67537,757.4264,216.77327,768.05237,224.65028,798.66876,220.90076,815.6964,211.5368,-46.77961,316.83017,-55.60249,257.5114,-60.800705,184.85866,-49.570763,149.17351,12.436234,99.82302,57.277794,86.21388,0.026234586461081975,1.0,1.1461318,0,0
778.6984,189.10727,839.2857,137.255,817.80554,250.97717,876.85925,190.43745,755.415,148.53671,759.0283,169.80904,767.33484,194.43654,777.86346,204.94093,810.6681,202.71011,828.04663,192.66423,4.701345,337.3984,-14.5396185,280.18094,-28.000057,209.52809,-20.497437,167.40714,45.247448,109.56046,93.36011,96.49246,0.03251037927109137,1.0,106.9518738,3,3
779.15686,188.25928,839.8312,137.20526,818.04065,251.48172,877.6396,190.51862,757.89294,149.00565,762.0774,171.98888,769.9172,194.65076,780.53723,205.85394,812.1998,202.63124,829.1387,192.85747,5.8161225,331.70572,-13.879219,268.58325,-25.188034,203.01712,-17.903938,159.4304,47.006187,106.57644,93.81018,94.134705,0.033632010002054014,1.0,59.5238113,1,1
780.5872,188.88147,840.48956,137.0389,818.7714,250.61385,878.2054,190.1489,752.6006,147.70122,761.9606,168.55951,774.4616,188.6684,783.3302,196.42195,813.5963,198.64851,829.59576,192.39693,-5.169888,351.8267,-12.180704,282.76334,-11.825735,212.28624,-3.769665,178.03159,53.493797,114.13016,94.30616,95.560974,0.02123997805896164,1.0,45.3514748,1,1
781.58026,186.82324,842.1187,136.1001,820.8929,249.92932,880.04504,188.82776,734.623,162.15173,733.67535,161.67339,735.42755,163.84238,744.86487,167.25565,777.0172,184.67984,786.7995,187.86577,-60.92483,342.04132,-62.179504,344.86838,-61.2907,336.54095,-47.293976,311.6534,-6.208045,213.20184,8.808596,187.99092,0.0012984587940591495,0.0,8.7221975,1,1
780.12665,189.8373,840.7183,138.36719,819.42725,252.68997,878.86005,191.85425,763.57306,175.5896,772.5292,196.29715,782.94226,220.05812,793.92645,229.9645,821.2607,227.1373,834.37585,218.64264,-14.916366,262.68756,-22.23242,199.98674,-30.008482,130.93265,-20.94771,90.82978,33.693066,44.9067,69.83228,36.220337,0.029490103970180023,1.0,1.3353809,0,0
781.3957,190.15251,841.85187,138.84235,820.3486,253.40855,879.817,192.30165,763.3113,173.73563,774.02496,194.65111,786.3386,216.5226,796.7364,225.27579,822.85895,224.63356,835.30365,218.88321,-15.689594,270.82138,-19.523264,203.83342,-21.283195,134.73544,-11.784634,97.751656,38.521297,49.655403,69.995636,36.860714,0.023850144903488607,1.0,1.3353809,0,0
791.2375,192.94418,850.41486,138.89168,829.1838,252.59265,888.2985,192.34259,764.08716,150.10188,774.75696,171.80035,787.75574,190.9124,797.9479,200.9604,827.73474,202.28218,842.9362,196.86513,0.21596296,354.75925,-6.1557765,281.39233,-4.38582,211.55518,3.2059968,168.84273,61.200825,105.41444,99.415276,85.649734,0.01964926409008176,1.0,454.5454407,11,11
791.8992,191.64322,851.1589,138.57489,829.9417,252.44055,889.3944,191.76909,763.1621,148.76865,774.5779,169.37747,789.44464,188.04591,799.227,195.73341,827.38806,200.26733,844.3554,196.45152,-3.9839165,359.5039,-6.9266634,286.02612,-0.40901735,212.97179,9.521614,176.3012,60.217014,109.916626,99.80483,83.54727,0.015635879664462934,1.0,192.3076935,5,5
791.06384,188.97234,851.61786,137.45946,830.0184,251.79968,890.04584,190.92308,756.5832,141.85394,771.56647,155.36642,789.7819,168.34297,799.97314,174.52098,827.5056,187.79385,842.62366,193.56537,-10.771822,377.47043,2.7094502,315.24847,23.088837,249.45049,35.73271,215.59535,74.01926,132.60847,96.96991,90.53458,0.003621801184512228,0.0,141.8439789,4,4
791.03595,188.20663,851.25146,136.92093,830.1686,251.17062,889.71765,190.065,740.6326,139.85532,756.83655,152.06148,775.48035,164.19131,788.74603,171.30609,816.0216,184.53514,832.25854,190.0659,-41.36267,410.60342,-23.643421,349.30173,-1.260029,284.627,16.382881,242.68477,54.165375,160.28925,79.660095,116.55734,0.002544946192897154,0.0,114.9425278,3,3
787.50366,183.87653,849.5143,131.67924,827.76953,246.72716,887.77985,184.79042,780.1963,152.00903,787.599,173.15501,791.71094,184.67616,811.2066,207.21762,840.1374,206.70534,853.9263,198.77464,25.253675,285.57614,13.123337,223.42964,6.881405,190.55368,16.064243,107.12358,71.35405,52.743015,109.02967,41.4055,0.026255619995838732,1.0,232.558136,3,3
789.34393,183.71758,849.8689,131.54927,828.00635,246.7963,888.2651,184.86479,785.17065,151.90773,793.7068,174.22145,807.14795,198.57108,818.6596,208.19888,841.6979,206.98605,853.8771,199.5862,31.192415,281.92157,20.167904,212.91167,16.766117,133.84882,27.360548,91.88585,73.67824,49.63507,107.65417,40.38397,0.028499675710888534,1.0,75.757576,1,1
789.6689,182.66452,850.2981,130.91855,828.3446,245.98933,888.5947,184.65804,783.5567,148.33955,794.13043,170.02376,809.61566,191.0054,820.33704,200.50133,843.0214,202.70895,854.9927,198.5219,30.378038,291.43784,24.309885,219.92798,29.027594,143.95483,38.354538,103.48954,80.34697,55.09583,109.96602,39.990242,0.0204905610189268,1.0,39.370079,1,1
790.1035,182.77953,850.7384,130.57977,828.7542,245.46877,889.20996,184.51239,774.3227,141.00127,788.32184,154.7417,803.3128,167.65163,814.0507,174.90222,835.6099,185.89133,852.4174,196.0154,20.537188,328.34146,31.537617,267.7408,45.369484,208.51617,57.70828,171.25778,86.87726,105.07755,107.29618,50.763058,0.0038443782957991598,0.0,73.2600708,2,1
790.97266,182.34302,851.9066,130.29126,830.23047,245.76964,889.8405,184.47781,757.59045,136.51141,774.35156,149.89502,792.5849,161.51828,804.74347,168.25555,839.4972,182.64954,853.8772,187.17554,-10.018019,367.3153,6.8757772,304.34763,28.716476,243.38266,44.509407,205.18121,96.08324,106.4887,119.53594,68.36508,0.0030254149535462725,0.0,73.2600708,1,1
791.6505,182.52107,852.39935,130.57724,831.01447,245.34398,890.8502,184.37886,738.77386,135.4197,754.8814,148.07147,773.82684,159.31516,787.7489,166.10521,818.2181,178.71645,833.8783,183.49739,-46.636456,408.41165,-30.090553,347.68713,-6.4816856,285.84534,12.592034,244.06143,57.144222,157.78062,82.3491,117.00579,0.002766029211906529,0.0,26.3852234,1,1
789.27423,185.3019,849.64496,132.83865,828.0049,247.82173,888.83655,186.80858,800.3118,157.69167,807.15906,179.99403,817.4798,202.63622,828.2743,212.24966,859.73303,211.10388,877.0371,201.65459,57.9035,241.53828,42.424374,177.02386,34.120865,108.4135,43.18117,68.04077,106.40981,9.520163,154.0697,-5.950289,0.026825209943250605,1.0,1.3259962,0,0
788.7006,185.73993,849.2543,132.6878,827.3305,248.53053,887.79565,186.98149,803.1617,158.46645,807.95557,181.19208,816.3601,204.4942,827.50146,215.95895,858.8893,213.20824,877.0124,201.87306,63.78813,233.29701,43.882393,172.62161,31.301697,106.800934,38.87037,62.08998,103.95543,6.215885,155.97838,-7.762542,0.03169468278886958,1.0,1.3259962,0,0
788.089,185.94948,848.52136,133.15247,826.4098,248.323,887.23755,187.08542,798.5579,155.06444,805.4605,177.13899,815.758,199.93307,826.69214,210.25006,857.51355,210.20332,876.4118,201.98206,60.7984,250.35771,45.854965,185.62646,37.446445,115.979065,46.026363,73.43752,106.85019,13.33266,156.07805,-7.948256,0.025377648062468637,1.0,1.3259962,0,0
786.6266,175.57242,847.2512,123.27819,825.4786,238.99796,885.3271,176.81363,776.1579,126.151886,785.2651,148.03,795.82935,168.5627,807.6399,179.38727,841.017,183.36224,856.9826,179.25795,40.815426,336.58533,31.155556,265.40555,26.511652,197.93205,36.387222,151.53189,97.93218,77.575,136.37598,53.828648,0.02058448422035778,1.0,1.3259962,1,1
786.4983,164.74298,847.61945,112.45688,825.4329,227.81735,885.8736,165.14194,768.3973,141.23834,777.97504,164.03342,789.4107,185.59439,801.4993,196.11263,829.5275,196.96434,846.49536,190.6307,-7.0351553,288.62796,-15.402475,217.68983,-18.516233,149.62735,-8.044803,105.401695,43.2408,50.28174,83.73544,29.521866,0.022463290563330112,1.0,0.5830054,0,0
782.92377,168.2486,843.4275,114.311264,822.46014,229.95554,882.245,167.75807,771.352,164.05652,779.2339,187.05157,791.0121,209.64142,803.2753,219.85675,833.35254,218.42757,849.03674,208.39146,-17.05288,231.50523,-29.530588,167.0592,-33.906857,98.83152,-23.24821,55.6817,33.896397,0.3682634,76.248505,-11.63723,0.025575662749140412,1.0,0.5830054,0,0
782.1079,168.9706,842.2741,115.137245,820.96277,232.0174,881.1467,168.61017,771.5649,165.40361,779.1403,187.73921,790.5585,209.69159,803.03656,220.37556,832.7312,218.91853,847.98785,209.6519,-16.255028,228.4821,-27.566751,165.6269,-30.813648,99.47274,-19.717611,55.34367,36.806274,1.2838961,76.9861,-11.388577,0.02576149340287776,1.0,0.5830054,0,0
784.81775,170.78299,844.3258,118.826996,823.5325,234.5703,883.4425,171.70131,789.06946,140.47157,798.3706,163.92001,810.68335,186.04192,821.9016,196.21632,849.4913,195.67494,865.07056,187.16988,47.0407,262.25455,35.55087,188.763,32.31921,116.999214,41.6372,74.69866,96.266335,21.940893,139.06091,7.306153,0.024869863069154976,1.0,0.5830054,0,0
780.40247,171.6242,840.77966,116.37961,819.5531,231.99374,879.6013,169.07664,767.30756,125.91204,773.32635,148.35718,780.44165,167.62967,792.4063,182.10123,827.8562,182.76585,845.5963,174.99658,33.185448,332.24988,15.700043,266.61835,5.0565333,208.70195,9.89946,153.37822,77.2645,80.200386,122.7493,59.63491,0.026807867287340324,1.0,141.8439789,2,2
779.5968,170.93744,839.9464,116.04795,818.8542,232.14955,878.7509,169.01439,770.1142,126.52198,774.0958,148.09442,780.40656,168.50618,792.4497,185.20622,827.3582,183.56946,845.0521,175.14754,38.199932,321.27484,17.95439,262.15533,4.550963,203.70308,7.0083117,144.10231,76.19362,77.474144,122.54905,58.41745,0.030855541752658557,1.0,96.6183548,2,2
779.78595,170.60579,839.1358,116.08077,817.8606,232.20697,877.96783,168.97809,765.1882,124.26316,771.8231,147.16124,780.1546,166.90578,791.97375,180.4242,825.6552,181.61644,843.57263,175.26263,29.500223,340.541,13.317025,270.27228,5.2887726,207.49667,12.002913,153.83757,76.898796,82.82995,121.192924,59.04655,0.025322561223955715,1.0,40.0,1,1
781.3109,167.49562,840.9032,114.96688,819.7087,230.6984,879.33655,168.52184,763.5772,109.188385,771.7678,131.94586,783.0052,154.22937,793.64044,165.04692,823.89197,164.62923,839.638,156.60329,37.80562,376.03525,25.011784,301.61606,19.700785,226.48969,27.605234,181.26097,89.60695,121.92098,133.56886,107.15915,0.026065871446013893,1.0,1.2898233,0,0
781.16345,170.00749,840.5508,115.53154,819.19354,231.59616,879.014,169.08412,768.72894,109.799484,774.2017,134.3671,783.0543,159.2709,793.5552,170.36076,823.4064,167.95369,838.4609,157.21437,52.73015,369.08612,31.158682,296.42557,17.166355,220.09357,24.265823,174.11702,87.512505,118.23133,133.20859,109.984535,0.03702543791230491,1.0,1.2898233,0,0
780.1989,168.86246,840.30316,115.373856,818.93304,231.81558,878.4346,168.99364,765.536,109.45381,771.9993,132.16844,781.75806,155.83641,793.31744,167.12752,823.682,166.42097,838.69934,158.50842,45.670185,369.47263,29.19056,300.12747,18.9356,225.80623,27.807014,178.1576,89.54967,119.08997,131.43472,105.265884,0.03003699722088953,1.0,1.2898233,0,0
783.61743,159.43263,845.5384,106.99658,824.2672,223.51114,884.30585,160.59785,755.04083,109.10846,765.5233,131.59389,778.5584,153.42458,789.5643,163.05663,818.0723,168.3866,834.6039,164.63873,6.521523,367.8796,-0.8255314,294.9574,-2.3259015,222.18774,6.766588,181.42381,54.11874,117.06667,91.27791,92.89834,0.01913841071144591,1.0,186.9158936,2,2
787.057,162.00352,846.37634,106.34848,824.7968,222.93428,884.78735,160.13266,758.92224,106.81405,769.6352,130.73256,782.4418,153.01044,792.605,162.91235,819.71704,168.65573,834.9588,164.42133,12.753583,389.37927,4.006289,307.86603,1.9224967,229.5287,9.945207,186.57114,56.780506,118.31152,92.89,95.62605,0.021395529351382694,1.0,136.9862976,4,4
785.3113,159.8035,846.1073,106.51216,824.85913,222.47827,884.72345,160.10033,754.0786,103.78016,767.571,124.98784,782.8779,143.8295,792.95465,153.23816,820.51086,163.92328,835.69806,163.31554,8.316776,391.13834,8.370749,313.14795,14.901547,240.04523,22.821579,199.70439,63.192677,123.065506,94.19377,94.199005,0.012537382116267,0.0,62.8930817,2,2
782.7004,160.21747,842.6274,106.391014,821.73553,222.80878,881.7481,159.71712,739.4431,128.81036,748.3933,135.00497,739.4421,130.23962,750.6144,137.17955,777.5643,156.46443,788.5276,162.85551,-47.450527,358.19574,-37.052105,325.46756,-49.145607,354.68436,-35.25061,315.87704,-5.4684815,218.38142,8.14057,182.78917,0.0005009715199776285,0.0,14.084507,1,1
781.6709,161.79634,841.7699,106.321106,820.738,222.19193,880.4336,159.15793,762.28125,120.17837,773.13226,142.39491,782.52026,158.40822,796.52106,171.21696,827.834,173.38329,841.66614,167.68695,15.024464,334.75293,7.840314,260.52185,5.8613787,205.69649,16.728031,149.85521,74.46896,81.53957,109.36691,64.6438,0.019825779839855975,1.0,425.5319214,1,1
779.6875,160.33908,841.7503,106.80075,820.52045,223.113,880.3375,159.57245,767.83655,121.643326,777.29407,143.25049,783.05597,157.69363,783.5421,161.35469,791.4618,168.95198,842.0251,167.99333,25.325651,309.32196,16.233065,241.89651,9.335424,199.43867,5.8332047,190.68233,11.229046,159.86172,108.68134,63.196133,0.02892555897828838,1.0,465.116272,8,8
781.2189,160.68304,842.17523,106.50259,821.36383,221.83618,880.95483,159.57799,764.0414,121.09894,775.4827,142.88231,783.9485,157.04338,799.3767,171.33707,828.77673,173.94887,842.8143,168.14775,17.150785,322.5647,11.376961,250.25085,9.681546,202.63371,20.961044,142.27028,73.90547,78.75927,109.396194,62.243942,0.01900464616349271,1.0,108.6956558,3,3
782.8089,158.55737,843.11334,105.808464,822.29956,221.30821,881.7666,158.79814,754.37665,115.338486,768.5172,130.22063,781.3992,153.00667,787.36755,154.07382,829.55817,162.76086,843.19183,166.46614,-2.4761336,355.58362,7.0162897,292.10168,4.028757,214.93214,14.295117,201.09372,86.321655,99.529076,108.67664,64.41164,0.01111406122695013,0.0,77.5193787,2,2
783.9361,158.04927,843.8093,105.43992,823.3781,221.18713,882.50726,158.35265,736.0574,111.374214,753.703,123.90855,771.8863,136.34586,785.35614,143.7112,813.48224,156.76616,828.7983,161.54866,-37.68398,402.20328,-17.768034,337.09692,2.984178,272.31915,20.460012,229.21458,59.600548,145.13972,83.91242,104.47771,0.002676396344866122,0.0,67.1140976,2,2
783.59875,160.19223,842.66956,106.24272,821.61017,221.73431,880.8713,159.03493,764.9461,104.3324,774.13104,126.750786,785.70605,148.36287,797.0799,159.11021,826.69086,162.12483,842.56903,155.43423,33.601837,372.7099,23.08854,297.07114,18.957645,222.29092,28.199965,174.98723,83.881,107.624435,125.56523,88.710556,0.022806883105677113,1.0,3.2087278,0,0
782.3937,160.4458,842.1107,106.6103,821.19244,221.97365,880.3317,159.47736,767.45734,105.223816,776.0258,127.73169,786.558,150.3599,797.83466,161.0004,826.70905,163.39697,842.0705,156.03796,41.09672,360.19702,28.754131,287.5006,20.729223,214.07439,29.48472,168.0844,83.74132,104.49791,125.15723,88.30087,0.026019936810389974,1.0,3.2087278,1,1
788.5736,159.76146,848.57697,106.53501,827.7568,221.54459,887.16296,160.07683,762.42255,121.78134,770.05096,143.79631,780.8259,167.00354,792.3111,177.04648,821.9671,175.70363,837.96295,166.82355,-4.156457,338.11276,-16.534998,271.5068,-23.76907,199.20233,-13.824485,155.81204,45.17832,100.88963,88.64414,87.4373,0.02692739261811838,1.0,294.1176453,4,4
789.11865,158.86263,849.2896,106.74682,828.0255,222.08382,887.58704,159.55109,768.18445,125.26106,772.9568,148.56581,781.113,171.21306,792.7374,182.68092,822.787,178.45541,838.44116,166.64499,-0.51446074,318.7838,-19.162996,254.0377,-29.592869,188.28723,-20.720018,142.30923,41.431416,93.40861,87.55364,86.7724,0.03535676913617851,1.0,124.2236023,3,3
789.4173,159.0833,849.3876,107.01999,828.08923,221.91676,887.8689,159.70065,767.3032,126.00665,771.3741,148.71309,779.50543,171.1343,790.973,182.83351,822.1653,178.58199,838.7312,166.78203,-3.5704005,321.05032,-22.965467,258.41156,-33.168888,192.48595,-24.713295,145.89761,40.00689,94.71353,88.04174,86.34877,0.03397997996467032,1.0,59.3471794,2,2
789.53076,159.62576,849.79645,106.90621,828.27716,221.63338,887.79913,159.51942,759.9872,126.14197,767.0413,146.98956,777.9065,168.00145,789.4483,178.50723,821.10474,176.2124,838.4127,166.91853,-17.155764,335.2248,-28.35101,271.89026,-32.042793,203.90346,-22.408506,159.36792,40.758278,102.70161,86.984535,87.49754,0.024387704752097235,1.0,55.2486191,1,1
789.1301,159.97008,849.68414,106.97375,828.9083,221.15512,888.01917,159.60403,749.33484,121.19062,762.585,139.68938,779.0409,157.83064,790.9599,162.37923,821.09454,169.28165,838.4666,166.5422,-28.31268,364.36978,-25.574354,295.80664,-16.458902,223.87434,0.49947116,191.25636,49.593094,117.91269,87.441216,88.96186,0.01078830475418278,0.0,55.2486191,1,1
789.8154,159.32283,849.7795,107.073204,829.5129,220.66408,887.9458,159.23315,737.14154,116.59345,753.5428,126.73118,774.7906,140.745,788.07104,146.4206,816.70654,158.7372,832.96405,163.81909,-48.794518,398.6767,-29.529892,343.55228,-5.8141136,270.5065,12.808698,232.14832,53.01741,148.94238,78.54089,105.5529,0.002275471766443634,0.0,35.2733688,2,1
791.42096,159.5599,849.788,106.16707,829.5587,220.48674,888.6839,158.62961,733.284,119.126495,737.94763,124.34636,756.6638,136.81653,768.99304,142.00105,793.4551,154.7149,814.2279,158.50523,-69.051414,418.8411,-65.7059,395.45053,-42.32089,324.99918,-23.471043,286.83905,10.266433,206.71974,47.461174,155.47804,0.003921477278617088,0.0,350.8771973,1,1
791.07263,157.55495,849.8225,105.566666,829.4936,220.05351,888.6327,157.8294,745.4417,134.31715,755.28625,140.50302,745.9348,136.00093,759.14703,141.75127,787.6164,155.09378,799.96924,159.11343,-63.86205,345.7512,-51.222496,310.9051,-64.80914,340.55298,-44.92801,300.21405,-3.8857656,212.4117,15.837393,178.8417,0.0020631119257745324,0.0,377.35849,2,1
788.5395,157.34038,848.5298,105.133865,827.3502,219.31467,886.5278,157.37256,759.3377,132.00137,766.589,153.08434,777.4895,176.06134,789.24457,185.0157,820.8391,181.70357,838.6964,171.84569,-26.304943,314.9868,-37.103615,251.61064,-42.72885,180.38196,-31.015007,139.39676,32.458355,85.230934,80.03435,69.862076,0.02466187180967527,1.0,180.1801758,2,1
788.67755,157.40819,848.34656,105.5996,827.2891,219.31345,886.5587,157.60199,761.735,135.17358,769.1031,156.37611,778.955,178.81087,790.70593,188.118,823.2528,181.44551,838.60803,172.09644,-26.057335,304.36633,-36.726032,240.13962,-43.574814,171.90616,-32.101498,130.14665,37.586468,80.9199,79.845894,69.53957,0.02732301783557332,1.0,54.6448097,1,1
788.841,157.20282,848.8801,105.408615,827.94415,219.35532,886.87805,157.53937,756.52893,135.146,767.3149,155.38531,780.533,175.77202,792.37897,183.62366,821.8176,179.74466,837.98535,172.62009,-35.90244,312.03262,-38.83843,244.75642,-37.33207,175.4683,-24.343847,136.82584,35.764324,88.21232,76.54663,70.74356,0.019429620120547532,1.0,33.6700325,1,1
788.3432,158.1103,848.91583,105.37307,827.89,219.86525,886.74493,157.85135,747.30725,131.33559,761.2119,144.13045,785.81067,156.91724,796.78864,160.61885,821.113,170.14465,836.60754,171.71472,-45.470158,337.28232,-34.373413,282.04797,-3.346398,207.41992,12.97759,178.40517,47.780663,110.756966,76.05945,76.55874,0.0038938933294978433,0.0,33.6700325,1,1
789.0458,157.73431,848.9804,105.991165,828.1351,219.53009,886.739,158.02452,737.1189,133.01741,749.6372,141.30418,769.3029,153.08405,782.216,157.63629,808.0989,168.15569,822.4466,170.6433,-69.860435,354.24567,-55.67129,311.53204,-32.125298,247.79431,-12.966905,213.23271,23.92788,140.55133,48.73788,107.10782,0.0030149630733598267,0.0,28.985508,1,1
788.38385,164.04771,847.5665,110.9205,826.99603,223.84172,885.77277,163.07912,774.97455,159.89026,779.197,180.46735,788.2645,205.83342,799.33136,215.7335,789.329,207.25418,844.9295,199.15213,-21.08519,236.09662,-38.090202,182.16649,-50.91561,111.233376,-41.852787,69.868164,-50.58133,106.28008,65.388374,12.108534,0.04064734345721281,1.0,1.3546464,0,0
789.05475,163.73569,848.9374,110.81953,828.7002,224.29831,886.9104,163.15932,779.93536,159.69792,781.3616,181.69402,787.55975,207.16559,798.54724,218.32246,788.95953,209.2761,846.2126,199.24014,-12.350594,226.38197,-36.221474,176.23018,-54.40683,112.44516,-47.45005,69.76984,-54.295612,105.62078,64.48004,12.986547,0.05388420471566604,1.0,1.3546464,0,0
790.3786,164.10527,850.36444,111.19877,829.6315,224.76654,888.1245,163.16495,777.5965,158.74716,779.9393,180.33934,787.3244,205.08589,799.0817,215.67026,830.1761,211.84605,847.6656,199.10304,-17.757591,236.57106,-38.96967,184.91945,-53.699017,119.80774,-44.55141,76.569214,16.455372,23.433752,65.669716,12.989456,0.03523953545671086,1.0,1.3546464,0,0
792.1025,158.29828,852.3543,105.69378,831.1257,221.19202,890.9094,158.21046,761.82404,133.84238,767.4425,155.38544,777.5655,179.15433,788.9048,189.2446,820.77045,183.4975,837.94354,172.89775,-29.745417,314.9707,-43.733425,253.66096,-51.08678,182.58704,-41.278362,140.47821,24.567568,91.38139,70.964035,79.10895,0.028919241648062383,1.0,1.3546464,1,1
791.11017,158.68497,851.61505,105.710625,830.4512,221.12003,890.3735,158.56525,761.1732,135.1269,767.27814,156.89366,777.2819,179.87212,789.02203,189.62088,820.55115,184.01772,837.0285,173.08545,-29.502823,311.35437,-43.230064,249.38052,-50.45403,180.70659,-39.77344,138.59853,25.37704,89.85805,70.91016,79.714745,0.028784428299202955,1.0,1.1601601,0,0
787.91205,155.27573,848.509,101.56374,827.3733,217.79762,887.40356,154.49345,763.0632,142.08789,771.08777,163.04292,780.65985,185.85329,792.0805,195.60188,825.2433,194.77629,843.1757,186.83917,-31.752123,277.39832,-40.76034,215.33484,-48.581127,149.45444,-38.655766,108.54131,22.867016,46.86963,66.35802,26.996395,0.024000224741803883,1.0,1.1601601,0,0
787.4665,154.81985,847.4314,100.86685,826.59766,216.64291,886.7723,154.15121,771.0069,144.69867,772.7877,165.8471,779.6676,190.29062,790.81903,201.46417,824.46106,198.76877,842.75964,186.37657,-19.789257,255.18767,-41.57205,204.70537,-56.506775,140.22743,-48.38967,96.73972,17.162094,37.56654,67.32984,25.69417,0.03371461958780698,1.0,1.1601601,0,0
786.49835,155.13913,847.36035,101.482445,826.494,216.69196,886.03534,154.07828,771.78955,145.211,773.3993,166.75906,779.3282,191.82706,790.73425,203.10239,824.8584,198.5207,843.13086,186.82762,-15.589197,249.9709,-38.014286,199.84752,-55.603718,137.04765,-47.954197,93.568504,18.549812,37.23222,67.33463,23.717745,0.03432406950315423,1.0,1.1601601,0,0
786.351,155.42868,847.2983,101.471664,826.01306,217.46935,886.16034,154.77988,767.82007,143.83417,772.4722,164.74364,781.58795,190.09135,792.29584,199.23582,823.87476,198.27942,842.3551,187.04514,-21.25429,261.15906,-37.066288,206.3465,-49.062344,136.60309,-39.975235,98.39922,18.635803,40.088543,67.27634,25.60823,0.030291686148770824,1.0,1.1601601,0,0
783.6134,155.1997,844.5512,102.11052,823.69806,218.28502,883.40826,154.84372,755.84216,136.75755,763.7768,157.8423,773.6541,180.03056,783.3789,187.90489,816.7125,187.74802,834.4462,179.78108,-30.450367,293.42508,-39.822166,231.29895,-46.489662,166.29193,-37.77356,132.51778,22.757414,70.0483,65.92767,51.059322,0.02433613962397972,1.0,1.1601601,0,0
784.4509,154.79686,845.1793,101.210526,824.1379,216.88225,884.21704,153.64145,767.5467,137.10327,769.8627,158.53531,775.5896,184.79532,787.4503,196.58682,819.0592,190.56648,834.90173,179.59837,-10.778486,272.68872,-31.81973,219.80415,-50.909107,153.41077,-42.63599,107.57495,21.574028,59.075073,64.93985,49.476227,0.04006394930642411,1.0,2.5438819,1,1
784.9855,153.36504,845.75366,100.09655,825.1157,216.43726,885.14215,152.64024,770.0363,134.7686,771.846,158.10866,777.2087,183.63472,787.7888,195.70392,820.9226,189.46268,836.58997,178.0153,-5.9969726,270.47946,-30.08144,214.57413,-48.693626,151.18866,-42.97052,107.8355,23.660267,57.493362,67.10566,49.128384,0.04271057069139931,1.0,2.5438819,0,1
786.1068,152.26326,846.6551,99.000984,825.04285,215.62924,885.82825,151.83896,765.4133,131.23158,769.94214,154.9662,778.0925,179.11795,788.0894,189.45259,820.094,186.96045,838.0954,177.05234,-15.38856,288.99304,-34.13202,225.256,-45.461422,157.93755,-38.26231,118.24464,23.544537,62.490616,69.70049,46.84023,0.03313898665540485,1.0,2.5438819,0,1
781.7169,153.43983,840.969,95.95341,820.527,213.66803,880.6588,149.3194,761.75476,108.7605,771.08997,132.15549,779.75385,149.29636,792.19244,163.15489,826.78955,158.45804,835.16113,152.15764,18.058805,344.8747,6.1694,269.79514,1.388422,213.13597,8.16904,157.39928,81.520584,94.96521,106.423004,90.3388,0.02818809716735473,1.0,322.580658,1,1
778.5644,150.7312,840.8794,96.198555,820.3607,213.61095,880.6356,149.30478,774.73914,114.85611,779.59106,138.06485,781.60364,149.70047,781.4374,156.81631,790.14777,166.38075,800.6129,174.76637,37.72157,286.61304,17.325714,225.29785,6.739697,196.54507,-2.101313,181.92653,2.1049938,146.13527,10.78505,109.800766,0.13115211927309864,1.0,322.580658,6,1
780.4268,150.16493,841.461,96.90123,820.12573,213.90071,880.7095,149.49005,779.42377,116.11145,783.88135,140.3377,792.19476,166.89287,784.9383,157.3951,793.7413,168.43918,803.98456,178.09607,40.254898,280.68738,18.402073,215.18199,2.4992821,141.98267,0.015069854,175.74011,3.5746694,135.86118,11.289318,96.9539,0.13257992387330905,1.0,140.8450775,4,1
779.6969,150.82744,841.1648,97.65905,819.8864,214.63501,880.5979,150.41167,775.74524,115.94922,782.1858,139.73956,791.82367,163.18039,802.78845,175.32547,793.0009,166.73837,803.08246,174.92163,35.489426,287.85742,18.049067,219.82779,8.03629,150.80957,13.994882,105.388824,6.041333,141.22717,15.007657,105.63726,0.07274973077519069,1.0,111.1111145,3,1
778.97266,154.1994,840.3759,98.27724,819.7806,214.99098,879.9407,151.28752,762.4484,112.7915,774.0172,135.6958,781.25555,149.4905,780.9053,150.78311,787.80206,158.03061,798.2285,166.14742,21.556288,324.79736,14.008812,249.92186,10.102158,205.64075,7.8300066,203.54701,11.544462,174.68279,20.654451,137.34807,0.02773341602639985,1.0,82.6446304,3,1
779.37256,152.14618,840.3238,98.381,819.9546,215.4741,879.7495,151.54034,745.40533,104.4023,759.3188,117.97368,778.69006,131.83751,789.5202,138.14684,819.0186,147.93462,834.91486,152.44838,-6.6165047,374.72748,3.579965,315.32523,23.733576,246.11536,36.70018,211.1039,81.54743,132.12045,106.88934,90.91121,0.004968362123722635,0.0,66.4451828,2,1
779.20215,152.49661,839.93823,98.58066,820.22473,215.15593,879.72003,151.51198,724.1324,98.94406,740.0171,111.2692,759.05066,124.498436,772.62274,131.79309,801.2461,146.21918,817.2231,151.49503,-38.918114,428.40598,-23.531872,368.16156,-3.4894454,300.78345,13.333464,258.16876,49.82286,170.97429,73.811356,128.35115,0.0027030639707635975,0.0,47.0588226,1,1
777.78235,153.58894,838.9621,99.24287,817.627,216.42639,877.9362,152.23262,761.40857,92.82496,772.2278,116.87949,784.3891,137.57954,795.5798,147.15944,824.5296,146.42693,838.16266,139.93854,44.81663,375.63712,34.85929,294.4419,32.244835,222.4969,41.78727,179.33972,99.54479,123.100845,136.15678,109.073204,0.023016347667686197,1.0,1.4564521,0,0
778.1311,154.17624,838.6136,98.94147,817.3286,217.02011,877.92957,152.911,768.7389,98.52393,776.02826,122.59799,785.2758,146.26866,797.71124,156.70946,825.3678,152.46666,837.9586,140.35568,52.26105,348.37604,35.28752,275.1982,23.58195,203.02193,34.823395,155.79778,94.66728,109.12681,136.67479,108.78436,0.03572863369368636,1.0,1.4564521,0,0
777.59467,154.66391,837.79565,99.68,817.13666,217.29991,877.1486,153.20116,766.2353,100.207306,774.4947,123.95396,784.5373,145.98795,796.13544,155.30968,824.5613,152.26485,837.4138,140.94629,47.220413,349.3659,32.48063,275.1242,24.163866,205.10223,35.00647,161.8837,94.87116,110.996,136.57162,108.3498,0.0314811464597783,1.0,1.4564521,0,0
775.0102,158.18156,834.2024,101.37985,813.91284,219.16684,874.0379,155.05183,756.10626,110.72444,764.4402,133.56381,773.9352,153.56255,786.4784,166.21422,820.96814,163.8932,836.61115,157.45865,23.516203,349.15775,10.360353,277.1169,3.6982942,212.27524,12.376898,159.171,82.847595,92.78529,122.3993,73.40727,0.02387071596156821,1.0,1.4564521,0,0
775.65576,161.30516,834.7645,101.05084,813.5103,219.35858,873.8162,155.12079,764.79224,112.93244,769.0948,136.19926,774.1352,155.0314,786.20886,171.88278,821.3489,168.05923,787.3488,172.35657,42.14627,331.89307,19.701159,269.50848,5.1005535,216.9006,7.1705575,154.44647,80.7752,86.42239,8.796685,150.97514,0.04871201466065977,1.0,52.2193222,2,2
775.5589,160.24365,835.0546,101.229965,813.7869,219.21796,874.0975,155.1989,764.9464,111.30697,769.58594,134.19423,775.506,155.00179,787.11053,169.85141,821.67596,167.54732,836.5809,157.08546,42.922775,332.79892,21.812986,270.1952,6.5842624,211.44612,10.365274,154.95279,80.65298,86.44946,123.816,76.300995,0.03602446247224711,1.0,52.2193222,1,1
775.0002,156.00092,834.8947,100.832405,814.8484,218.33568,874.6939,153.78687,758.9477,108.6664,767.68634,131.45813,776.0748,151.07741,789.65857,163.32204,821.7318,162.77084,838.1198,156.09293,28.81734,342.17212,16.51633,269.59616,8.133268,208.54979,18.995348,155.27501,81.55889,91.89732,122.96783,71.88349,0.023722642914916815,1.0,37.5939865,1,1
774.17285,154.10898,835.7682,98.07932,815.2049,216.05415,875.11414,151.55536,765.9537,116.14706,773.74744,138.62695,780.19183,153.04184,796.28754,170.48723,786.30396,162.14914,845.3727,161.83327,32.157207,299.2499,18.292294,233.95244,12.36432,190.68336,20.507782,123.6198,12.429899,159.94284,124.99392,42.35683,0.026023754215151712,1.0,2.5889966,0,1
773.933,152.24109,834.77234,98.21105,814.56616,216.07307,874.5246,151.41806,772.80396,120.26874,776.9403,143.3869,785.609,168.76573,797.1715,178.66475,829.48975,175.06305,844.8789,161.64665,37.71706,273.91232,16.431925,213.42921,2.131387,143.40237,11.729307,101.74594,76.59171,46.1083,124.59369,41.33227,0.035639508653697013,1.0,2.5889966,1,1
773.32153,152.37541,834.3299,97.58215,813.9654,215.88087,873.9269,150.98714,772.04346,120.45088,776.07916,142.9042,785.82043,168.84293,797.4492,178.86227,829.5648,174.23412,845.1551,160.7518,37.26263,273.3989,16.674133,215.08598,3.597477,142.00264,13.079789,99.865685,78.77348,46.080265,127.23531,40.83396,0.03427574191423255,1.0,0.3471439,0,0
772.5015,150.70667,833.73724,97.037315,813.2845,214.4888,873.3899,149.63383,765.0855,118.37664,773.35187,139.063,783.129,158.75238,795.8446,169.64989,831.5072,167.75847,844.45953,159.55992,25.68256,287.47992,15.644081,223.89995,10.095804,162.82953,20.495857,116.38102,89.843315,50.645504,126.327965,40.64066,0.023804167331797535,1.0,0.3471439,0,0
775.1567,147.81805,836.0234,92.08909,815.7155,210.2644,875.278,145.781,786.4151,120.33529,793.4865,144.20926,803.2622,167.68727,814.5648,178.34885,844.548,173.2622,860.90955,160.49017,56.348164,237.62778,39.062965,171.828,28.102325,104.5817,35.97237,61.481808,99.237236,10.963048,149.00017,1.6415437,0.03161819572130406,1.0,0.3471439,0,0
775.3941,147.9285,836.04877,92.54377,815.62396,211.11401,875.95966,145.81534,792.4651,123.992615,797.13544,147.93744,805.94666,173.16278,817.2061,184.33824,846.61865,176.37837,860.71356,161.66478,63.313923,218.58214,41.293064,157.13834,26.701128,88.75111,33.98108,45.4559,98.921295,2.2065341,146.20528,1.2354274,0.041337451897861525,1.0,0.3471439,0,0
775.9864,147.7812,836.75214,92.39483,816.1909,210.21257,876.3762,145.79616,788.2812,122.38672,795.27234,146.06255,805.47864,169.08626,817.20917,179.64398,847.066,173.08838,861.3155,161.28185,55.982006,231.48834,38.80114,165.72733,29.29999,98.33398,38.15267,54.67593,102.94692,7.714244,146.94682,1.2232636,0.0323057487034742,1.0,0.3471439,0,0
775.4016,147.48523,836.7036,92.403435,816.7334,211.40506,875.89923,145.9077,757.1374,153.30219,763.56647,175.72868,774.2352,199.81389,786.8256,209.53441,815.2303,207.08171,836.3987,192.53717,-39.33625,221.64877,-52.478546,164.8689,-59.66707,99.9797,-48.752354,59.437214,2.2452326,10.403772,57.23087,-5.213047,0.026544842025730157,1.0,0.3471439,0,0
775.9857,146.94133,836.6802,92.27784,817.8393,210.09413,876.5851,145.36542,757.28076,154.06284,763.5215,176.0841,773.57,200.1142,786.49445,210.00987,815.56335,207.32019,837.14557,192.14867,-42.023285,219.91849,-55.66051,164.17033,-64.42271,100.38665,-53.309868,58.9057,-0.7615813,9.18026,56.123997,-5.9766555,0.026487891196362093,1.0,0.3471439,0,0
777.2205,144.3805,837.859,89.47406,817.5806,207.0255,877.404,142.91351,754.5242,129.65683,760.70233,151.25266,768.5876,175.686,780.5057,185.80847,811.6181,181.93227,826.654,170.79243,-25.098742,275.942,-38.859047,216.9957,-52.06912,151.88301,-42.02548,109.65869,18.656399,57.677097,60.47336,49.55224,0.03348443459509585,1.0,0.3471439,0,0
776.5603,144.28351,837.3772,89.34053,816.98676,207.2214,877.1869,142.96494,757.8902,130.60649,762.8282,152.87604,770.6783,178.27756,781.5142,188.47314,812.0641,183.99364,827.3738,170.54749,-18.813345,265.84296,-35.708687,208.01144,-50.00826,141.39005,-41.941803,101.329346,18.211731,51.88157,63.25189,47.675777,0.038409744551584274,1.0,0.3471439,0,0
776.6892,144.37935,837.37396,89.53553,816.8962,207.18648,877.0899,142.50671,751.9008,128.3935,760.1278,150.93542,769.1941,173.95316,780.8823,183.87967,811.0015,181.30284,826.851,170.65346,-27.731152,283.6228,-38.507927,217.8395,-47.75099,152.89896,-37.80441,111.29654,19.420736,58.7017,61.89016,48.031494,0.029037792545876302,1.0,0.3471439,0,0
775.3185,147.044,836.58185,92.55913,815.9544,210.90549,875.8628,146.00963,741.1649,115.487236,750.53796,138.17003,762.55914,161.76752,774.7833,171.25777,802.0869,168.19623,818.0033,158.72723,-26.706285,334.56497,-35.400505,265.48688,-39.954227,193.02051,-28.63114,151.18771,24.382471,105.68958,66.03248,93.517166,0.02539673447909337,1.0,0.3471439,0,0
783.3507,149.78195,843.85205,95.72995,823.222,213.32101,882.91394,149.03079,752.73773,89.47601,756.66486,113.59285,765.9727,137.70686,780.5492,148.10518,807.786,144.07951,824.3977,134.01808,14.702217,402.182,-7.8274083,334.00827,-18.739847,259.85657,-3.3217623,209.00172,54.236637,164.58444,100.89855,153.02937,0.03149738549918153,1.0,0.3471439,0,0
783.9244,148.93645,844.7586,94.85405,823.8868,212.35864,883.738,148.15535,757.814,88.34067,760.7115,111.96203,768.48334,138.30501,782.308,150.13034,810.89844,143.60023,824.62823,134.12062,24.410501,393.27856,0.16597739,328.69363,-16.585253,252.70187,-4.4555335,200.5215,58.464874,159.02306,98.45568,152.04759,0.03978780984838772,1.0,0.3471439,0,0
784.2178,149.99033,844.5682,94.13618,824.1611,211.59285,883.50146,147.69472,755.21185,84.743286,761.8471,108.45283,772.665,132.94817,784.3072,143.37369,811.12164,141.06229,825.42444,133.35219,26.656141,407.59952,8.931508,337.05252,-0.9626155,259.7481,8.3385105,213.99245,63.17669,165.28453,102.01595,152.5549,0.03176598049952109,1.0,0.3471439,0,0
783.97784,147.46744,844.33997,92.53143,823.8067,209.92899,883.8878,145.32874,751.6697,107.92577,759.44244,129.95374,771.0979,151.22632,781.6112,161.13583,813.9345,160.58817,831.53687,152.42354,-14.039215,355.62308,-25.744587,287.52234,-28.720959,217.07611,-20.64377,175.53558,40.71176,113.14182,85.17455,94.445206,0.023180773999624805,1.0,0.3471439,0,0
783.1539,147.19899,844.26215,92.42934,823.7257,209.0612,883.98346,145.08365,764.25555,109.10625,767.87994,133.4306,775.48737,157.38528,785.8651,169.52419,816.58984,164.55753,831.59845,152.61043,11.797939,323.5856,-11.753094,259.86,-26.296127,192.96288,-21.641424,147.99165,40.797695,98.58999,84.89761,93.05287,0.041318686970976355,1.0,41.7536545,2,2
783.8574,146.83957,843.8966,91.733185,823.88,209.25098,883.24225,144.88,771.28217,107.143616,777.7188,131.80006,783.67365,147.87921,797.24786,168.34729,821.74493,163.7511,831.9717,153.12202,25.594997,314.7976,6.766722,244.99191,-1.6126297,198.13792,-0.7470618,129.1507,51.084217,89.91378,84.767334,90.63961,0.04566359163180926,1.0,40.6504059,1,1
783.2513,146.9531,843.51605,91.49548,822.9538,208.41116,882.90015,144.33174,764.9343,101.65011,776.0645,125.801384,786.474,146.01862,798.43494,157.78882,821.5945,157.83083,831.99274,152.34431,21.872574,341.2655,12.6070175,261.47888,7.293104,195.59561,15.442322,146.74303,59.54527,100.141594,86.92619,90.211845,0.027613916303036487,1.0,7.4962521,0,1
780.6438,146.05621,841.16016,91.34701,820.7297,208.35344,880.44775,143.92223,718.80536,85.78197,727.5203,93.127556,743.14087,105.69291,755.2517,113.390656,745.9348,107.772194,755.4578,112.6361,-45.671494,464.3395,-37.54583,428.33438,-22.486073,366.34076,-8.487684,323.98953,-19.617094,355.79126,-7.1533384,325.3976,0.005788982235324165,0.0,7.4962521,1,1
782.19336,143.48409,842.60803,89.36314,822.3351,206.10081,881.95874,142.00363,767.5498,87.82603,775.5521,110.10545,787.025,133.12497,798.0438,142.83594,828.55365,142.17535,842.75684,134.13835,42.641026,359.74277,29.083454,288.81754,22.01632,213.26175,30.96412,170.44057,91.26755,110.877464,131.06958,98.65673,0.02652518800354591,1.0,0.4243672,0,0
780.538,145.64078,841.5073,90.18143,821.06,206.96135,881.12225,142.90897,775.20734,90.81882,780.2056,115.943306,786.49066,139.81583,799.52167,152.17877,827.17175,146.75327,841.34375,133.44719,61.300938,336.56577,37.19811,266.72385,18.418798,200.8893,27.31161,148.85158,87.09418,104.715324,133.63303,103.48401,0.04293122753128661,1.0,0.4243672,0,0
779.77167,145.99571,840.6864,90.63437,820.0465,207.6653,880.1923,142.88239,778.8069,91.30078,784.08014,116.22074,790.32623,141.06003,802.7202,153.08409,826.66064,148.13406,841.1163,135.58879,69.47809,329.11548,46.01362,258.21912,25.90068,189.8259,34.09015,139.56126,86.098625,101.560394,131.97125,97.93066,0.04675967435441967,1.0,0.4243672,0,0
778.67645,145.02414,840.09717,90.381325,819.5135,207.27791,879.663,142.97057,777.1436,88.06001,785.1744,111.884415,797.47974,136.96776,808.72546,147.14061,828.2056,144.29922,840.0681,133.9961,71.21082,335.11432,54.552715,261.6137,45.31024,180.98535,53.524193,137.19687,94.75223,104.273445,132.73694,101.72133,0.036934318652951145,1.0,0.4243672,0,0
773.82153,145.27399,834.49567,90.53767,814.2874,207.93648,874.5067,143.1223,779.76196,96.56167,785.8556,120.85533,794.9422,143.34679,806.09564,154.51544,838.2036,150.94571,854.7765,140.96684,75.38922,300.59558,54.23374,230.45111,42.415646,162.61354,49.340538,117.189865,115.927414,59.895496,163.24771,45.77981,0.03063124421588942,1.0,0.4243672,0,0
773.9041,144.95703,835.0165,90.57406,814.51013,207.97386,875.1163,143.32977,791.61255,100.808716,792.8406,124.20432,798.0009,151.6454,807.82587,162.55502,840.37573,154.89606,807.94507,161.96019,92.65829,265.89886,62.690475,208.75317,37.001865,139.17247,41.762505,97.819534,113.8234,48.617157,42.729084,98.77634,0.07406291282631242,1.0,0.4243672,0,0
773.83887,145.00284,835.1514,90.335464,814.7051,207.29752,874.93317,142.89314,795.70074,100.992386,794.7084,123.94824,797.47473,152.01778,808.29083,163.8996,841.4685,154.8315,856.70624,141.042,100.61124,256.6044,66.58558,205.46918,35.243202,139.45253,40.42633,94.13025,115.428505,45.973133,165.61182,42.25882,0.04549953195076582,1.0,0.4243672,0,0
773.7353,144.02788,834.9108,90.1611,814.55835,206.8623,874.98975,142.43382,790.6972,98.062294,792.82825,122.34283,798.5653,148.27141,808.4817,159.28725,840.0998,153.5878,856.16626,140.40765,93.98595,272.75726,64.23061,211.01965,41.230625,143.03249,45.864742,101.064476,113.7161,49.84007,164.7428,43.461086,0.04497834743349775,1.0,0.4243672,0,0
773.535,145.09561,834.13007,90.23421,814.459,207.10487,874.7696,142.81313,779.0364,94.38138,787.2024,116.42064,799.51575,139.74808,809.22815,148.2424,839.7467,148.5259,855.741,140.51135,78.472855,305.86386,63.827137,236.69794,56.2298,160.1887,63.540665,122.94372,122.066505,60.92837,165.3559,44.230995,0.024909783596051425,1.0,0.4243672,0,0
772.499,141.60753,833.0661,85.84958,812.9741,203.89053,874.2334,140.69771,802.15393,108.87874,807.2052,132.11018,814.5276,154.456,825.7446,169.28224,817.41455,159.50969,827.4767,169.8068,102.23169,212.02353,80.07959,151.47186,64.49246,91.11182,66.5709,40.254288,63.417027,75.438194,69.17199,35.900555,0.09605930148821619,1.0,0.4243672,0,0
773.9159,142.31937,832.9422,85.755844,812.37476,203.8182,874.3116,141.08075,804.5867,108.80656,808.781,132.45909,815.0749,154.79417,812.8503,152.85672,818.1065,160.63712,827.667,171.33257,108.10607,209.19424,83.81925,148.7497,66.550095,89.66027,64.7009,98.03805,64.878105,71.9175,69.626526,32.26595,0.13984773425179264,1.0,0.4243672,0,0
772.1114,141.39708,832.5526,86.17708,812.1027,203.98662,873.7164,140.79868,796.79785,105.42567,803.82214,128.04768,810.4466,146.85406,825.8079,163.73904,857.808,165.43945,875.20306,157.16988,97.18089,230.24695,79.89318,165.7025,67.72082,113.01148,75.19897,49.389168,134.05655,-15.686561,179.04047,-34.051437,0.025843396597278082,1.0,0.4243672,0,0
773.98694,136.95045,835.072,81.9711,814.6474,199.77194,875.6497,135.29283,779.8898,86.65004,787.329,110.97127,796.93524,134.3504,808.0152,145.15962,838.4993,142.45346,854.28564,133.63612,77.593185,303.7889,58.98033,231.2447,46.832336,160.74634,54.013775,116.465324,116.15336,61.477474,159.76399,47.193893,0.030157358988002113,1.0,0.4243672,0,0
773.94617,136.78737,835.2862,81.69313,814.4581,200.37366,875.3482,134.39812,791.6774,90.65586,793.5377,115.49301,799.61847,143.03436,810.3867,154.80345,839.0401,146.61972,854.0818,133.37589,94.42791,270.24493,63.99736,208.28224,40.290607,136.83165,45.7834,91.98532,110.50568,51.114433,158.71742,46.563015,0.05016722678423057,1.0,0.4243672,0,0
774.0906,135.97498,835.3936,81.164085,814.50104,199.60661,875.6032,133.85533,792.6073,88.676506,794.2824,113.539566,799.8108,141.39041,810.9723,153.7303,840.52484,146.21725,854.1325,132.50653,98.061386,272.046,66.93232,209.8819,41.60426,138.43976,47.14794,91.607994,112.82446,47.866436,158.91187,47.322586,0.05357935073979035,1.0,0.4243672,0,0
773.9891,135.95996,835.35956,80.41297,814.789,198.80408,875.8264,133.39235,783.2597,82.85866,789.2935,106.68887,798.1005,132.38806,808.25824,143.63332,839.0712,141.68147,854.6691,132.20772,87.6852,303.51974,66.633865,234.59181,49.712223,160.34665,54.45667,116.900955,115.67584,59.283897,159.61856,46.334675,0.03521325695001819,1.0,0.4243672,0,0
,,,,,,,,,,,,,,,,,,,,,,,,,,,,,,,,,,6.6889634,1,1
