Top_left_x,Top_left_y,Top_right_x,Top_right_y,Bottom_left_x,Bottom_left_y,Bottom_right_x,Bottom_right_y,FR1_x,FR1_y,FR2_x,FR2_y,FG1_x,FG1_y,FG2_x,FG2_y,FB1_x,FB1_y,FB2_x,FB2_y,tf_FR1_x,tf_FR1_y,tf_FR2_x,tf_FR2_y,tf_FG1_x,tf_FG1_y,tf_FG2_x,tf_FG2_y,tf_FB1_x,tf_FB1_y,tf_FB2_x,tf_FB2_y,Bending_Coefficient,Bending_Binary,IFF,Spikes,Spikes_Filled
663.9409,254.54803,744.3895,215.15678,699.0128,335.0132,778.87585,284.83917,317.74945,327.71735,334.27225,326.52377,363.48135,330.51962,376.31375,328.00928,421.59232,326.11166,450.56323,327.94058,-502.2767,350.40686,-485.1544,341.2466,-455.51978,314.175,-441.01508,309.2381,-389.62448,278.84137,-356.04962,253.01128,0.00022696944461066904,0.0,0.0,0,0
665.4772,254.43196,745.709,214.49422,700.05975,334.03387,779.33344,284.66898,307.7849,329.51794,334.48206,328.14282,362.87817,331.04095,377.73135,328.87292,420.21396,326.31793,451.35004,329.51236,-530.5603,362.19943,-502.07596,345.93622,-472.06168,320.5557,-454.74646,313.26108,-404.45267,285.09995,-367.72467,254.41573,5.033021058247569e-05,0.0,0.0,0,0
666.54645,254.07863,747.56964,214.55916,701.94073,334.56808,782.5203,285.80408,301.1931,331.3518,325.54797,329.56055,359.71387,332.47192,373.87933,331.9898,419.46133,329.31476,447.02158,329.5711,-550.49506,360.7727,-523.5295,346.86188,-486.0199,317.26486,-469.5229,307.60056,-414.0531,277.326,-379.67902,254.82608,0.0002770215358547939,0.0,0.0,0,0
668.3046,253.0919,748.5436,214.35925,704.17194,333.27234,783.12366,284.51205,299.05887,333.46167,326.23947,330.25046,357.88306,332.85498,373.9704,330.5708,419.99646,328.93192,447.8542,328.42584,-529.6867,348.445,-502.04434,336.06213,-470.4053,310.5188,-452.68173,303.1346,-401.2699,272.6206,-368.64853,252.30916,4.695392445887722e-05,0.0,0.0,0,0
669.9153,254.17082,750.4845,215.48811,705.91144,333.7385,784.73676,285.15176,297.9363,337.96368,326.46048,334.44202,359.58057,335.75662,376.19702,333.98648,419.7348,329.90588,447.0079,326.7739,-525.0696,342.16852,-496.92905,329.63568,-464.4595,305.55646,-446.79654,297.0599,-398.51602,272.79245,-366.31357,257.7119,0.00035257292854520345,0.0,0.0,0,0
671.2841,257.24792,752.0621,217.59969,706.477,338.60425,786.8855,288.09268,299.66483,346.67914,328.60446,343.2132,357.50604,344.28003,376.93802,341.86716,420.63577,334.37607,445.88013,332.69135,-533.4515,341.12448,-503.90622,327.35886,-474.26904,305.53622,-452.94745,295.64258,-402.09418,275.8663,-371.9766,259.22946,0.00046932904489067895,0.0,0.0,0,0
671.5483,258.4096,752.11957,219.63152,707.49634,338.0912,786.2821,289.41562,295.8035,349.26538,323.225,345.73904,357.70413,346.32437,375.58817,342.77704,421.37854,335.22125,448.2265,331.40298,-530.0682,333.732,-503.32733,321.81842,-469.71115,298.0146,-450.3501,291.4852,-398.66388,271.29007,-366.73505,257.67023,0.0005817344796337604,0.0,0.0,0,0
672.24304,259.21036,752.6035,219.9329,708.53094,338.88162,787.07416,290.0259,295.29114,350.01538,323.69858,348.17038,360.34357,348.99664,375.00705,344.58627,419.3433,337.78323,448.35635,334.22852,-537.5807,339.21173,-509.91492,323.6802,-473.6485,297.52988,-456.97168,294.41827,-406.4722,273.51535,-371.81302,257.4795,0.0006779539586261233,0.0,0.0,0,0
673.7998,259.59048,753.96814,219.42345,709.10095,338.97507,788.0474,289.25595,313.19382,346.93018,332.96158,347.08392,363.07272,346.90256,382.13855,345.1979,423.5418,337.1199,446.3376,336.34,-530.273,344.07782,-510.3457,330.1389,-478.89597,308.9218,-457.8117,297.71616,-408.3682,279.81308,-381.20193,263.06293,0.0008321346998611966,0.0,0.0,0,0
674.82214,259.91785,754.6955,220.00644,709.37177,339.49716,788.6044,290.05908,304.38196,348.0387,330.59573,346.74548,361.8372,346.62045,382.72076,344.7331,426.83774,336.73422,451.31027,333.54614,-552.5274,351.7592,-524.80084,335.47275,-490.95886,312.9504,-467.04776,300.49048,-412.81955,279.99197,-381.62982,265.80142,0.0007912098909868687,0.0,0.0,0,0
675.5242,259.44394,755.37616,220.03833,710.69037,338.46384,789.6705,289.65094,314.35168,344.2799,340.15286,341.5786,366.82477,343.78668,386.82095,340.04443,428.31107,336.56357,455.76913,337.29156,-539.8907,347.0919,-512.1177,333.5818,-483.94345,310.5982,-460.46362,302.1425,-411.04395,276.24585,-377.95346,252.9002,4.37348880295804e-05,0.0,0.0,0,0
676.60986,259.58078,756.1254,220.46312,711.3426,338.8423,789.99445,289.7267,315.2094,343.96417,340.72516,342.1714,370.71738,343.86572,391.31247,340.31253,429.8791,335.99777,456.82028,336.1996,-530.8814,345.11743,-504.48254,330.6414,-473.3506,306.55994,-449.84848,297.50592,-404.573,275.68063,-372.56638,254.01265,0.00026927164553672414,0.0,0.0,0,0
677.53546,259.93246,757.1087,220.60316,712.60974,338.98837,790.9885,289.7536,318.36374,343.38055,343.63058,341.96497,371.85117,343.84073,393.49054,340.12637,432.77277,335.26532,460.32953,334.76566,-523.9952,345.17114,-498.28183,330.31628,-469.54074,307.3264,-445.13028,297.81604,-399.31104,276.44238,-366.61206,255.5552,0.0004173194541502063,0.0,0.0,0,0
680.74805,258.89087,759.7913,219.14009,715.47833,337.49487,793.48883,287.45578,319.91708,340.6972,345.59714,338.73572,375.73044,341.2907,391.75623,339.55566,436.21182,333.01917,462.47278,332.01315,-521.98035,353.86966,-495.96405,339.45767,-465.58743,313.68048,-448.042,304.8058,-396.47287,282.01578,-365.30896,262.73688,0.000642354147481773,0.0,0.0,0,0
683.4036,257.06622,763.31525,217.50865,718.5861,335.47647,796.847,285.8784,325.61557,335.85706,350.24323,334.10025,380.92093,338.0689,396.03418,336.05768,438.57916,330.26974,466.8546,330.30673,-508.37747,350.40244,-484.1203,336.8748,-454.6104,309.09088,-438.34088,301.6186,-390.31424,279.79898,-358.05573,257.66467,0.0006332606511200456,0.0,0.0,0,0
686.9141,255.58989,766.6239,216.04904,722.0076,334.44885,800.08417,284.14603,332.21313,333.46027,356.4224,330.928,385.4888,333.78714,402.71246,330.8444,444.6107,327.47876,473.5315,330.9137,-495.04935,347.92395,-471.6477,336.17548,-444.07626,311.74564,-425.80115,304.49274,-380.34082,279.45456,-349.28354,251.22435,0.0001488781675241392,0.0,0.0,0,0
690.2336,253.94536,769.51544,214.16646,725.0146,333.0628,802.8618,283.32455,359.95386,329.62036,381.11093,325.98953,407.46234,328.1202,421.21045,326.2182,456.4832,324.67157,482.79465,325.5791,-489.1201,340.6371,-466.2464,331.91718,-438.87967,309.3782,-423.18237,302.41974,-382.56464,278.07327,-351.67096,255.44319,0.00026441420465038126,0.0,0.0,0,0
691.92456,252.56972,771.219,212.50302,726.9675,330.9363,805.0766,281.9323,367.6143,325.66623,396.7485,324.0133,422.54605,323.65378,432.58417,320.82993,469.18735,320.1231,501.80505,316.8356,-501.2472,347.3138,-468.24344,328.5605,-438.35226,309.40247,-425.3888,306.49255,-380.4265,278.2146,-337.1846,256.6268,0.00013732964523719294,0.0,0.0,0,0
692.43494,253.323,771.83844,212.34348,727.2712,330.64334,805.38885,281.84903,378.9992,322.18994,402.91003,320.4168,431.35852,321.5548,441.76685,317.5905,476.23648,317.51202,514.578,313.14423,-501.4522,355.91794,-472.55304,340.28116,-438.44476,315.21075,-423.69446,313.73145,-379.42508,284.57626,-325.6109,258.60056,0.00029691079314704246,0.0,0.0,0,0
693.2777,252.64339,773.0693,211.98198,727.9254,330.48373,805.8953,280.6961,389.64752,316.69446,412.59454,315.1986,443.9256,317.84082,455.75327,316.28647,493.70514,312.84567,527.53796,309.22226,-459.4487,346.99802,-434.02353,332.67896,-399.8031,304.1371,-385.43646,297.52295,-338.15912,272.65027,-293.2453,250.18584,0.0007314447345522356,0.0,0.0,0,0
694.62305,251.59546,772.662,210.99023,728.51385,331.0483,806.33563,279.72098,405.65552,308.163,425.78757,308.635,457.41812,312.8771,475.47186,309.757,515.47064,307.53522,541.6192,305.27457,-450.96054,356.17178,-427.68176,339.7163,-391.0012,306.6658,-367.5718,297.31396,-314.99298,266.8666,-278.53888,247.47298,0.0009450888708168292,0.0,0.0,0,0
694.02,249.8257,772.52826,209.25621,728.19653,328.1445,805.06836,277.80704,424.29224,301.06915,443.6004,300.5943,476.6841,303.85953,496.90292,304.3549,536.4966,304.02747,556.6038,300.11557,-417.23013,345.77045,-395.07187,331.9643,-357.25528,300.05505,-332.61337,282.51114,-281.47092,248.92462,-252.30016,237.98167,0.0008367668013026172,0.0,0.0,0,0
692.5926,249.38219,770.6456,208.91435,727.04724,328.48868,804.8084,276.86304,444.1869,297.44336,462.96558,297.27805,494.29248,297.30194,512.7978,297.61557,553.0361,299.8798,578.09503,298.745,-394.47906,338.36945,-371.7341,323.58212,-332.52936,297.46362,-308.6552,280.91885,-255.2428,240.41438,-219.17969,218.86115,8.408822967184282e-05,0.0,0.0,0,0
690.5894,249.08623,768.9498,208.6923,724.9368,327.2807,802.45337,276.7191,464.10876,285.85342,486.6745,288.40244,511.05084,292.11133,529.65466,292.16852,566.87274,295.29852,589.12225,295.40744,-365.6946,340.9393,-338.1707,317.6188,-307.9572,289.8594,-282.98267,273.35526,-232.46532,233.14374,-200.01358,211.48747,0.0005153310322209398,0.0,0.0,0,0
689.6779,249.89392,767.6461,208.77275,723.8383,327.24524,800.72534,277.73257,475.2789,279.01025,498.46088,282.0455,524.80676,285.03824,543.21466,286.63452,583.4156,289.75125,603.8226,289.13583,-361.06912,352.45773,-330.80505,326.44128,-295.15155,296.8837,-269.28033,276.62442,-210.40944,231.42506,-177.9157,211.90056,0.0005587317750288526,0.0,0.0,0,0
689.0884,250.05608,766.98193,209.1607,723.1229,327.66165,799.5284,278.01868,491.7968,273.60056,517.02155,276.35577,541.67914,279.9107,558.2533,280.65805,598.0639,284.86948,613.29865,283.0523,-329.13937,344.94138,-296.01154,317.93948,-262.9974,288.9803,-239.25276,272.1613,-181.30661,225.28346,-156.01419,213.4158,0.0005583962053011196,0.0,0.0,0,0
688.9974,251.07582,767.0535,209.81621,723.3571,328.1527,800.0874,278.41345,509.04758,268.58206,536.21094,272.0653,557.5781,275.90964,575.3833,276.87985,609.7808,280.01086,630.0958,277.99213,-304.0705,344.45676,-267.12677,313.16992,-237.8093,285.60855,-211.41858,266.5147,-159.36032,225.7235,-124.737206,208.52925,0.0009182201476169684,0.0,0.0,0,0
690.21985,250.90121,768.1497,209.58812,723.88025,328.5888,801.3882,278.5294,526.7517,262.59595,552.3713,267.50516,576.507,272.71536,597.1283,273.76144,630.35876,276.33936,648.9035,276.93832,-283.26526,344.38913,-247.00261,310.2117,-212.29735,275.9871,-179.85812,253.01184,-126.36085,212.86227,-94.93015,191.44968,0.0009660226069784139,0.0,0.0,0,0
690.95233,250.92717,769.2811,210.22272,725.0188,329.02554,802.23553,278.99826,545.5236,258.65555,568.4817,263.81955,593.9939,269.71832,611.02216,271.43552,646.342,274.59888,665.9448,275.8949,-246.3993,329.52835,-215.05762,298.23737,-179.29016,262.1075,-153.37787,241.83987,-97.290405,199.00067,-64.53685,175.1848,0.0010386539954846661,0.0,0.0,0,0
692.68677,251.38638,769.85516,210.9055,726.14667,329.09317,803.63275,278.24512,566.4593,254.0715,588.84216,258.4925,611.83844,264.21628,627.5656,265.12457,661.5785,270.11972,682.5372,270.8753,-219.97412,328.18243,-186.72559,296.66794,-152.48428,261.01706,-126.71536,242.56471,-71.269875,194.86748,-34.232197,169.4449,0.0008660582596355041,0.0,0.0,0,0
695.297,251.76125,772.3654,210.63531,728.12866,328.6646,806.00507,278.1031,582.6449,248.98402,603.23303,254.18266,624.95447,259.36926,642.8573,262.688,676.3927,266.35342,696.5418,268.27777,-200.3471,331.62427,-168.58148,298.48114,-134.35472,263.62448,-105.065056,236.5413,-47.042843,190.18335,-10.984909,162.15279,0.001052987019804165,0.0,0.0,0,0
696.85547,251.68793,774.2374,210.3805,730.5019,328.3817,807.95337,278.18005,593.91565,246.5694,614.20105,251.04329,637.8921,257.35104,652.51324,259.86365,686.063,263.3234,704.59955,266.81543,-180.10931,324.5729,-148.70622,293.70157,-112.046196,254.57047,-88.045364,233.00142,-29.770243,187.24551,2.0935063,157.78476,0.0008347227213853905,0.0,0.0,0,0
697.6675,251.74405,775.1794,211.0744,731.731,329.1596,809.26953,278.5667,598.2093,244.98085,618.0232,249.34668,642.74066,255.66507,657.2856,258.28473,689.3731,261.9276,708.9664,264.33728,-170.43083,321.71576,-140.22574,292.1564,-102.287674,252.54831,-78.742004,231.16423,-23.727644,187.33946,10.826774,159.28975,0.0009455583027812651,0.0,0.0,0,0
697.62,253.13771,775.2236,212.06543,731.5177,330.1209,808.98413,279.30603,596.4165,244.29036,616.9117,248.61432,641.1838,255.24352,655.6373,258.25803,688.9939,261.17465,707.6715,264.4919,-171.4095,328.96732,-140.17102,298.68008,-103.33807,258.6728,-80.31849,236.42033,-22.581924,192.44026,9.481736,163.28815,0.0009398576038470443,0.0,0.0,0,0
697.28827,254.36143,774.49304,212.9972,731.6516,330.95734,808.3353,280.15964,591.21704,243.39514,610.94415,248.78896,636.01575,254.61966,651.1172,257.34564,684.3335,260.774,703.2976,264.40915,-177.48135,338.73108,-148.57224,307.11752,-110.26711,268.2281,-86.10618,245.97864,-29.340097,201.14177,2.8148668,170.99522,0.0008683575270401546,0.0,0.0,0,0
696.98785,254.3241,774.09973,214.14096,730.9826,332.1005,808.182,281.59283,588.3885,243.4483,608.3601,248.54175,632.2342,254.85901,647.7948,257.51657,680.3549,262.5271,699.7357,263.44052,-183.26775,338.71695,-153.43654,307.89133,-117.15518,269.74597,-92.02664,247.56267,-37.51397,201.00398,-2.3273394,176.87433,0.0011475669158696232,0.0,0.0,0,0
697.0207,255.03116,774.056,215.1257,730.9498,332.9306,808.18256,282.29785,589.46796,243.62772,609.8094,248.81258,633.1548,254.41048,648.04987,257.27472,680.52545,262.57178,699.25903,263.4874,-180.88925,338.48227,-150.50418,307.1114,-114.634094,271.08945,-90.79981,249.18869,-36.673946,202.1786,-2.7162867,178.84602,0.001016951370337558,0.0,0.0,0,0
696.8031,255.21754,774.0377,216.04115,731.01056,333.78638,808.1456,283.3523,592.8188,243.45378,612.6497,248.56372,635.66595,254.30272,650.7052,256.61813,683.1221,262.97528,701.7669,264.05896,-172.57516,331.8791,-143.4126,301.98532,-108.6183,266.86395,-84.38469,246.51096,-31.469671,198.23228,2.0870988,175.08514,0.000872069800004432,0.0,0.0,0,0
698.2922,256.2705,774.2941,216.90332,731.7065,334.45135,808.159,283.8679,597.47253,243.07474,619.24005,248.8069,642.70636,255.28922,657.2243,258.6402,690.48364,263.30655,708.2536,265.283,-171.1252,336.49716,-137.85059,302.0898,-101.37721,263.4968,-77.93268,240.62688,-20.46542,193.43102,11.7031,168.49416,0.0010943000369781233,0.0,0.0,0,0
699.267,257.04346,775.1521,217.26807,732.01953,334.92395,808.7731,284.27182,612.3062,246.39102,630.9915,251.95212,652.9932,257.98428,666.76215,261.3355,698.4394,265.54837,716.649,268.30124,-151.61186,319.76715,-122.44991,287.69766,-87.208084,250.47786,-64.51622,227.76968,-8.437539,182.08441,24.484211,154.31148,0.0012071128874276377,0.0,0.0,0,0
698.9307,257.6935,775.51587,217.22835,732.52386,334.98938,808.7807,284.42783,620.9899,247.881,639.7357,254.01263,660.85516,259.8587,675.238,262.6853,706.14764,268.79257,723.9797,270.96494,-132.93764,306.61487,-104.8696,273.7536,-71.85158,238.3086,-48.053097,216.20464,4.5337358,167.26624,36.993168,141.07225,0.001104887044884065,0.0,0.0,0,0
699.0314,258.21014,775.4651,218.47086,732.7446,335.96823,809.63464,285.41614,626.3692,251.02173,646.43787,256.05753,666.8945,262.50922,681.4416,265.5223,711.925,271.00345,730.90247,273.44406,-126.675064,295.53592,-95.00865,263.27567,-63.062748,226.84663,-38.80654,203.9968,13.976001,156.73874,48.652477,128.56624,0.0009976639877758854,0.0,0.0,0,0
698.5589,259.97522,775.4671,220.11098,732.4998,337.30713,809.069,286.8947,634.4213,253.89882,653.21454,259.7136,675.9555,265.9204,689.4299,269.23712,720.14886,275.6839,737.5707,277.62885,-110.71498,283.01273,-82.262375,250.66411,-46.44641,212.46118,-24.501669,190.13959,27.83269,140.28316,59.996506,114.80447,0.001001821531853746,0.0,0.0,0,0
698.5759,261.33975,774.43353,220.70802,731.7544,338.0658,808.2945,287.9161,645.10876,256.7663,662.32153,263.1796,685.73694,269.93756,698.0099,272.8289,728.1647,278.9565,746.18494,281.78845,-97.080475,272.0708,-70.18453,238.32658,-31.628992,196.21649,-10.626229,175.28041,42.765053,125.02975,76.14704,96.120995,0.0012124079639586204,0.0,0.0,0,0
697.73285,262.64917,773.7286,222.2612,731.7719,338.93295,807.9072,289.18073,650.17755,263.1349,665.8935,272.93823,689.1706,284.03415,701.39813,286.39395,733.01874,287.60455,751.9211,284.61716,-88.99412,253.36855,-67.96812,214.30037,-33.964287,163.49942,-13.08233,143.94377,46.566193,102.59703,87.01548,84.9749,0.00494188464791263,0.0,0.0,0,0
697.7511,264.0699,774.11884,222.70374,731.5423,339.88144,807.9675,290.16837,655.62244,268.13544,670.17,283.59375,688.7972,297.28027,700.81464,301.1675,733.43176,294.75812,751.5539,286.3452,-82.29574,240.35811,-67.69325,190.17345,-44.33024,139.19406,-25.245762,116.548836,42.322662,89.45665,86.0195,84.16754,0.010588694721989471,0.0,298.5074768,4,4
698.9551,263.96118,775.03107,223.24573,732.17816,340.5386,808.4981,290.29102,660.99634,271.8625,675.3497,288.1433,693.1861,302.72925,706.1577,308.22702,736.4841,297.65936,752.5724,285.63477,-77.17872,226.73671,-63.231632,175.26506,-41.8261,123.695366,-22.307354,96.704254,43.947556,80.838486,86.847496,85.73315,0.01377123041732864,0.0,169.4915314,4,4
699.14575,265.31772,775.4968,224.48882,732.76514,341.84778,808.7106,291.43137,662.44446,273.1165,677.6298,289.6928,695.4735,303.40506,709.6492,308.21698,737.764,298.94003,753.2969,287.44125,-73.90967,225.22812,-59.15782,172.63911,-37.50942,123.094864,-15.437442,96.0265,45.512505,80.0495,86.81703,84.414986,0.013212883952930396,0.0,90.0900879,3,3
699.0487,266.5229,775.04736,226.02672,732.3431,342.76978,808.77734,292.9426,655.0091,268.45255,668.71344,276.62885,737.66516,289.8807,711.83527,279.20227,739.321,289.80048,753.9877,288.3428,-84.26868,246.77374,-65.31826,213.1728,55.23467,101.22025,13.993484,156.4798,58.592476,99.294464,89.404915,83.64142,0.0005614468515765283,0.0,71.9424438,2,2
699.418,266.89777,775.99304,227.1043,733.8436,343.9546,810.0293,293.50638,638.44995,263.8186,656.0736,269.65204,678.27216,275.7662,692.73724,278.91364,721.63586,283.9123,739.64624,285.1896,-107.168236,273.3942,-80.865074,242.108,-46.11753,204.57242,-22.332174,181.40797,27.629656,136.61658,61.478786,111.74363,0.0014477828905310867,0.0,56.1797752,1,1
700.6555,267.35632,777.2699,226.57642,734.5996,344.24927,810.51404,293.94318,620.4312,262.4081,637.8675,267.3329,658.66486,272.6886,671.99585,275.41302,702.64014,279.32858,720.72894,281.59946,-139.69662,298.39194,-113.447136,269.7167,-81.094154,235.90016,-59.406605,215.31122,-6.2182097,171.68498,26.311047,145.11946,0.0012201611741063571,0.0,259.7402649,2,2
702.5457,269.29327,777.3528,228.41254,735.0716,345.38794,810.82935,294.9645,592.7556,257.63702,612.4575,262.67892,634.17865,268.60788,650.93567,271.71185,682.27325,275.5078,699.77673,278.0234,-195.2176,353.07254,-163.64525,320.11655,-128.5836,282.4232,-100.14511,256.25793,-44.29859,210.7778,-12.664358,183.87459,0.0010581959355341708,0.0,2.0426922,0,0
702.4785,268.97354,777.78,228.6581,735.5757,346.15894,811.3985,295.87878,573.78796,253.85126,596.3438,259.93292,618.27997,265.98242,634.30334,267.26404,664.8735,270.2813,685.0744,272.05884,-221.31653,373.88223,-186.9037,337.5658,-152.90614,301.29874,-125.58481,281.30588,-72.37516,240.7948,-35.957516,213.67525,0.0013348628462356894,0.0,2.0426922,0,0
702.1876,269.88736,779.13184,229.18843,736.4258,347.23465,811.6443,296.724,557.7983,251.24367,582.7838,256.61963,602.8459,261.41724,619.02136,263.1691,652.472,267.58444,672.75903,268.75293,-226.83209,382.31772,-192.58377,349.2934,-164.48106,320.90213,-139.82713,301.8204,-87.2672,259.0218,-52.791016,235.09862,0.000896055258477385,0.0,2.0426922,0,0
702.70886,271.09247,778.7441,230.19643,736.5598,347.77847,811.9346,298.08075,545.4428,247.9552,570.7698,254.23273,591.30853,258.27365,609.25574,260.09155,643.08765,265.00192,661.7261,265.58502,-257.01273,413.697,-220.47173,376.5278,-189.44583,347.9088,-160.58276,326.03732,-105.3873,280.1714,-72.33409,258.67206,0.0009016514132972343,0.0,2.0426922,0,0
702.7363,272.50674,778.5503,232.09229,736.33545,349.17255,811.9297,299.59195,536.75903,246.97409,563.0271,252.824,581.40924,256.4708,600.65533,259.24203,632.8657,263.28906,653.08984,263.92755,-272.07468,428.66483,-233.47214,391.35806,-205.5684,365.63553,-175.0867,340.45694,-122.09141,298.32675,-86.31559,275.21826,0.0009117247642509524,0.0,2.0426922,0,0
702.4801,274.09296,778.3614,233.59647,736.6572,351.29694,811.49207,300.69693,538.0977,247.59624,564.1379,253.92151,583.8578,257.948,602.0644,260.13986,633.86426,264.29965,654.0441,265.00192,-257.84778,421.278,-222.14087,385.05862,-193.85912,358.46375,-166.11273,336.5443,-116.02753,296.0804,-81.54755,273.5806,0.0009913157221826318,0.0,2.0426922,0,0
702.2825,275.67453,778.4514,234.62169,736.1221,352.40906,811.6252,301.58002,546.96875,249.12718,571.36755,255.73207,591.9299,260.0335,609.857,262.4345,642.86084,266.86554,662.76086,268.11182,-247.10364,418.97034,-212.90623,382.10907,-182.59402,353.02155,-154.67004,330.00095,-101.46344,286.10736,-67.11807,261.7902,0.0010123328222701282,0.0,2.0426922,0,0
702.4524,276.17334,778.0387,236.1568,736.35535,353.31735,811.7287,302.80878,561.1958,251.16922,584.79346,257.91016,604.20514,262.63586,622.4235,264.95697,654.5549,269.504,675.2453,271.28473,-228.56013,402.19186,-194.64105,365.15958,-165.6174,335.83713,-136.41258,312.4045,-83.44825,268.6387,-47.218063,241.9819,0.001082379312067278,0.0,2.0426922,0,0
702.4248,277.3109,777.94714,237.15497,735.5719,354.03107,811.0505,303.77612,577.0514,254.44795,598.72144,261.51532,620.87897,267.4682,638.4581,269.89078,669.4425,273.91312,688.6085,276.68973,-207.05849,385.2136,-175.35594,348.16837,-141.47202,312.37024,-112.46366,288.4957,-59.52577,245.6316,-25.910856,217.5844,0.0012132236339551647,0.0,2.0426922,0,0
702.46924,279.06674,777.03656,238.67528,735.25055,355.413,810.7069,304.72382,593.6177,259.70032,612.27814,265.8207,635.1445,272.20178,650.81604,274.6656,683.62823,280.85928,702.3964,282.4487,-187.06194,368.10687,-158.14279,334.0509,-121.48932,294.3253,-94.65528,271.04254,-37.886547,218.74797,-2.979398,192.46738,0.0011887191785902194,0.0,2.0426922,0,0
702.09033,277.54227,776.7301,238.04478,734.68396,355.58368,810.2822,304.7923,615.91455,266.7939,633.4302,272.20792,654.3716,278.68628,667.587,281.18402,699.7633,287.01056,718.81525,289.57715,-151.9572,320.0942,-124.40833,289.39722,-90.98652,252.13985,-68.48483,231.83458,-12.15277,181.74269,22.897924,153.16634,0.0012083572332466002,0.0,2.0426922,0,0
701.1598,279.82016,776.66943,238.98102,734.49225,356.4548,809.45135,306.05774,629.9572,273.233,650.18115,278.93124,672.1213,285.56476,685.40826,289.44995,716.2,294.85574,735.14764,297.4448,-125.22287,294.40005,-93.72815,260.23276,-59.110138,221.32724,-37.644825,197.60475,16.376633,149.00697,51.39338,119.688934,0.0011014992518568493,0.0,2.0426922,0,0
700.7092,280.46783,775.40955,240.00014,733.8197,357.2604,809.17847,306.80316,644.98083,279.66254,663.3248,285.96613,685.8297,292.70483,698.9243,295.67242,730.7707,303.28793,747.9641,306.101,-104.589516,266.80228,-75.52105,231.98587,-38.608166,190.87068,-16.07064,168.69296,39.51361,112.79814,71.38308,84.71517,0.0009150572555225728,0.0,2.0426922,0,0
700.2242,279.98553,775.16644,239.82567,733.4317,356.83893,808.7837,306.72287,653.2029,287.9186,669.01086,299.48224,690.6525,312.0721,703.5855,315.19843,736.087,313.16162,753.89105,309.90335,-94.544975,236.96355,-74.24228,194.0723,-44.00736,142.17003,-22.392857,120.117256,41.72233,83.992805,80.277275,67.90912,0.006466465204422476,0.0,2.0426922,0,0
699.5348,281.2406,775.0827,239.9453,732.833,357.12372,808.73846,307.06317,659.2081,293.53613,673.8522,309.23956,692.9737,323.58752,706.4254,328.33142,736.7353,319.65472,753.7741,309.78256,-85.89895,220.95918,-70.97521,170.13217,-46.95187,117.15977,-25.824512,90.8636,39.185318,70.49011,81.98352,69.110886,0.011737984701598921,0.0,162.6016235,2,2
699.3171,281.67307,774.90405,240.41911,732.5478,357.59525,808.24634,307.33228,659.27167,294.3376,673.6257,311.0581,691.5973,326.37976,704.82806,330.95578,736.5784,321.60336,753.87976,309.90912,-85.107765,219.69713,-71.58498,167.25491,-50.579624,113.84187,-29.908798,88.21461,37.968388,67.23381,82.877945,69.22285,0.012959696960691386,0.0,56.9800568,1,1
700.22046,280.80325,774.9213,240.36311,733.964,356.8536,808.6404,306.81406,658.0205,292.09692,673.1544,307.81912,690.7607,320.96503,704.7931,326.2217,736.2928,319.02646,754.9057,309.18872,-88.15672,224.6706,-72.62249,173.70499,-50.735935,125.46335,-29.124987,97.59734,36.831802,72.71335,83.088165,69.07394,0.010837592893538826,0.0,6.9881201,0,1
699.72424,280.88766,775.593,240.12718,734.0756,356.9543,808.89746,306.86246,651.66766,283.00787,666.7253,288.90698,690.0026,296.51218,703.3743,300.9818,736.08185,306.65262,753.9679,309.29257,-89.576225,249.86821,-67.427704,220.5846,-31.29478,177.66025,-10.193378,152.27814,47.542942,99.69693,80.71061,70.87128,0.0016386292751924363,0.0,6.9881201,0,1
700.36835,281.70398,775.4349,240.83055,733.58417,358.14584,808.9971,307.3894,633.6838,278.95813,653.278,285.29474,675.16327,292.11884,688.18176,295.02612,720.4612,301.93655,737.4821,303.94656,-121.73518,283.40778,-91.10208,247.43929,-56.152256,207.18097,-34.165176,185.39824,21.82945,130.81877,53.570423,104.811935,0.0011578929328618904,0.0,6.9881201,0,1
699.88293,282.29938,774.46484,241.64151,733.93176,357.92126,808.5177,307.8035,608.68463,275.39362,627.68176,281.06418,650.02875,288.00195,664.706,291.1751,698.0024,296.4344,716.2968,298.3613,-161.69397,319.17676,-132.54921,286.1193,-97.86947,245.9733,-73.67491,222.21436,-15.800937,171.19078,17.799614,144.40709,0.0013325835316352651,0.0,6.9881201,1,1
700.73364,281.75238,774.971,241.78125,733.8735,358.0128,808.89124,307.7185,579.58575,272.0662,600.2041,277.59265,622.99207,283.79196,640.59155,286.83185,671.8312,291.02924,692.0457,292.3159,-213.68329,357.49683,-181.82127,323.50784,-146.07462,285.10812,-116.84149,258.86487,-62.770615,213.78171,-25.632254,186.92834,0.0012393142348575907,0.0,1.9186493,0,0
700.8996,281.34714,776.28577,240.38623,734.8448,358.13354,809.50745,307.22675,555.6826,268.3492,578.1746,273.39725,600.4289,279.515,617.90784,281.40714,650.8714,285.237,671.2202,285.94543,-239.99406,381.00635,-207.86548,348.9532,-175.92513,314.00208,-148.36874,292.12106,-94.680115,248.78038,-58.97627,224.5391,0.0011910793011964563,0.0,1.9186493,0,0
702.5437,280.7197,777.6247,239.99078,736.3454,356.74652,810.7689,306.76877,536.7482,264.44214,561.6975,269.12265,584.01355,274.24094,602.7218,277.1266,636.9462,280.64847,655.94763,280.53836,-273.87653,409.1946,-237.79721,375.85025,-205.19847,343.19214,-176.3258,318.19302,-120.4632,274.69653,-86.74724,254.13524,0.0010118803084377677,0.0,1.9186493,0,0
703.52686,280.88745,778.5427,240.05127,737.8927,356.35617,811.93506,307.03458,522.8087,261.8591,547.3423,266.25528,570.32477,271.0663,588.35175,273.7992,625.88794,277.8114,645.4702,276.82025,-295.5892,428.564,-260.55533,396.78174,-227.2549,364.70117,-199.82996,341.15884,-139.5003,294.0112,-104.45704,275.12415,0.0009995834466912667,0.0,1.9186493,0,0
705.1487,279.57254,780.82275,238.63751,739.947,355.3957,814.0796,305.28802,517.3537,258.39392,542.138,262.32755,565.8042,267.45886,583.53906,270.34064,618.4418,274.47772,639.4822,274.20697,-293.41544,432.12518,-259.8868,402.71817,-227.6329,370.82822,-202.18904,348.28976,-149.15573,305.49112,-113.785614,284.46957,0.0008358190813074182,0.0,1.9186493,0,0
706.64056,279.4928,781.9484,238.5972,741.1522,355.005,815.42004,305.64258,520.62634,258.17303,545.02167,261.76154,567.9019,266.51633,586.1731,269.124,621.6432,272.53226,641.4622,273.4574,-300.70074,437.11124,-265.77588,407.51874,-232.94052,376.00275,-205.31203,352.76535,-148.64035,309.64508,-115.03374,286.74985,0.000678484237330995,0.0,1.9186493,0,0
708.3993,278.9024,783.1328,238.01231,742.7237,355.18073,816.65576,304.69296,529.9135,256.9746,554.48615,261.21863,577.108,266.34488,595.3535,269.33807,629.0146,272.57898,650.0815,272.86786,-287.56873,431.83917,-252.69394,400.54224,-220.37376,368.2706,-192.96106,344.06055,-139.08772,302.78818,-102.74674,279.70346,0.00094748432284389,0.0,1.9186493,0,0
709.3954,278.0778,784.6628,237.06648,743.38696,354.18112,817.85944,303.9024,542.6047,256.68784,568.3704,261.54614,588.6593,266.1671,607.1806,268.66782,641.6445,273.27667,661.7363,274.13934,-270.55817,420.49347,-233.50485,386.20914,-204.00838,356.7508,-175.35468,332.94556,-120.10416,287.16632,-85.31532,263.44662,0.0007423783225942068,0.0,1.9186493,0,0
709.5923,277.7922,785.6841,237.00407,743.97125,354.65396,819.0493,304.25983,560.486,258.88828,585.1832,264.67175,607.1634,269.28772,624.6431,271.84235,656.43823,276.12695,677.6429,276.70016,-240.32681,393.61804,-205.56686,358.68283,-173.40639,327.82993,-146.43515,305.049,-95.39645,262.93896,-58.268417,238.68655,0.0009796821621235372,0.0,1.9186493,0,0
710.64667,278.27792,785.7262,237.7784,744.44324,355.3641,819.3232,303.93185,578.47845,260.62756,601.5509,266.57193,624.5443,272.36728,642.11676,274.69986,672.08496,278.48163,692.7881,279.71906,-217.6491,379.86047,-184.12433,344.45697,-149.78845,308.56387,-121.55342,285.08633,-71.651764,244.14278,-34.84002,217.8449,0.0011590653701462447,0.0,1.9186493,0,0
712.52625,278.7916,786.2891,238.37708,745.53015,355.15677,820.1328,304.44244,600.12897,263.5016,620.15533,268.65414,642.3346,274.64377,658.2659,276.76303,691.2695,282.85626,709.5746,284.3498,-196.97029,363.28134,-165.09808,330.03033,-129.4095,291.95837,-101.85584,269.12485,-44.60764,216.7653,-10.492343,191.1891,0.0009023477674348111,0.0,1.9186493,0,0
713.99835,278.66168,786.9381,238.33427,746.4039,355.1885,821.365,304.59238,626.1418,265.88376,642.9531,271.28558,666.68616,277.97287,680.5135,280.70667,713.7639,285.6136,732.1444,288.40286,-161.43977,335.76285,-133.31104,303.48328,-92.69996,259.81287,-67.99563,236.83827,-6.366083,184.55739,28.268,154.94847,0.0012049307906674173,0.0,1.9186493,0,0
713.24097,279.65778,787.89105,238.8562,746.50183,356.35474,821.9893,305.14178,645.3159,268.94067,664.4838,275.47946,686.1438,281.94223,700.76215,283.99005,730.4998,290.02563,749.04095,292.35184,-119.247475,303.72302,-88.97824,267.21848,-53.641087,227.52013,-27.633043,205.5094,24.905159,155.54785,59.73465,126.81979,0.001197783584005271,0.0,1.9186493,0,0
712.8223,280.17834,787.67224,239.06248,746.9002,355.68484,822.01086,305.22415,662.66907,274.5026,678.70575,280.57602,702.1193,288.0207,714.5595,289.79666,748.9902,296.5787,767.006,298.56635,-89.82434,272.19495,-65.0383,240.04663,-27.236664,195.67807,-5.012745,176.5673,56.3179,118.255165,90.782814,90.32206,0.0014458664803590352,0.0,1.9186493,0,0
713.2171,281.0297,787.92346,239.93996,746.72754,356.7629,821.8086,306.2849,674.91064,285.09735,688.774,301.46402,707.6266,316.1989,719.60345,320.24045,753.3365,310.7753,767.7903,299.90063,-76.01503,236.93846,-63.028664,184.91716,-39.73599,130.88676,-20.677553,107.63351,52.502556,84.32648,91.946465,88.52598,0.013015752124134477,0.0,1.9186493,0,0
712.1048,281.90598,787.0736,241.13443,746.324,357.6645,821.03326,307.49176,679.9408,289.96332,692.92377,308.30075,710.9526,324.83853,723.8519,329.688,752.4197,316.07446,767.4403,301.5288,-67.06796,220.2877,-57.820908,165.93541,-38.10791,109.92023,-18.334368,84.0848,48.005283,75.76889,92.01441,87.00221,0.017523445894088104,1.0,416.6666565,9,9
712.5309,282.68973,787.23804,241.60846,746.32825,357.9847,820.727,307.7007,676.6098,290.3331,691.26447,306.84692,709.5191,320.70932,722.6766,324.24225,753.10443,313.89093,767.5803,301.84857,-73.83418,226.071,-59.98653,173.28392,-37.536415,121.99059,-16.005339,98.23477,51.64612,80.6379,92.36985,87.2075,0.013590457454320531,0.0,157.4803162,4,4
712.24384,282.90027,787.2981,242.03456,746.0976,357.8123,821.0373,307.71518,668.98627,286.16794,682.78845,295.10068,750.6875,305.313,749.93365,304.38568,752.5374,305.17996,767.11395,302.4642,-83.5965,244.00923,-65.44084,208.33743,55.133904,102.01692,54.501167,105.00766,58.94189,99.889786,90.99287,86.53357,0.004377327093542875,0.0,103.6269455,3,3
712.2941,283.11917,787.1875,242.2394,746.3635,358.78482,821.1361,308.054,654.8898,281.08688,673.3399,288.63782,692.9386,295.1602,708.4628,300.30545,740.91986,308.47678,755.4884,310.32373,-104.46619,271.41144,-77.11879,233.90973,-46.49285,196.79465,-21.853666,167.00154,33.04881,108.90859,59.9947,86.057884,0.0013771862530159876,0.0,68.7285233,2,2
712.97217,283.10565,787.89777,241.92075,746.8639,358.48032,821.4887,308.0809,638.3011,277.43787,656.1076,283.54,678.654,289.90204,691.09515,293.65222,724.6014,302.01254,741.9934,304.05316,-132.76358,298.85556,-105.813866,265.71155,-70.0515,226.00296,-50.17926,203.20462,5.9984846,144.22238,38.016876,117.72825,0.0009445182969730813,0.0,25.8732204,1,1
714.0193,283.3699,787.4167,242.38194,747.1663,358.19116,821.408,307.76794,613.1296,270.23206,633.0054,276.32245,658.1914,282.90393,671.32886,286.532,706.216,291.87973,723.57355,296.6595,-179.89038,350.49673,-148.22034,313.90262,-106.733765,269.50858,-84.96407,245.61394,-22.657663,190.69443,7.2194943,158.02112,0.0006924985717176265,0.0,1.9841269,0,0
714.1822,282.781,787.7488,242.44774,747.0091,358.74908,821.2958,307.9027,590.11163,263.57083,611.75836,270.633,635.67816,277.5309,651.34607,279.40802,683.22394,284.27078,702.30273,286.72443,-213.73145,384.88464,-180.71025,345.81927,-143.0673,304.03812,-116.22479,282.2221,-60.88603,234.24628,-26.461084,205.74649,0.0012408778765392351,0.0,1.9841269,0,0
712.98486,282.60498,788.23035,242.03029,747.21027,359.28824,821.3421,308.10986,569.7635,257.6626,592.983,264.68167,614.74805,269.01297,631.74414,272.3392,664.9872,276.65704,684.0419,277.9678,-225.3821,401.41785,-193.78372,365.17834,-161.92876,335.11032,-136.32524,311.0992,-82.78643,267.1424,-49.883743,243.41615,0.0011246562715105876,0.0,1.9841269,0,0
713.5927,282.99194,788.4388,242.42706,748.4389,358.5029,821.44025,307.73157,552.4285,252.44057,577.3602,258.757,596.63605,262.48083,615.3475,265.57825,649.2542,269.73517,667.26196,270.1901,-244.49356,427.19965,-211.5743,392.3364,-184.576,366.99387,-157.24217,342.76965,-104.47689,300.10843,-73.80995,280.24268,0.0010485358434427741,0.0,1.9841269,0,0
714.14624,283.46387,788.4425,241.93736,748.68823,358.8558,821.67426,307.96933,541.8754,248.61613,566.5998,254.71123,586.60956,258.65524,606.6258,261.77444,642.1882,265.88528,660.00226,265.30798,-267.35995,455.31104,-233.3261,419.8184,-204.38504,392.42938,-174.10208,366.08643,-117.0819,320.5316,-85.29853,302.58224,0.0011552117632045726,0.0,1.9841269,0,0
714.33936,282.7704,788.75385,241.51595,748.9616,358.29303,823.02057,307.18698,540.2603,246.31998,565.0076,251.8981,585.50366,255.9611,604.47095,259.03885,641.1567,263.71442,657.56244,262.7574,-275.13354,467.6507,-239.3782,431.74683,-208.71506,402.55908,-179.26663,376.49182,-119.45521,327.2569,-89.442566,311.39484,0.0010480847875374807,0.0,1.9841269,0,0
714.75867,282.09146,789.1589,241.28499,749.55664,358.037,822.93427,307.355,545.6884,245.52765,570.0965,250.62596,590.74,255.23021,610.173,258.44846,644.9577,263.12582,662.3964,262.71365,-262.25385,454.2059,-227.69435,421.20682,-197.81157,391.8549,-168.22083,365.9752,-112.43976,320.28333,-81.24913,302.6234,0.0009705027315672902,0.0,1.9841269,0,0
714.45013,282.78036,789.29517,241.96207,749.6207,357.83978,822.4771,306.9913,555.5829,247.66786,579.6517,252.58604,601.08014,258.24118,620.2526,261.0245,652.19916,265.15396,671.51746,265.62216,-237.17567,435.83676,-204.59804,404.55203,-175.4195,372.97726,-146.96106,348.80045,-97.08238,307.86365,-63.928986,286.4579,0.00102084861298628,0.0,1.9841269,0,0
714.99347,282.86188,789.4827,242.10213,749.40704,358.1565,822.6562,307.41287,571.50305,251.73361,595.24835,258.9134,616.3334,263.4329,633.978,266.0315,666.2801,269.73734,686.02997,270.98886,-223.77934,419.33298,-191.01683,381.51065,-159.89587,351.08173,-132.32245,327.53806,-79.085526,285.10492,-44.323303,260.32135,0.0012552027493866152,0.0,1.9841269,0,0
715.9976,282.4156,789.8762,242.03812,749.7708,357.9734,823.63794,307.3789,591.4143,256.85724,611.8983,262.56757,635.74286,268.28397,653.28204,272.07346,684.59814,276.14102,703.25183,278.49548,-205.8355,396.141,-174.8838,362.27863,-137.45677,324.14227,-109.03305,296.42538,-54.760864,251.67708,-21.313189,224.30103,0.000992110269554119,0.0,1.9841269,0,0
715.66376,284.77432,790.62604,241.71185,750.82294,357.55624,824.4715,306.85895,613.88367,262.31415,632.4303,267.91833,655.4255,273.47745,670.8427,276.97455,703.9687,282.14423,721.4069,283.49655,-163.39854,368.71945,-136.19461,336.08182,-100.62031,297.8144,-76.065575,272.115,-19.719297,220.51616,12.1778755,195.5098,0.0011517687967914573,0.0,1.9841269,0,0
719.03815,281.33917,792.5906,240.13882,752.1785,356.42566,826.05927,305.93994,639.05707,267.59152,656.68256,273.67276,676.71906,279.07202,690.12866,282.23007,722.4097,288.3523,740.79694,290.676,-140.40582,326.49823,-112.67175,292.56137,-79.58527,256.89835,-56.775925,233.72318,0.5438199,180.06905,35.082523,151.30429,0.0012006113893802,0.0,1.9841269,0,0
719.30164,280.5492,793.0964,239.59839,753.0188,355.9005,827.0609,305.20065,658.55316,271.07837,676.9348,277.48474,698.6374,284.29355,712.2357,286.54822,742.60803,293.7502,760.43365,295.6852,-107.09769,293.73593,-78.18919,258.05472,-42.964592,217.01233,-18.890997,195.38867,34.198765,141.16396,68.280464,113.59281,0.0012012498204934173,0.0,1.9841269,0,0
719.36035,279.87787,793.5647,239.39326,753.834,354.58975,827.6526,304.17026,675.723,276.952,689.65894,283.97812,729.9933,299.36618,729.1043,289.69534,765.07336,300.5224,778.32245,299.99405,-79.01414,258.16516,-59.263065,226.43861,3.1287735,143.84148,10.037629,166.0754,70.94668,95.934586,98.54596,79.23466,0.00206695301281515,0.0,1.9841269,0,0
720.2335,279.926,793.9771,238.71733,754.04596,354.50558,828.1237,304.03558,685.10126,283.6477,696.73737,300.09216,713.2969,314.95523,725.11646,320.189,761.28674,311.3245,779.2071,300.9386,-70.35678,234.92705,-61.817898,184.69017,-43.043472,132.48831,-25.285973,106.601295,52.41291,77.995094,98.89034,76.00711,0.013229482711508523,0.0,1.9841269,0,0
719.5897,279.65912,794.43335,238.63887,753.96344,354.29132,828.36707,303.80945,691.2265,286.8452,700.668,304.6745,714.5539,321.2417,725.77094,326.71677,763.6975,313.993,778.9119,300.67844,-59.10183,218.18384,-56.2513,168.45471,-44.461315,116.80835,-28.57185,91.54461,54.40301,68.85596,97.91447,76.90769,0.01862642428197335,1.0,270.2702637,5,5
720.01764,279.78528,794.54517,238.63991,754.28784,354.46756,828.46954,303.80136,691.9812,287.08835,702.3613,305.00558,716.5252,321.33524,730.4797,326.8075,763.3581,314.8805,779.63995,301.08224,-58.801666,217.78787,-54.23967,166.65388,-41.649235,115.0408,-20.629066,86.196785,52.44705,67.997025,98.60771,75.45037,0.01782203839711353,1.0,47.393364,1,1
721.1676,278.96237,795.4651,237.64774,755.1529,353.56076,829.40137,302.91525,687.3148,283.19873,700.56433,298.23596,719.3108,312.86963,731.14624,316.67325,763.6579,309.68433,780.3367,300.18704,-67.53627,231.84767,-55.16762,183.02486,-32.456367,128.67773,-13.570705,105.708405,55.346703,77.891304,98.28295,75.69093,0.011820574909874202,0.0,56.1797752,2,1
722.1429,277.5689,795.78625,237.34528,755.9034,353.0509,829.8083,302.66077,675.83685,274.14258,693.49634,280.20145,714.8252,287.32928,728.89954,290.44675,757.8251,295.6857,774.58203,297.19308,-85.12474,262.76422,-57.074024,228.62875,-22.541227,187.21739,1.9371382,162.98906,54.4715,114.618324,87.213974,89.17369,0.0016715767591916023,0.0,56.1797752,2,1
723.3753,278.87454,796.7049,237.43562,756.80115,353.7316,830.75684,302.84894,651.09296,269.25598,671.56635,275.2124,693.0557,281.7129,706.5916,284.5463,736.6834,289.45502,755.00433,291.3059,-129.66383,309.91263,-96.33572,272.22556,-61.065105,231.56038,-37.55508,208.46544,16.926954,159.23656,51.941246,131.06917,0.0013116669387408246,0.0,24.9687881,0,1
722.9126,277.3888,796.9715,238.00897,757.0561,353.58453,830.8556,303.12732,625.4758,262.9139,644.6462,268.6122,668.7339,275.54333,682.91724,278.00507,715.7065,281.9857,732.40594,283.8103,-164.22804,338.80112,-135.57497,306.58655,-98.57918,265.68396,-75.12489,244.67383,-17.712624,198.30385,12.810972,174.24442,0.0014145515262249532,0.0,24.9687881,1,1
724.38226,278.52835,797.6208,238.33954,757.682,353.80414,831.3885,303.0348,602.59436,257.64926,623.5254,264.08127,645.7705,270.0667,662.5291,272.01068,692.1249,275.53674,711.01373,278.28815,-207.08574,386.46912,-175.21454,349.57553,-140.2035,311.6517,-111.56384,288.44473,-59.596928,246.06444,-25.838364,217.0551,0.0012154636948749334,0.0,1.8791695,0,0
723.62616,279.71442,798.4003,238.13919,758.2838,354.25226,831.96387,303.46347,580.12085,252.3697,604.25867,259.08652,624.48956,264.41498,641.2667,266.05948,673.86566,270.4854,692.94476,271.843,-227.62254,416.00034,-193.60504,377.74597,-164.17656,345.54547,-137.25018,324.35394,-83.98983,278.95444,-50.649208,254.13544,0.0011963082823454637,0.0,1.8791695,0,0
724.52844,279.6093,799.39514,238.15988,759.5175,353.53442,833.04443,302.8811,562.17084,247.57088,587.63104,254.40527,605.3583,258.3967,623.23615,261.37985,656.9028,265.30173,673.2911,265.1423,-250.74129,442.96036,-216.03786,404.23782,-190.74762,378.27197,-163.94,353.7857,-110.35009,309.76886,-81.6329,292.14474,0.0013561261543229247,0.0,1.8791695,0,0
725.3599,279.18695,799.601,237.96028,759.7246,352.97562,833.07764,303.54083,548.82715,244.7872,573.5082,250.94449,593.5929,255.41945,613.1403,258.6043,651.9933,262.85095,667.50946,262.5825,-282.2535,466.63992,-246.97414,429.5081,-217.2407,399.77747,-186.85724,372.8132,-122.731476,321.97556,-94.6363,305.35782,0.0011784493862631506,0.0,1.8791695,0,0
725.5858,279.19156,800.0441,237.66248,760.22107,353.31897,833.498,303.37088,540.9319,243.60869,567.66864,250.0024,587.82025,254.0568,607.7735,257.5613,642.88934,261.986,662.5467,261.86514,-289.2958,473.2178,-252.11221,434.6591,-222.84142,406.4937,-192.80928,379.04858,-136.80598,332.8946,-102.24002,311.84598,0.0010305463048942754,0.0,1.8791695,0,0
726.2586,278.7248,800.2456,237.53175,760.61365,352.35477,834.16473,302.7402,541.52936,243.58545,566.4671,248.76276,587.51306,254.20338,606.7155,257.66718,641.3451,262.49182,662.20984,262.5834,-298.50446,481.38055,-261.7178,445.46686,-230.66786,412.04633,-200.79222,384.38022,-144.31429,336.27487,-106.98347,312.757,0.0010082707392776997,0.0,1.8791695,0,0
726.5128,279.14258,800.1443,237.8511,760.81085,353.18118,833.6934,303.21918,549.80646,245.27628,574.6349,252.2199,594.8572,256.52277,614.26776,259.96628,651.39374,264.29935,669.8071,264.62674,-283.88943,467.40753,-248.75038,428.1594,-218.61101,398.48648,-188.57603,370.90714,-127.49587,321.40915,-94.65266,300.0525,0.0011992790646589105,0.0,1.8791695,0,0
726.24646,279.40683,800.2499,238.16156,761.02966,353.88675,833.3811,303.1158,562.3679,247.7334,587.3898,253.95316,606.72766,258.68088,625.06366,261.9275,657.729,266.3701,676.6592,267.2206,-252.6881,440.08795,-218.76353,404.0518,-191.71393,375.5443,-164.55588,350.48984,-113.300446,307.0547,-81.00081,284.62225,0.0010739991297930727,0.0,1.8791695,0,0
727.0829,278.5951,800.9117,237.64229,760.943,353.30847,834.1415,302.37576,580.3021,249.42174,604.2871,256.30942,624.2393,261.51996,642.4394,264.17075,674.4157,269.3285,693.3911,270.70364,-235.56914,425.8216,-201.28586,386.92664,-171.7595,354.97513,-142.79868,329.9069,-90.52789,283.2097,-57.07757,258.32196,0.0011060050885353628,0.0,1.8791695,0,0
728.3904,277.2165,801.78595,236.55702,761.81,352.2058,835.18024,301.29236,600.04926,252.20067,622.0269,259.60632,643.1753,266.07507,660.3942,268.24924,690.1106,272.69287,708.8529,274.65912,-212.99744,401.60342,-180.67427,361.9867,-148.57278,324.67044,-119.801476,300.74844,-69.15482,256.62686,-35.536602,229.8282,0.0014650497781953044,0.0,1.8791695,0,0
729.0868,277.12314,802.234,236.58224,762.60394,351.73862,835.65857,300.96075,617.74646,255.80434,636.46063,262.18646,659.51605,269.1773,674.84436,271.1451,707.2506,277.5894,726.8409,278.7207,-186.6846,376.12436,-158.84503,341.68317,-123.32597,300.47955,-97.30236,278.65308,-42.401375,225.87912,-5.784202,199.20377,0.0013785854305044924,0.0,1.8791695,0,0
730.07074,276.43463,802.29004,236.3873,762.6192,351.70544,836.31903,300.76114,638.3901,259.98514,656.959,266.60742,680.12427,273.5885,693.72064,276.0075,726.03754,281.3152,743.13385,283.99902,-163.37454,349.49072,-133.5034,312.29752,-95.01864,268.50754,-70.944824,246.43571,-12.2257595,193.94922,19.639309,165.84584,0.0013539686659054596,0.0,1.8791695,0,0
729.84906,276.40634,802.8059,235.94745,762.43896,351.8936,836.65735,300.75665,660.26105,264.34842,678.3557,271.7334,700.3059,278.25998,714.87396,281.01666,744.33417,287.2533,762.86005,290.1373,-124.17105,312.54233,-95.697876,274.04932,-59.073734,232.58995,-33.23712,208.33832,19.435116,156.87228,54.179604,126.15979,0.001319571233133432,0.0,1.8791695,0,0
729.0814,277.19675,802.4921,235.74568,762.92816,350.77997,836.3985,300.98795,682.38556,270.15152,698.7491,277.0743,720.2269,284.36026,732.1376,286.04175,766.04407,294.1866,781.90045,296.12714,-83.90727,273.67825,-58.69973,238.1939,-23.722479,195.17487,-1.9887775,176.2845,58.092903,113.82356,88.67439,88.07118,0.0014913855554536542,0.0,1.8791695,0,0
728.7478,276.43338,802.8166,235.08144,763.05035,350.36282,836.152,299.90396,696.76996,281.10333,709.5383,298.11108,726.9407,313.6455,738.0893,319.0127,769.882,308.21942,784.398,297.07767,-63.904564,228.5413,-54.519444,176.39764,-35.542053,121.96006,-19.49133,96.52969,51.198013,77.10763,91.456116,81.24995,0.015611633611909911,1.0,1.8791695,0,0
728.5083,276.9217,802.5696,235.55548,762.4768,350.62747,836.06104,300.00323,706.16846,287.04428,716.99817,307.59314,732.33936,326.50577,744.42865,331.69946,774.2749,312.10104,785.08563,297.42422,-50.871613,205.17073,-47.772556,147.36757,-35.213818,88.393616,-17.337196,62.03192,57.29515,62.752785,93.50852,79.512566,0.025636176805719234,1.0,400.0,5,5
728.084,276.5364,801.7134,235.51561,761.36554,350.0853,835.22845,300.04388,709.67975,288.78192,719.226,310.1704,733.40436,328.46814,745.01294,333.83508,735.6597,329.6381,784.23517,297.23517,-46.002827,195.5609,-45.582817,136.97867,-34.12617,80.46751,-16.934181,54.348267,-30.896837,75.14098,93.78078,79.13622,0.02986875141413183,1.0,89.2857132,2,2
726.8817,276.73376,800.87506,235.52963,760.4481,350.97964,834.248,299.80853,701.8899,287.2137,715.85724,305.29028,731.6632,320.30713,742.8087,324.55527,771.73517,310.4036,783.53406,296.683,-55.799335,207.54642,-44.575047,151.1614,-27.694504,99.58896,-10.614026,76.35778,57.366802,67.17772,94.50139,80.48457,0.01933619896625165,1.0,54.4959145,2,2
726.21796,275.95905,800.05646,235.19765,760.17554,350.37286,833.50287,299.9116,685.63257,276.9935,702.54297,282.37958,721.26697,288.35895,733.0939,290.46872,764.3233,294.9324,779.37054,295.2534,-77.02115,246.43982,-50.326168,214.56958,-20.256165,178.61983,0.4898979,159.2054,57.878193,108.905174,88.253685,87.87891,0.0020129927181110796,0.0,57.6368866,2,2
725.6752,276.18375,799.5744,234.9425,759.504,350.87183,832.6056,299.7102,658.03625,272.76205,675.70264,279.47028,698.92944,286.58484,712.3834,289.93893,748.06195,298.2739,764.9715,300.5182,-120.76552,287.0493,-94.833145,252.45999,-58.71931,209.77385,-36.743828,186.19766,23.8424,122.93958,55.144867,95.59024,0.0011373031142107178,0.0,49.8753128,1,1
726.0474,276.5414,799.1123,235.02567,759.97253,350.38947,832.6039,300.0462,617.99493,266.32336,636.7619,271.82446,660.398,279.0816,675.8882,281.9919,712.3516,287.18192,728.79205,292.17227,-189.72502,349.7659,-161.26418,316.93924,-124.97458,274.07666,-99.34511,249.53941,-35.83243,193.72067,-8.618294,161.9506,0.0008020280273643442,0.0,0.1693222,0,0
725.78766,276.26428,800.1888,234.54869,760.4589,350.18213,833.134,300.5084,575.0591,260.64737,597.727,266.39352,621.6197,272.6159,637.08044,275.23062,673.98315,281.28317,688.554,280.90503,-247.55069,396.47717,-216.0165,362.47644,-181.93939,325.25818,-158.31308,303.562,-99.706375,250.28151,-73.44645,234.39375,0.00110659626493351,0.0,0.1693222,0,0
727.0549,276.80652,800.17444,234.97157,761.37305,350.17603,834.33624,300.1294,531.69507,254.92386,555.0495,259.40427,581.21436,266.55493,596.1,268.0863,629.25903,270.3683,638.69684,269.85654,-329.3581,470.54968,-294.54218,436.84976,-256.0326,393.5071,-232.10748,374.10153,-176.63373,332.2861,-159.60551,322.6952,0.0014786962887850417,0.0,0.1693222,0,0
727.93896,276.02277,802.28296,234.469,762.40686,349.52417,836.243,298.89157,497.2695,253.69109,517.9565,254.16864,541.9194,260.22076,556.77423,260.49863,591.60284,264.45108,610.1668,263.69916,-366.84003,494.82678,-337.24377,475.02402,-304.92786,439.24005,-282.57648,424.31296,-230.44414,380.77515,-199.87859,363.18585,0.0006204352213009223,0.0,0.1693222,0,0
728.859,275.00317,802.6775,233.60313,763.6,350.10934,836.4256,299.3178,458.24384,249.68866,476.70987,251.9727,509.9136,255.35649,527.1551,256.52448,558.6879,257.34222,582.89966,258.08914,-414.51236,522.6324,-391.05316,503.02283,-347.14252,468.12793,-323.28412,450.6489,-277.41992,420.39725,-240.80833,395.9454,0.0005613353946001975,0.0,0.1693222,0,0
730.1105,275.6361,804.1674,234.52042,764.5656,349.4051,837.86475,299.12885,432.01572,250.62265,449.121,252.60461,480.33386,257.74646,482.28064,261.1364,519.41736,266.28918,540.83594,267.80435,-453.8305,550.66034,-432.4655,532.8204,-393.04074,496.08206,-391.9078,487.2305,-342.7535,443.76004,-312.64996,420.9294,0.00040358672294851745,0.0,0.1693222,0,0
730.5165,275.6277,804.6169,234.19727,764.87067,348.7749,838.285,299.3287,425.35324,254.96915,442.75436,255.93114,468.5826,265.17725,480.21762,266.29834,505.91275,273.7215,528.42566,269.47397,-478.7607,556.76294,-455.7515,540.1475,-424.48953,498.2699,-408.72833,485.57822,-375.77618,446.48996,-340.41553,434.36282,0.0016852365439645068,0.0,0.1693222,0,0
731.37317,275.96606,805.2238,234.67334,765.62823,350.39752,839.3581,299.6203,417.7011,259.27798,435.3517,259.18976,465.0319,265.73587,476.64935,267.10843,500.1726,270.41125,504.86432,270.03772,-488.6284,554.4073,-465.45486,540.06934,-427.89026,500.75726,-412.44583,487.64725,-380.81018,459.4736,-373.9559,455.997,2.834516516224298e-07,0.0,0.1693222,0,0
731.47974,276.29596,806.11835,235.34802,766.0381,349.9963,840.59216,299.9831,408.8543,264.61432,428.40436,265.43793,459.05872,269.62537,470.89255,270.08057,501.39816,272.51483,517.7028,270.42728,-502.72696,550.8396,-477.48157,532.94324,-437.91412,497.8179,-421.84854,486.4879,-379.98615,453.82156,-355.41714,443.3064,0.0007299405715195942,0.0,0.1693222,0,0
732.2402,276.09354,806.44214,235.49768,767.92737,350.04108,841.03735,300.37476,414.01443,270.65814,431.2749,269.9354,457.4278,274.7697,471.16235,274.10385,505.93625,275.51172,525.2817,271.43442,-480.27084,516.489,-458.9749,504.76935,-428.25937,474.44247,-410.3494,464.66006,-364.8971,432.63342,-336.14032,424.23526,0.001181147017295127,0.0,0.1693222,0,0
733.901,276.30542,808.0334,235.40349,768.39215,349.98337,841.99677,299.82858,423.46494,274.3895,442.0013,274.22562,469.04858,279.60733,486.91693,278.57544,517.58136,277.07224,539.88684,273.98483,-480.99918,514.17993,-457.52316,499.49054,-424.49646,465.68533,-400.2493,452.41614,-357.30405,428.27856,-323.85083,414.31097,0.0014581797860545407,0.0,0.1693222,0,0
736.02563,276.00943,810.5049,234.03206,771.0779,349.42273,844.22626,299.57324,441.06458,278.5147,458.20392,278.7691,489.84744,281.7124,501.13913,281.32693,535.5945,280.28775,560.91174,279.2417,-462.3873,493.14487,-440.54556,478.3827,-400.2226,445.3155,-384.70654,436.0939,-335.92856,406.77795,-298.4003,384.90817,0.0007393207685677743,0.0,0.1693222,0,0
738.63367,275.1574,812.17114,233.1154,772.98267,349.63562,846.19135,298.564,463.3618,280.87204,482.47583,280.06387,512.2108,283.20364,526.714,283.10007,562.50446,282.74777,584.9821,282.37238,-448.7283,479.1036,-422.4425,463.71347,-382.23904,429.8204,-361.37915,416.3002,-308.16238,382.04538,-273.35934,360.02667,0.0004230192193857072,0.0,0.1693222,0,0
740.6683,273.8666,814.7603,232.28442,775.40076,348.3401,848.3649,297.557,486.1128,281.60254,503.4448,280.80777,530.1807,284.78946,549.769,285.17273,585.89294,286.41455,607.6654,285.59637,-405.15848,443.61365,-382.23566,430.4396,-348.24554,398.9437,-321.33038,380.32297,-269.9696,343.48477,-236.75032,323.56802,0.00047492789207517094,0.0,0.1693222,0,0
742.2968,273.50687,816.7093,231.80736,777.0567,346.9133,850.5244,296.3967,505.1657,284.13712,523.2106,284.14056,549.60284,287.6164,568.7199,288.97128,602.74396,291.20483,624.16516,288.99005,-386.9456,427.73117,-362.49164,411.44122,-327.45758,379.74,-300.75406,358.5531,-251.46535,319.9015,-216.96188,302.24225,0.0006261690577540013,0.0,0.1693222,0,0
743.9353,272.24435,818.26794,231.06985,778.5706,345.92157,852.1876,296.0307,522.89667,284.50534,546.29584,288.661,568.6668,290.83667,586.43744,291.9799,618.43445,293.97025,639.4688,292.70798,-370.88156,408.8253,-339.92627,378.54324,-308.6341,352.59464,-282.84344,332.69678,-234.88602,295.87152,-200.57713,276.21744,0.0009590596123253769,0.0,0.1693222,0,0
744.9674,272.29254,819.34955,230.97263,779.5396,345.90167,852.60895,295.92316,534.46454,283.89072,559.7358,290.69077,583.42053,293.10834,598.29724,294.10428,632.5817,295.7932,653.17505,297.0171,-349.1942,397.11288,-317.71497,360.2477,-285.171,332.76425,-263.89096,316.1171,-212.73776,277.65234,-180.91132,253.18025,0.001039834996341111,0.0,0.1693222,0,0
746.50226,271.9081,819.6826,230.36858,780.77405,345.02203,853.7439,294.89905,543.1829,282.91772,569.8605,289.0669,592.2868,292.35043,607.64014,294.04208,639.85443,296.16278,658.0731,297.88434,-355.38675,404.70602,-318.34573,364.77975,-285.47415,334.50568,-262.21176,314.56714,-211.21542,274.68994,-181.88545,250.36424,0.0009095369974525705,0.0,0.1693222,0,0
747.811,271.85962,820.7706,230.55563,781.8041,344.85272,854.3928,295.47647,549.4369,281.34164,575.79114,287.45978,595.6039,289.78372,613.4019,292.724,648.41956,294.95813,668.40424,296.22598,-350.77817,402.49142,-313.6444,362.89102,-283.8007,337.33722,-256.99277,312.11658,-200.42282,268.71277,-167.08406,243.15254,0.0009011708632141746,0.0,0.1693222,0,0
748.4181,271.53268,821.5181,229.97452,782.77454,344.36307,855.41846,294.6949,549.0759,279.80493,574.1323,284.77628,595.0882,288.12646,612.7488,290.69345,648.6225,293.2921,667.4828,293.94763,-349.09204,406.39746,-313.6694,370.5949,-282.91876,341.7195,-256.34,317.4572,-199.0341,272.34738,-167.4197,249.38252,0.0008938775155443941,0.0,0.1693222,0,0
748.92596,271.148,822.594,229.65079,783.3772,344.3433,856.71466,293.75943,543.68085,278.41806,570.78314,282.88068,593.01,287.1223,610.9691,289.20578,642.6099,292.70868,660.8131,293.94977,-348.92496,411.21048,-311.344,375.12662,-280.06918,343.548,-253.50523,320.37714,-205.2689,278.75314,-176.18758,255.75798,0.00057322492347982,0.0,0.1693222,0,0
749.8788,270.39755,823.64453,229.06863,784.1956,343.62378,857.3726,293.94147,538.0388,277.5156,565.8544,282.37985,588.111,287.28445,605.5849,288.8245,637.93176,292.3129,658.85535,293.33105,-361.6125,415.90295,-323.18918,378.8171,-292.24323,346.2566,-266.0854,325.05273,-216.64279,283.28955,-182.80168,258.0461,0.0007589761273884488,0.0,0.1693222,0,0
749.4331,270.1326,824.2007,228.35655,784.8025,342.5688,858.1503,292.78574,532.95386,276.36304,559.8849,281.49274,582.16455,286.575,599.18225,288.04807,632.1804,291.65952,654.6799,292.6908,-355.03403,417.269,-320.29712,381.76294,-291.26843,349.8488,-267.09427,329.8963,-219.1855,288.3638,-184.30879,261.9996,0.0008543278489001788,0.0,0.1693222,0,0
749.62683,269.15558,824.2495,227.7951,784.766,342.2214,858.383,292.3605,531.9703,276.56326,557.60596,282.31522,578.44336,286.7411,596.5733,288.5533,630.51605,292.99487,653.334,294.23288,-359.833,415.31406,-326.83508,379.66714,-299.23038,350.5152,-273.49725,328.8386,-224.42792,284.75043,-189.09383,257.72458,0.0008346688478111243,0.0,0.1693222,0,0
750.096,269.1284,824.1292,227.4019,784.76404,342.03787,858.11664,291.562,539.68536,274.89297,563.9328,280.44022,587.2764,285.88593,604.0153,287.51245,635.91077,292.33728,657.5375,294.516,-352.34113,417.92642,-320.29526,382.91403,-288.79297,348.20944,-264.4126,327.61765,-217.69518,283.58804,-184.30908,255.12202,0.0007196522825897747,0.0,0.1693222,0,0
750.6015,268.12958,823.8265,226.47095,785.4342,341.4251,858.3487,291.06747,554.89844,272.9316,578.4184,277.21375,600.2093,283.37503,617.0035,285.8729,652.5218,290.79993,671.5982,292.1613,-338.35196,409.3216,-304.9778,376.5528,-274.69553,340.87036,-249.6102,317.72015,-194.87932,268.18774,-163.7129,243.53352,0.0008141870344456338,0.0,0.1693222,0,0
750.9783,267.505,824.589,225.57925,785.62103,340.6254,858.4274,289.95184,572.95886,269.7974,596.1911,275.2182,618.04834,281.45926,635.5618,285.43405,670.7222,290.47946,689.2838,291.0271,-303.68948,394.48804,-271.7943,359.7277,-241.81004,323.86752,-216.67418,296.759,-162.73201,246.98666,-131.75487,224.32098,0.0011392687559477223,0.0,0.1693222,0,0
751.16016,266.8253,824.8306,225.05815,785.2854,340.9203,858.1716,289.87695,593.1993,270.29684,615.8382,276.23987,637.9701,282.09836,656.5166,285.48315,689.1431,291.372,705.9832,292.10678,-272.622,369.34622,-241.39868,333.94843,-210.19348,298.4349,-182.48653,271.2329,-132.18378,222.03027,-103.70892,200.69637,0.0009744687729132765,0.0,0.1693222,0,0
751.1628,267.00824,824.48285,224.91612,785.7099,340.64114,858.74786,289.48077,610.58813,270.64874,633.4202,277.3388,655.3357,283.96014,673.0522,286.75577,705.99713,292.28412,724.38934,294.32755,-250.32774,356.19083,-217.65019,317.12448,-185.85236,278.52267,-157.94623,252.25912,-104.884636,201.38394,-73.60973,174.40646,0.0011057578207321775,0.0,0.1693222,0,0
750.3088,267.15387,824.3626,225.56706,785.0059,341.13458,858.6995,290.0273,628.1989,271.84778,649.4383,278.2586,671.4545,285.58813,689.20905,289.0491,719.9196,294.031,739.79456,296.53064,-217.71835,330.47604,-187.45952,293.8577,-155.98419,253.73868,-128.4341,226.05954,-78.740166,179.04478,-45.035236,149.25125,0.0012657083039326297,0.0,0.1693222,0,0
750.82477,267.27087,824.0673,225.60509,784.684,340.47415,858.55066,289.79407,644.4739,273.11188,664.3963,279.58334,687.4138,286.78168,703.1899,290.30713,735.2393,296.2285,754.51013,298.35843,-200.49496,316.6828,-170.2102,279.06436,-134.64267,235.74547,-108.95447,208.81589,-54.858963,155.83841,-20.430319,126.38802,0.0012705560350641265,0.0,0.1693222,0,0
749.8159,267.57233,823.752,225.78893,784.8629,341.29242,857.9717,290.17648,661.94226,276.06393,680.3512,281.9197,703.06946,289.5481,716.98364,292.7126,748.1916,298.91937,765.8259,302.1856,-163.1534,285.0226,-136.59766,251.892,-103.487816,209.35101,-81.67168,186.02676,-30.70755,134.22157,-0.836594,104.58078,0.0011008941272570344,0.0,0.1693222,0,0
749.3483,268.13812,823.51794,226.20668,784.26764,341.91776,857.5261,290.8345,674.54315,283.9635,686.0224,291.9058,716.04626,307.55414,725.025,307.4602,757.318,307.60913,775.11426,305.26804,-146.49881,254.74335,-132.99399,224.93555,-93.51558,156.94112,-77.81709,146.14648,-19.908209,105.02889,15.477406,86.51727,0.005468234537069667,0.0,0.1693222,0,0
749.31885,268.7251,822.69446,227.16014,783.6883,342.99432,857.0352,291.32843,678.45636,285.87134,693.43634,302.87088,709.8535,318.325,724.3415,323.56845,758.63324,315.686,775.75165,306.09338,-142.2064,248.26639,-128.48431,194.80904,-111.406456,143.44525,-90.321106,115.1084,-23.022093,87.361435,17.341225,84.49931,0.011975371521618677,0.0,0.1693222,0,0
748.8298,269.45358,822.5595,227.76764,782.97736,343.2171,856.89435,291.73477,680.80695,286.4392,694.70575,303.39297,710.8584,319.2909,724.9881,324.75565,758.6635,316.8393,775.82214,306.2686,-137.65392,245.66565,-125.65956,192.95796,-109.24182,140.48161,-88.824554,111.91677,-22.429146,84.9684,18.872482,84.19597,0.012992176520070911,0.0,0.1693222,0,0
749.3293,269.64832,822.89044,227.48857,783.77356,343.50668,857.0482,291.691,675.357,282.84042,689.94476,295.94537,715.5764,313.1094,727.9516,316.15527,757.16,311.18253,776.29254,306.59836,-144.4593,261.2364,-128.88081,216.18796,-97.33487,149.46225,-78.05742,127.79037,-21.47071,100.40394,18.45339,84.426506,0.00820729307353949,0.0,0.1693222,0,0
749.3207,269.61023,823.2307,227.69922,784.2081,343.47433,857.2743,292.4488,667.63605,276.98923,684.9757,283.48972,705.78906,290.16278,719.6958,294.8235,751.7192,300.87567,767.55707,304.68033,-152.72418,280.7202,-128.076,247.20964,-97.129776,208.71498,-76.268196,182.13835,-23.157343,129.38824,3.1588151,100.8297,0.0012232004201948967,0.0,0.1693222,0,0
750.1798,270.0321,823.2221,228.58449,784.26013,344.05234,857.5289,293.02264,644.81256,271.88327,664.97076,278.18774,687.70233,284.9928,703.39233,288.92862,735.1321,294.7426,753.29266,298.41602,-193.57874,321.77216,-163.25562,285.06653,-128.3339,243.72229,-103.322815,216.43414,-49.969883,164.73257,-18.988186,133.68242,0.0009078739729398997,0.0,0.1693222,0,0
750.0989,270.81848,823.72626,228.84053,784.4904,344.86404,858.28217,293.6083,621.7923,265.60468,643.73315,273.87,667.2772,281.02396,681.6644,282.87,714.97363,288.50806,733.92426,292.62866,-226.50574,362.92145,-195.08409,320.4411,-159.76387,278.03296,-136.08263,257.2714,-80.95504,205.04306,-49.54329,172.6055,0.0011594523858736102,0.0,0.1693222,0,0
750.0591,272.39966,823.55585,229.37387,784.9717,346.09122,857.8911,294.89096,598.7186,259.38382,623.2653,267.68567,644.01337,273.20236,661.66364,276.37875,699.12305,283.19165,713.6203,285.6325,-258.1327,405.06854,-223.50099,360.76736,-192.67525,325.91544,-164.90202,299.03134,-104.34378,240.20291,-80.11641,217.24374,0.0009654224373617886,0.0,0.1693222,0,0
750.2288,272.64798,824.13654,230.65886,785.2569,346.08002,858.3861,295.25208,580.8761,253.4956,605.0784,260.20712,627.09674,266.2397,644.7596,269.92508,683.74927,276.7005,699.2212,276.39487,-276.98535,431.06308,-243.41983,392.24628,-212.16353,356.31592,-185.81238,329.45087,-124.7966,271.2541,-97.438835,253.95029,0.0011333452344531832,0.0,0.1693222,0,0
750.53876,273.0798,823.8643,230.87347,784.93207,346.82727,858.6686,295.7382,568.6639,247.92247,594.31726,255.06294,615.4588,260.87357,632.327,264.44095,669.3321,270.23026,687.6967,270.1128,-307.11588,469.33972,-268.9293,425.66748,-236.95583,389.3231,-210.43704,362.4049,-149.58629,306.7249,-116.36178,285.15796,0.0012730877259123723,0.0,0.1693222,0,0
749.69714,273.99213,823.4668,231.56627,784.6126,347.80826,858.3792,296.4963,564.4624,242.53156,590.031,250.30421,610.3936,256.22827,627.751,258.61746,663.85974,264.34412,681.3332,266.64313,-302.41904,482.51318,-265.81998,438.52664,-236.05035,403.5543,-208.56433,379.353,-150.4001,325.9456,-121.15519,300.4866,0.0010732650524604796,0.0,0.1693222,0,0
748.94196,274.05692,823.0559,231.72525,784.4403,347.7565,857.5968,296.6416,567.87244,239.35678,592.7072,247.01912,612.47754,252.59322,629.8275,256.19644,666.5061,262.0018,684.5846,263.4166,-283.19568,474.91397,-249.57948,434.07126,-221.91588,402.04047,-196.30676,376.2498,-139.15051,324.0522,-108.88856,300.65353,0.001217323396833559,0.0,0.1693222,0,0
748.69226,274.26196,821.9003,231.72157,783.6253,347.89243,856.7178,296.93216,576.1269,237.42961,600.6935,246.00212,620.7949,251.04463,639.216,255.37009,672.58936,261.83887,692.266,262.85135,-281.52563,483.3345,-246.12708,437.87122,-215.41841,404.64835,-186.63913,374.4118,-132.32535,321.54056,-97.24952,295.92438,0.0012542911410482393,0.0,0.1693222,0,0
748.4401,274.62515,821.1099,232.30113,783.0915,348.54266,856.27374,296.72696,593.48926,238.9712,617.1041,246.2253,637.0028,252.99628,655.517,257.12787,686.0217,263.81107,706.4263,266.12048,-256.03354,467.69687,-220.04631,424.51053,-189.79605,386.12592,-159.83432,355.1112,-109.456955,303.3491,-73.32087,272.98862,0.0010844510030312941,0.0,0.1693222,0,0
747.896,273.17847,820.8109,231.3681,782.01196,348.5248,855.29736,296.26108,613.6209,240.81662,635.7419,248.25778,658.6305,256.48044,676.9668,261.23483,706.15594,267.08194,725.0095,269.93628,-220.33511,430.6465,-187.1468,389.5677,-152.6492,345.22534,-123.35548,313.42706,-74.44121,265.6706,-41.330856,236.16147,0.0012531826442280314,0.0,0.1693222,0,0
744.2951,275.40198,819.9125,231.82623,781.541,347.88446,854.7165,296.2632,637.8213,244.16629,656.9491,250.9366,680.40814,259.385,697.1289,264.6278,729.8782,273.4383,748.5612,275.2428,-155.05327,387.3525,-129.68962,353.08557,-97.898544,309.65903,-74.01284,279.62427,-24.375534,222.03511,8.026319,194.9916,0.0012150853674062524,0.0,0.1693222,0,0
748.64636,272.30515,820.1055,231.33528,781.3795,347.4829,855.06885,295.85275,665.6642,249.89844,683.4252,257.11572,703.87756,265.36118,718.04407,269.4322,748.62946,278.20685,766.8888,281.4951,-146.9806,359.75134,-117.5621,319.95404,-83.682915,274.34558,-58.941105,246.62999,-5.2139783,186.49278,28.848757,154.73305,0.0013528776491568658,0.0,0.1693222,0,0
747.21954,272.5607,819.8592,230.68614,781.5342,347.02628,855.09094,295.0348,676.54565,257.62082,692.1731,272.64575,712.4274,286.6176,723.30426,291.21765,757.41736,288.70633,776.19244,283.5917,-122.2041,322.87012,-104.699036,269.28586,-78.13979,213.08487,-61.63896,189.364,5.3546634,150.74089,47.223755,136.85379,0.00846081988116534,0.0,0.1693222,0,0
746.366,272.85547,819.65784,230.96417,780.7156,347.19644,854.63654,295.2407,681.3983,260.6326,694.2706,279.29037,711.703,296.00458,725.5059,302.37698,758.26373,293.11703,775.8902,284.95316,-112.26733,308.54996,-102.910484,250.68889,-84.135994,192.80745,-64.10501,162.00066,4.863168,139.68803,46.884155,134.04788,0.013441926445956943,0.0,0.1693222,0,0
745.89404,273.0802,818.8682,230.95738,780.14325,347.61484,853.95123,295.33365,680.8926,260.19186,694.954,278.44858,712.5528,293.9759,726.862,299.3887,757.81604,292.86002,775.52637,284.5773,-112.59943,311.06558,-100.552284,252.31435,-80.3018,196.4328,-58.349796,166.78847,5.4562235,140.63979,47.89486,134.96255,0.012220151864399679,0.0,0.1693222,0,0
745.4611,273.04214,818.6663,230.76935,780.1159,347.49298,853.83356,295.29773,675.10864,254.58768,689.4818,265.456,711.89923,280.35135,725.0859,283.35696,756.85077,285.6742,775.2605,283.50436,-117.13208,329.44812,-99.1971,287.2115,-69.77389,226.3252,-47.771,203.18082,10.646115,157.11874,48.882164,137.31682,0.0059944553496824,0.0,0.1693222,0,0
746.32733,273.66205,818.8676,229.91176,780.0472,347.12347,853.72675,295.16077,664.7447,247.30495,682.2249,255.2706,702.152,262.78024,715.30994,266.90314,745.9402,274.97598,763.774,278.42307,-137.13396,368.5868,-109.851395,327.2925,-77.44598,283.85226,-55.27989,257.0111,-1.9724452,197.56711,30.53969,165.42506,0.0015593200829786898,0.0,0.1693222,0,0
743.5673,273.98642,817.89844,230.68893,779.61676,347.4428,852.8675,295.242,637.57855,240.57675,655.127,247.3252,678.37836,255.89104,694.8789,261.003,727.59796,268.74603,746.6059,271.9901,-160.68132,398.66797,-136.13835,364.42953,-102.75769,319.1214,-77.84963,288.55164,-25.103794,231.72397,7.6198287,200.49973,0.0012996664631835149,0.0,0.1693222,0,0
744.4349,272.70807,817.6452,230.64644,778.7933,346.9536,852.6963,294.58942,613.8555,234.261,636.35144,242.36292,658.8396,250.85287,677.2011,254.97734,706.2874,261.54868,724.8342,264.97418,-210.42532,447.0833,-176.3639,402.34564,-142.23415,356.22427,-112.033394,324.84586,-63.32138,274.11432,-31.014183,242.9163,0.001193509374773651,0.0,0.1693222,0,0
742.8455,272.93393,816.5002,230.6356,777.7792,347.194,851.55664,294.53897,591.7348,228.08432,616.3759,236.74513,637.62177,244.29793,654.69977,248.76396,685.3536,254.95009,704.462,257.43008,-235.01154,479.02298,-199.3893,432.48022,-168.28064,391.55762,-141.83038,362.02188,-91.96008,312.16974,-58.962505,283.50406,0.001348414025035852,0.0,0.1693222,0,0
741.7779,272.87906,815.4462,230.15529,777.3634,347.41446,849.894,294.87952,576.1707,222.21129,601.86804,230.86372,622.0779,238.5533,640.3994,242.55276,671.1238,249.95837,690.2856,251.30934,-245.68057,493.727,-210.87805,449.7221,-183.47688,412.32993,-156.07817,384.46408,-109.24987,334.72647,-76.499084,310.06982,0.0013251660998675765,0.0,0.1693222,0,0
740.4633,272.97464,814.9226,230.97739,776.25964,348.32123,849.544,295.33176,569.4307,218.20418,594.2504,226.85492,613.9436,233.8664,631.8483,237.85,664.3106,245.98079,682.4333,247.4803,-246.06297,501.22528,-213.65126,459.42758,-187.42459,425.15076,-161.51689,398.78177,-113.607056,347.2855,-83.623665,324.46402,0.0012136311794619771,0.0,0.1693222,0,0
739.3059,273.51178,813.79816,231.5363,774.9708,348.84113,848.2494,295.9949,569.8148,214.17403,593.6224,222.96497,611.90845,229.51793,631.41547,234.86862,664.46564,244.17671,683.28064,245.13043,-241.37718,509.80096,-210.36462,468.59482,-185.9011,436.7139,-158.17532,405.75156,-109.82247,351.0036,-78.001564,328.6902,0.001271552508096322,0.0,0.1693222,0,0
738.34204,274.0989,812.01697,231.09613,773.70154,348.92288,846.4934,296.4898,575.5292,210.9957,598.5186,219.02037,619.2339,227.26299,638.2664,232.838,670.1983,240.67654,689.19824,243.70969,-237.53688,522.2517,-205.35,481.4337,-176.4814,441.6003,-148.06003,408.96338,-97.91864,356.2104,-65.86381,327.62637,0.0011644392232503492,0.0,0.1693222,0,0
737.6932,273.97702,811.51154,231.26825,773.0055,348.32013,846.2015,296.20584,588.8017,209.9947,610.91,218.31975,632.63873,226.98972,649.89685,232.26575,681.3033,240.93347,700.3509,243.11166,-215.59737,514.71875,-184.13382,472.77054,-153.03827,429.68918,-126.75307,398.734,-77.05925,343.2821,-43.49193,315.92953,0.0013364238861141534,0.0,0.1693222,0,0
736.9843,273.32654,810.96124,231.55408,772.7529,348.87512,845.8571,296.28125,606.6523,208.5476,628.169,218.29947,650.26874,227.55374,666.8749,232.18121,697.35736,240.29613,716.39484,243.82864,-180.30078,490.57663,-150.97098,446.6159,-119.76956,402.49036,-94.129326,374.2298,-45.426266,321.78778,-12.711717,291.61053,0.0015638375339744807,0.0,0.1693222,0,0
737.3677,274.369,810.3784,231.74503,771.9491,349.3817,844.81805,297.03577,629.51776,210.87335,646.8668,218.64424,669.0483,228.70132,685.01434,233.65257,716.62585,243.74762,733.998,248.24702,-150.79631,475.65973,-124.96865,437.7673,-91.68432,388.50034,-65.579834,358.10977,-13.107966,296.03122,17.303612,263.65823,0.0012315105811037156,0.0,0.1693222,0,0
736.5794,274.97925,809.8889,232.67163,771.09344,349.6683,844.72314,297.33167,651.6485,216.07051,667.67694,224.4459,689.0998,233.91867,702.4525,238.17749,733.0226,248.58876,750.0418,253.27081,-112.75246,443.32883,-89.16278,403.96692,-56.045403,355.33017,-33.81842,328.78098,17.234074,265.48383,47.195934,232.31332,0.0013859388427312493,0.0,0.1693222,0,0
735.6778,275.87952,809.1694,233.06636,770.23285,350.3766,843.94934,297.9939,665.9789,224.5452,676.8401,231.38963,737.89966,260.25015,736.9536,259.06665,745.7036,256.74158,762.419,258.64987,-89.62061,406.5907,-74.616005,377.01038,18.702066,232.5668,17.929192,236.53041,37.669865,230.48845,69.883125,203.82265,0.005112978544650671,0.0,0.1693222,0,0
735.95374,276.98962,808.8401,233.2512,770.23804,350.13663,843.7802,298.07004,670.32117,229.63095,682.9462,246.62053,700.95233,262.5341,713.20557,268.3474,746.50775,265.541,764.26904,260.0267,-86.53669,397.3181,-76.47846,340.02798,-55.33679,279.37198,-36.68342,249.93758,31.874086,211.69318,73.70807,199.9331,0.011214296805326793,0.0,0.1693222,0,0
736.37384,276.38135,809.0324,233.51315,770.1066,350.7945,843.23505,298.4606,674.9115,232.6449,686.6264,250.90468,703.46857,268.98657,718.8606,274.7124,747.9583,269.70676,764.6999,259.45917,-82.60007,380.56793,-74.88885,322.2962,-57.463886,259.30777,-32.70739,226.65282,29.217,199.63553,73.60987,200.48846,0.01471767207054562,0.0,0.1693222,0,0
736.7012,277.32675,809.10815,233.6184,770.5162,350.2191,843.74493,298.4229,674.5216,230.40231,688.65314,247.2952,706.43225,263.92963,718.9403,269.34506,749.71967,265.94955,764.8481,260.18643,-81.65089,393.6337,-68.2826,334.07196,-47.790558,271.39438,-27.95584,242.20186,37.062557,208.08751,74.10027,200.34818,0.011958622737071949,0.0,0.1693222,0,0
736.5164,275.85852,809.38824,233.26059,771.3035,350.26727,844.2766,298.0319,665.9069,220.014,682.8487,229.5843,704.12225,238.12325,716.48737,244.47046,744.8346,253.54233,760.9635,257.64554,-87.59641,418.61908,-63.15677,375.06424,-29.254358,328.5169,-10.638436,297.9149,37.640797,240.0666,66.63797,209.0679,0.0017085124363026827,0.0,0.1693222,0,0
736.0664,275.19577,809.5857,232.25034,771.1579,349.26556,844.7288,297.1211,652.52,213.80116,666.56555,221.53242,686.27545,229.82083,700.1682,235.60387,730.5298,245.37529,749.93896,248.26549,-106.023705,446.88007,-85.93814,411.49283,-55.426857,367.8559,-33.69323,336.99066,17.065195,275.5577,53.44638,243.4805,0.00206270292469644,0.0,0.1693222,0,0
736.4942,274.5946,809.56525,231.7758,771.3476,349.3996,844.14355,296.70605,625.3826,204.72516,643.83295,212.75645,666.28375,222.75693,680.4798,227.37634,711.1625,237.62416,729.4593,241.20795,-150.18628,494.86935,-122.7512,455.1281,-89.1339,405.61185,-66.22233,378.0662,-15.985638,316.75558,16.979279,285.40823,0.001337762867660746,0.0,0.1693222,0,0
736.31476,274.0605,809.7899,232.01,771.85913,348.92816,844.4192,296.43442,604.9652,197.42331,625.9429,207.63803,647.9969,217.8114,663.9222,221.85667,694.6143,231.07146,714.05176,234.12321,-174.8369,523.4145,-146.22485,478.13205,-115.24851,431.15436,-89.91699,404.6389,-40.91563,348.66818,-6.4369287,318.82013,0.0018040358769522088,0.0,0.1693222,0,0
736.3738,273.68463,810.1066,230.71658,772.20374,347.8514,845.2665,295.95258,592.30914,192.48914,614.8641,202.845,635.3894,212.37248,650.89374,216.0282,682.5422,226.87584,699.84515,228.95334,-195.00792,551.6581,-163.46529,503.67258,-134.46689,459.18582,-109.44369,433.65372,-60.07623,372.22638,-29.025137,347.0333,0.0015780729481486844,0.0,0.1693222,0,0
737.33954,273.06244,810.37885,230.39565,772.12146,347.4986,844.75116,295.41135,585.2228,188.3997,608.55896,198.52315,630.0039,207.76224,646.741,212.19977,678.88513,223.23569,695.99963,225.4705,-211.93011,572.3147,-178.20699,523.72296,-146.72585,478.58722,-119.69038,449.67517,-68.63252,386.72702,-37.68004,361.26495,0.0012627220043596103,0.0,0.1693222,0,0
736.7282,272.27438,809.733,229.4931,771.4391,346.4732,843.7461,294.60352,587.3096,186.9724,609.6293,196.9947,631.43945,205.636,647.3065,210.51024,679.39325,222.16061,696.51917,224.50876,-205.24078,567.8854,-173.53128,521.1879,-141.1911,477.63596,-116.19289,448.87253,-65.974464,385.05225,-35.166245,359.45193,0.0011248743028765176,0.0,0.1693222,0,0
735.0197,271.8821,808.7258,229.64906,770.9919,346.7012,843.2006,294.41327,593.6184,187.72873,616.3805,199.08403,637.44116,207.47916,651.0216,212.38991,685.4537,222.949,703.11554,226.37376,-182.06909,543.15546,-152.32346,495.3052,-122.6648,455.18176,-102.79022,430.01883,-49.37228,368.8881,-19.259779,341.164,0.001500641216147653,0.0,0.1693222,0,0
735.59155,271.8029,808.08673,229.44455,770.0869,346.47467,842.90643,294.07095,608.0873,190.86232,629.88654,202.29178,652.72174,212.80675,667.58014,217.82762,698.7659,227.02663,716.77106,231.14624,-176.83415,548.3108,-144.7593,494.85483,-109.85116,442.27017,-85.49286,412.3794,-32.409973,352.00128,-0.07846784,319.4083,0.0017728039911891072,0.0,0.1693222,0,0
734.18317,271.1695,807.48615,229.28088,769.67975,345.83905,841.9992,294.21683,625.78143,197.25284,643.9526,205.8139,666.91864,216.71562,681.6111,222.12572,714.6484,234.2076,730.9899,238.71617,-138.12378,493.0598,-112.31384,453.94858,-79.24315,403.5366,-56.43564,374.53732,-3.8507903,307.97073,24.22583,277.65744,0.0011276784978835788,0.0,0.1693222,0,0
734.5987,271.82285,807.28394,228.56955,769.69904,345.652,842.10065,293.47482,651.551,206.36288,666.3407,215.46442,687.10803,224.42213,700.2946,230.48051,731.5107,241.5803,746.7663,246.42924,-101.69302,455.41977,-81.32205,415.93198,-49.228317,369.44803,-28.993824,338.76755,22.596384,272.89285,48.81073,241.49826,0.0015276034511563267,0.0,0.1693222,0,0
734.22015,271.00803,806.7193,227.61584,768.81287,345.4177,841.6342,292.63022,667.8183,211.46236,684.7856,222.17528,705.4042,231.50331,719.3742,238.42441,747.6338,249.56618,763.8733,253.65872,-77.41611,424.97784,-53.42852,377.6235,-20.959633,328.99295,0.6067981,294.41953,47.286854,230.74268,76.76557,199.08044,0.0017966913441691689,0.0,0.1693222,0,0
732.94147,270.61066,806.9373,227.80273,768.97003,345.06857,841.3427,292.5378,680.6896,221.55324,694.03186,236.57002,718.91125,257.89447,732.845,260.64563,759.12225,261.34488,777.0919,258.28555,-53.574703,372.11765,-42.083496,322.54364,-14.817068,245.27646,8.980583,222.00403,59.69744,186.77339,99.56311,169.66188,0.008903974497080342,0.0,0.1693222,0,0
733.6731,269.521,806.5812,227.09718,768.18097,344.24496,841.29865,291.88626,686.928,227.17468,697.3293,247.2086,712.8773,266.1651,726.2725,272.50497,757.85486,268.54684,776.48596,258.33167,-53.729336,357.33176,-50.702347,296.8748,-37.108498,234.11736,-16.968246,202.92592,48.907703,170.23009,97.701515,168.01048,0.016066406976454867,1.0,0.1693222,0,0
733.091,269.63177,806.0628,226.58722,767.954,343.94995,841.0353,291.28134,688.51025,228.95885,698.3069,249.66711,713.08057,269.16852,726.4426,275.22583,758.58105,269.11523,776.1341,258.37988,-50.125202,350.86893,-49.19985,289.8056,-37.90977,226.9273,-17.807745,196.31918,50.85731,167.11154,97.84328,167.1899,0.017886912848404175,1.0,0.1693222,0,0
732.5056,268.2042,805.29834,225.74289,766.8824,343.18036,839.7966,290.5426,684.14294,227.3207,695.9026,246.36467,712.05585,264.23688,728.30597,269.89447,758.10785,265.55167,775.45953,256.50253,-58.281746,355.37836,-51.67058,295.91504,-35.91949,235.02293,-9.645497,201.68279,53.42756,172.03886,98.569435,168.86833,0.014116600948493064,0.0,0.1693222,0,0
729.3371,269.32202,803.0402,226.23862,764.5437,343.82684,837.8298,291.0322,674.66693,220.78452,687.1737,231.591,735.2875,260.9698,739.0197,259.44702,757.1003,256.64102,773.70825,256.67966,-61.207584,379.1537,-46.86094,338.61395,19.185375,210.90227,27.939693,209.47058,66.8595,191.89061,101.03712,169.21156,0.007298829395189535,0.0,0.1693222,0,0
727.6361,269.6853,800.0559,226.44498,762.1513,343.49985,834.9049,290.94916,656.7446,216.83026,672.53436,224.68864,693.8339,234.05551,706.5861,238.85406,736.66614,248.74745,754.1076,251.63934,-91.51252,415.19638,-67.62303,376.4284,-34.159313,326.88187,-13.260005,298.97092,37.95832,235.77023,70.996826,205.198,0.001808859940368439,0.0,0.1693222,0,0
725.9223,269.8017,798.19855,226.5202,760.1442,343.9566,832.7803,290.97208,631.3826,210.22787,651.47217,220.05098,671.7628,229.06642,684.6328,233.51118,715.76953,243.61522,732.69727,248.32445,-131.81987,460.42865,-101.49988,411.99866,-69.95821,365.03186,-48.73527,338.137,3.8745437,273.76828,33.67233,240.07614,0.0013657972089082477,0.0,0.1693222,0,0
723.69653,269.7062,796.615,226.55693,758.84546,344.87207,831.1435,291.10193,610.9689,205.519,629.5344,215.3611,653.3414,225.83022,664.9518,229.53175,697.3899,238.53346,713.95166,243.03558,-154.35245,480.09402,-128.9196,436.67065,-94.26337,385.45374,-76.0132,363.46228,-22.712725,303.77945,5.329255,272.69424,0.0017534884653912404,0.0,0.1693222,0,0
722.2474,269.06448,795.62024,226.15454,757.9281,343.77383,830.5262,291.20917,593.7676,200.23593,613.93506,210.87448,636.50775,220.72687,648.4687,226.5316,684.76733,234.43484,702.40063,237.46211,-176.88382,504.47855,-149.78331,458.43408,-117.4967,411.11853,-100.642166,384.36978,-40.26162,324.2839,-9.242843,296.0408,0.002313157474755839,0.0,0.1693222,0,0
722.1637,268.13828,795.7128,225.92749,757.96906,343.2631,830.13464,290.41852,590.7325,196.88069,612.77765,207.43208,629.28705,215.90953,643.24194,221.34506,679.78424,230.55418,698.3836,233.86534,-175.24547,504.76718,-146.04643,459.03354,-124.236824,422.8552,-104.24195,395.91638,-46.185978,335.04172,-14.258976,306.0543,0.002139041144005763,0.0,0.1693222,0,0
722.7577,268.31668,796.4712,225.54562,758.8241,343.0951,830.71716,290.41977,593.28094,194.2253,614.4692,203.72893,633.4201,212.20049,647.40173,216.65367,681.383,228.01503,700.34595,231.56761,-167.42445,505.98676,-139.28429,464.1632,-113.56349,426.0341,-92.8163,401.53375,-41.256413,338.86176,-8.948601,309.05588,0.0013614761022781178,0.0,0.1693222,0,0
723.57465,269.43826,796.47327,226.17404,758.5511,343.78287,830.9962,290.96143,599.898,190.77396,619.53973,201.1436,642.7857,212.58301,658.197,217.33154,689.7298,227.40599,708.6751,231.68336,-165.03876,530.38556,-137.53291,483.78165,-103.99619,430.10898,-79.18416,400.9877,-27.648058,339.2684,5.683706,305.55362,0.0017694880072265792,0.0,0.1693222,0,0
723.6849,269.32706,796.4673,226.30266,758.7171,343.78766,830.91595,290.77072,612.11285,191.30014,631.1734,200.37228,655.5567,212.16913,669.35284,217.08345,702.123,228.94307,719.7516,232.80612,-142.9824,514.9028,-115.40814,472.0166,-79.812836,415.94186,-57.936085,388.11276,-5.0611405,320.18573,26.45017,288.80518,0.0013784349284347254,0.0,0.1693222,0,0
723.7832,269.70325,796.3094,225.84837,758.3949,344.12,831.14075,291.0338,632.3514,194.3635,648.732,204.53838,670.77576,214.24298,685.35376,219.993,716.30145,231.73628,734.13855,236.48125,-112.38556,494.11032,-89.180046,448.92517,-54.472363,397.9043,-30.753143,365.55188,20.609062,297.21115,52.618797,262.10187,0.0015432529582860143,0.0,0.1693222,0,0
723.67523,270.04788,796.2757,226.54004,758.79004,344.34354,831.4346,291.2473,652.968,198.59862,669.95215,209.10164,691.90155,219.0299,706.25323,226.14565,735.74524,237.68542,753.2961,243.00526,-73.7263,458.8689,-49.759953,411.94034,-15.369298,360.1576,6.692077,324.52237,55.487797,258.0589,86.551384,221.61081,0.001492563370960439,0.0,0.1693222,0,0
723.3382,270.22467,796.0181,226.98947,758.84296,344.5105,831.1826,291.92902,673.5965,204.92285,692.1617,216.32869,712.62994,227.06105,726.6923,233.80261,755.79285,245.19237,772.536,250.47194,-37.002747,415.11078,-10.838145,364.54248,19.93227,312.97052,41.85536,278.79044,90.44188,213.23567,120.24866,177.85184,0.0018075564432414356,0.0,0.1693222,0,0
724.0989,269.5978,796.83527,226.83344,758.6198,344.16495,831.2227,291.75662,686.48737,215.90007,699.9406,235.31584,716.3739,254.13991,726.85065,259.47424,761.2778,260.57285,779.7455,255.23122,-25.584503,373.04468,-16.452639,309.51166,-1.1205167,244.83022,14.687476,219.10748,83.70822,170.44662,128.64682,156.8882,0.012477049694706104,0.0,0.1693222,0,0
725.39594,271.36954,797.00494,226.66931,758.63306,344.79376,831.2035,291.9724,695.8195,222.2423,705.2338,244.59712,718.65265,265.2653,730.7335,272.99954,763.64813,267.23358,779.9834,254.61465,-15.273032,356.64114,-16.45074,289.6342,-8.029933,223.16873,9.263418,188.8736,82.52436,154.7898,130.49236,159.52283,0.021702846666327026,1.0,0.1693222,0,0
727.9582,273.02713,797.86017,226.28397,759.45154,344.83945,831.9091,291.4781,698.00354,224.00435,707.8251,246.44319,722.00946,267.40808,734.03613,274.52264,764.7748,267.79388,780.6445,254.0885,-18.567902,365.2478,-18.23035,293.88043,-7.3589845,222.08755,11.388195,187.2742,82.90034,155.22128,131.15364,161.82034,0.022436993751580012,1.0,0.1693222,0,0
725.2192,270.7936,797.6435,226.62292,759.8786,344.10858,832.3797,291.1974,696.3445,222.37534,710.3178,241.65923,726.4852,260.6491,739.4067,266.50458,766.9338,262.53375,780.8336,254.05116,-12.049569,351.1537,-2.2480652,286.604,11.9767065,221.05568,32.113697,190.1731,92.31354,160.46696,130.84558,159.77498,0.015903536072509245,1.0,0.1693222,0,0
724.9463,269.97476,797.59344,226.2967,759.90686,343.56808,832.3858,290.85233,691.08514,215.01144,707.1229,226.15141,726.0081,235.89183,736.4004,240.5837,764.6888,249.59195,780.444,252.73886,-15.548,372.392,6.0072656,324.81406,34.721333,276.79352,51.27923,251.80402,100.80078,191.82837,130.92863,162.16194,0.0032316317292016704,0.0,0.1693222,0,0
724.21204,269.63248,796.7669,227.14383,759.3217,344.01443,831.6457,291.0146,680.0214,212.19397,698.15845,222.95311,717.6604,232.51439,730.9698,238.08455,758.1253,246.49927,772.1012,249.87265,-33.99527,391.5086,-8.019279,342.67203,21.984268,294.78635,43.58044,264.13617,91.391884,207.70541,117.53797,180.3479,0.002405689197952499,0.0,0.1693222,0,0
723.5201,270.03125,796.26624,227.00237,758.5664,344.49173,830.7612,291.04178,667.82983,209.26294,686.6711,219.6522,705.4531,227.78366,718.57513,233.58139,748.42316,243.50711,763.82477,245.50491,-53.062115,411.62302,-25.845503,363.7022,3.6007872,320.88898,24.302816,290.34586,75.49922,227.4579,105.885,201.616,0.002151339945740463,0.0,0.1693222,0,0
722.7644,269.72052,794.75726,226.68176,758.0852,344.13705,829.6224,291.03857,654.79407,205.36293,673.8372,216.0763,694.29407,224.6367,708.41766,230.92206,736.89374,238.95453,754.6063,240.78464,-73.78004,435.02292,-46.42623,386.21655,-14.091086,340.50516,8.143098,307.66644,58.340405,251.4574,93.72087,223.11575,0.002471445699019158,0.0,0.1693222,0,0
721.48444,270.1731,794.2214,226.51175,756.9947,343.92767,828.62244,290.88525,645.8824,203.80699,661.7756,212.92815,684.71,222.58833,697.98303,230.24068,730.1639,237.99463,744.3898,243.08679,-83.63962,444.70892,-61.880882,404.77213,-26.954342,354.77246,-8.343865,320.52686,48.124844,261.36,72.08912,230.5668,0.0019031241892474287,0.0,0.1693222,0,0
721.174,270.19565,793.2887,226.5196,756.1037,343.8764,828.02344,290.8433,640.77264,203.29771,655.4284,212.26712,678.8935,223.90878,691.8477,229.77542,726.43646,241.79738,741.37695,247.02702,-96.01186,459.19577,-75.584206,419.43713,-40.342087,362.1595,-20.22692,331.6505,37.72856,257.75946,63.174923,225.18236,0.0016761159513941802,0.0,0.1693222,0,0
721.3863,270.25195,793.214,226.42755,755.848,344.1275,827.72375,290.80646,635.21295,203.72171,652.0744,213.54587,676.0215,224.97566,690.3805,231.22516,723.14435,243.51456,740.8598,248.27722,-109.3239,467.43384,-85.084984,422.55438,-48.34516,364.74567,-25.610518,331.2863,28.751614,258.7205,60.49966,223.2642,0.00153542138097762,0.0,0.1693222,0,0
721.04565,270.8393,792.5776,227.00183,755.9114,344.7939,827.52893,291.63226,641.3026,207.90448,656.71344,216.84926,679.048,227.8172,691.4464,232.98561,723.9902,246.23453,738.2164,250.57361,-99.81865,450.41406,-77.572685,409.41248,-43.474075,354.66544,-23.597744,326.3099,29.43319,251.84062,54.355434,222.26381,0.0013766752613271122,0.0,0.1693222,0,0
720.6556,271.14798,792.4735,227.32597,755.5779,344.76825,827.02673,292.014,650.9184,212.63658,667.79626,221.57205,689.6995,232.35689,702.8861,238.59766,734.7694,252.17165,749.9724,255.4318,-82.872475,424.39136,-58.11402,382.2869,-24.992977,329.14584,-4.6516337,297.48077,46.612347,223.50732,74.73144,195.03416,0.0013800886168597985,0.0,0.1693222,0,0
721.0837,270.38376,793.3165,227.32117,756.04144,344.23312,828.01904,291.61612,666.7974,216.02548,685.8486,226.91444,706.51154,237.65775,720.07294,243.74284,751.2408,256.9349,765.84424,260.82257,-56.570435,395.86566,-29.117796,346.01294,1.8334445,294.16837,23.223017,262.1783,73.81178,189.56367,100.30023,160.27298,0.0015248106567551335,0.0,0.1693222,0,0
721.58563,271.27698,793.45825,227.40257,756.7127,344.77728,828.5528,291.74255,687.01654,221.42194,706.344,233.33432,726.67224,243.84314,739.6388,250.32675,770.51654,262.6604,785.4319,267.64218,-21.610043,361.75317,5.8210406,307.77203,36.7337,255.65071,56.767815,222.7598,108.178185,150.88777,134.40913,117.92626,0.0016966156246930155,0.0,0.1693222,0,0
722.5497,271.00903,794.6653,227.93861,757.48395,344.90604,829.24115,291.6498,708.1362,227.24792,726.3659,239.53842,746.41174,249.83887,759.75415,257.36737,790.83154,269.8572,806.5941,275.37115,12.615741,320.99216,37.61958,267.5001,68.47812,216.07292,88.46336,180.02524,141.06494,106.6729,169.16907,70.64529,0.0018815897065035361,0.0,0.1693222,0,0
723.6407,271.51056,795.7089,228.59415,758.6595,345.54462,830.6573,292.2324,720.4264,237.842,731.72394,257.29608,748.22424,275.9344,762.085,282.4183,794.3824,284.10062,813.0262,279.2143,25.579887,282.42957,29.373337,221.46822,44.21033,156.86345,65.630936,123.27651,130.75735,72.87402,176.70142,55.445393,0.012464313728545924,0.0,0.1693222,0,0
725.0617,271.2537,796.4635,228.64154,759.5069,345.32074,831.7969,292.12466,727.6771,240.96938,735.67,263.62527,748.7926,283.34308,763.03076,291.80606,794.227,289.20364,813.7068,279.28442,34.326717,267.74194,28.405077,202.98703,35.739944,140.55533,55.989597,102.2964,122.72348,62.878036,175.85287,55.212353,0.019092212539325155,1.0,0.1693222,0,0
725.8603,271.39282,797.4488,229.10468,760.3013,345.81848,832.601,292.15033,729.9248,240.58705,738.0633,264.0085,750.2589,283.45807,764.2357,291.90906,795.05414,289.80942,814.6261,279.55283,37.482574,267.35522,31.13452,200.40625,36.862804,139.8777,56.52255,102.04774,121.814896,62.032566,175.67783,54.834,0.020038687678104034,1.0,0.1693222,0,0
726.64624,271.9949,798.7217,229.47197,760.8889,346.12512,833.6766,292.61813,724.90955,235.90459,737.38794,255.78947,753.32,275.28137,767.0317,282.99045,798.06683,283.66214,816.3298,279.64746,30.511549,288.26044,36.59791,223.06233,49.801456,156.16364,69.88003,119.77769,133.53636,73.35051,177.53557,54.725082,0.013037111503001209,0.0,0.1693222,0,0
727.01733,272.72714,799.18884,228.8918,762.15674,346.66272,833.4187,292.90262,714.5693,227.10387,730.6697,238.50291,750.2324,247.13339,733.9922,239.2076,753.9218,248.62201,771.9467,253.02711,18.428312,321.15533,39.823776,273.05557,71.303696,226.44508,45.896297,266.98563,77.44224,217.89375,110.84706,182.31096,0.005160343041993504,0.0,0.1693222,0,0
727.82806,272.6268,799.6069,229.2126,762.8913,346.2289,834.4459,292.74698,694.5783,222.03656,713.2507,233.3892,734.1742,242.89215,746.53656,248.73102,776.0901,257.5048,792.33105,261.73584,-18.332285,362.47177,8.257814,310.59857,41.38575,259.92526,60.896862,229.19763,113.73528,166.91496,144.05583,133.33101,0.0022233263994407425,0.0,0.1693222,0,0
728.49664,272.05484,800.67395,228.44182,763.7251,346.1424,835.06067,292.74698,672.87646,218.20396,692.07916,228.69328,713.057,238.30502,727.4062,245.04556,757.1252,254.1188,774.70605,258.69818,-58.415348,393.50858,-30.911703,345.39188,1.1994025,296.55933,23.290863,262.33533,74.81461,201.45872,106.92877,166.31401,0.0018332030642213885,0.0,0.1693222,0,0
729.13324,272.1494,800.8514,228.80319,764.1449,345.4718,835.7939,292.50897,655.5101,219.85164,670.75305,227.69627,692.763,236.45209,705.93695,242.81282,736.9434,252.02592,755.6971,256.93277,-95.459564,417.04938,-73.068146,379.21152,-38.23864,330.4325,-18.225483,298.28482,34.976902,235.34549,68.48729,198.06015,0.001473129285767552,0.0,0.1693222,0,0
730.5112,271.90402,801.9094,228.04369,765.28766,345.49933,836.19,291.6413,630.42706,218.6324,647.6359,226.7036,671.4664,236.84444,687.0779,243.22868,718.8763,253.04364,737.49945,256.4393,-142.60585,448.63306,-117.679214,409.2591,-81.903404,356.53806,-57.93595,322.14984,-5.3570027,258.24,28.446993,225.30183,0.001518625065354897,0.0,0.1693222,0,0
731.2494,271.98767,802.694,227.274,766.0096,344.45114,836.86914,291.26932,615.02185,222.52022,634.3733,232.03151,657.4517,242.22554,673.7926,247.25833,706.1027,256.13745,724.9833,259.9836,-174.78407,460.63794,-147.53798,415.5443,-113.76623,363.84396,-87.73471,331.80658,-34.246998,269.59888,-1.0010844,235.43222,0.0016800232896292066,0.0,0.1693222,0,0
731.6161,271.387,803.01526,227.25609,766.6752,345.04782,837.54565,291.4566,606.60443,227.99277,627.9868,237.49472,650.75916,247.05237,668.21436,252.86972,698.6788,261.65347,716.8476,265.8576,-193.85152,452.52475,-163.55115,406.26352,-130.429,357.63135,-103.50638,323.27353,-54.41546,265.17786,-23.552439,232.04683,0.001274427195714721,0.0,0.1693222,0,0
731.98083,272.26678,803.43665,228.05432,766.72015,345.4601,837.6207,292.23962,606.7915,233.84547,629.4008,244.24022,652.7543,254.13264,671.31604,259.94223,698.51306,267.38538,717.16205,271.62198,-198.47589,442.3179,-166.72618,392.54285,-132.85547,342.3613,-103.92933,306.52527,-59.806557,255.36005,-28.129066,221.43399,0.001433402307956686,0.0,0.1693222,0,0
732.3236,271.65665,803.6698,227.97887,766.7611,345.57657,838.66974,291.63113,616.94806,239.50455,637.2469,248.78835,660.70886,258.71387,677.4083,263.84283,708.81274,273.4355,727.14966,276.91547,-190.20929,422.11105,-160.30371,375.58768,-124.97248,323.41656,-98.16935,290.4781,-47.023098,227.7968,-14.844556,195.35541,0.0013809006902393897,0.0,0.1693222,0,0
732.58636,272.7249,803.38684,228.18767,766.8672,345.08765,838.33997,291.73676,634.393,243.79312,654.07446,252.36636,676.77985,262.75552,692.6824,267.67123,725.6417,277.49063,743.45483,282.7066,-164.63203,399.90298,-134.39223,353.94687,-99.80593,299.6077,-73.52624,266.85718,-18.168732,199.11307,12.170893,162.2911,0.001160423877715962,0.0,0.1693222,0,0
732.93805,271.30392,803.57983,228.18967,767.3107,345.70212,838.25024,292.2571,664.0731,250.67763,680.19196,258.18445,700.3622,267.32993,715.50415,272.14807,744.96,282.35556,763.9868,286.65778,-114.97666,336.2325,-90.70038,298.779,-59.935963,252.19164,-34.928806,221.5406,13.67464,159.2021,47.769623,123.24365,0.0013669245034003837,0.0,0.1693222,0,0
732.68085,271.1892,803.9643,227.87294,767.40985,345.01898,838.26086,292.24988,685.0967,251.5893,702.886,260.0845,724.31866,269.8079,737.55304,275.2712,768.3157,287.55298,783.8849,291.39636,-74.306786,305.49597,-47.81868,263.8206,-15.104051,214.20946,5.807123,184.44627,55.55734,115.1207,83.58942,84.49732,0.0010558748767278518,0.0,0.1693222,0,0
733.83624,273.8568,804.28345,228.3041,768.0307,345.6269,839.03595,292.28455,705.8063,254.90915,722.06006,265.59326,739.6066,274.6565,756.0165,282.23157,786.39197,292.86108,803.5361,297.41748,-38.286804,283.30698,-15.759643,235.6022,10.833927,189.84158,36.59429,149.0295,87.91544,80.56504,118.64292,44.6966,0.0023078473478881805,0.0,0.1693222,0,0
733.13904,272.7939,804.31635,228.57161,768.31525,345.64645,839.5817,291.96832,715.6507,263.83682,729.26324,283.57388,744.76166,301.13098,756.09735,307.67328,790.9966,305.48602,808.0423,299.5611,-25.718493,244.12111,-17.52394,181.59457,-3.9403067,122.50368,11.7063265,92.86031,82.5501,46.57285,123.79021,33.2045,0.013310661578643442,0.0,0.1693222,0,0
733.8074,273.16266,804.4982,229.1698,768.412,346.3474,839.61566,292.67258,718.56537,265.90973,731.02106,286.09085,745.8099,304.9839,757.867,312.44974,791.2439,308.02917,808.15875,300.23514,-23.376465,237.48106,-17.34741,175.30927,-5.8622646,114.3756,10.549763,81.87206,80.801346,42.34992,123.82908,33.03966,0.01577230251868635,1.0,0.1693222,0,0
734.2863,272.21323,804.56995,229.32472,768.821,345.9303,839.69183,293.08176,714.9102,262.78754,730.1928,278.9896,749.3567,296.428,760.4047,301.61334,791.7095,303.5528,808.4654,300.08316,-29.897451,247.66982,-14.391572,190.49004,7.3189263,126.33493,24.27087,99.94063,85.52939,50.88789,124.15727,33.23533,0.009483019161848157,0.0,0.1693222,0,0
735.5473,275.58664,805.35156,229.66808,769.3646,345.9974,840.3756,293.2153,705.5047,255.16759,723.24603,265.75763,741.4754,274.23376,756.02655,281.74948,785.7575,292.0066,801.78534,295.77832,-41.681885,292.1109,-15.551815,240.9163,13.468229,194.19687,35.790638,155.36003,86.46303,87.57682,115.68594,54.804585,0.0020817684746760926,0.0,0.1693222,0,0
734.62683,271.42044,806.4733,228.93677,770.542,345.83334,841.3824,292.87964,685.95764,249.89519,704.7265,259.52402,725.32416,268.73532,738.86035,273.84793,767.983,284.00995,784.7703,287.86237,-72.2772,308.24463,-45.893456,264.03357,-15.335731,217.8687,5.9027267,189.1668,53.385075,127.933,83.51278,96.06428,0.001552904774376431,0.0,0.1693222,0,0
738.649,273.49792,807.3982,229.01268,771.22034,346.4927,842.1175,292.8922,668.32904,244.88312,683.1291,253.1455,704.5067,262.18622,720.4409,266.78604,747.7739,276.66476,765.9549,279.86618,-121.20144,371.39627,-97.31869,329.50616,-60.755108,276.59528,-31.764814,242.40218,16.06139,179.25424,51.071552,144.89862,0.0016710775147594098,0.0,0.1693222,0,0
737.4491,273.66873,808.0979,228.80515,772.04596,345.63528,842.76886,292.17276,641.6529,237.84042,659.3223,244.98657,681.82764,254.96805,696.8863,261.37274,729.09216,269.53992,743.6697,272.02563,-152.14442,411.37112,-125.02525,371.81723,-90.9508,318.98788,-67.77078,284.0483,-12.604313,221.07747,13.95579,194.8134,0.0017020473520297735,0.0,0.1693222,0,0
738.3392,272.14243,809.3011,228.23825,772.68005,345.4798,843.5885,291.90848,620.9835,236.16734,641.7476,245.28049,664.07666,254.21364,681.2115,259.87027,710.29297,267.7406,728.4159,272.21115,-189.66075,431.71167,-159.29076,385.7354,-125.64531,337.79257,-98.595665,303.3319,-50.464005,247.77669,-19.489326,213.44002,0.001248155054288185,0.0,0.1693222,0,0
738.1491,272.19257,808.7783,228.44453,772.9568,345.50977,843.4103,292.46307,606.6084,237.76653,628.13214,246.70296,649.1431,254.94652,665.618,260.1243,696.1313,268.94568,716.2301,272.28427,-215.97685,443.15198,-184.5965,397.52597,-153.2667,353.58664,-127.43964,321.665,-78.13996,263.23453,-42.842644,229.43484,0.0013045275239165007,0.0,0.1693222,0,0
737.4844,273.35385,809.1319,228.75723,772.8124,346.4499,843.57623,293.10455,599.4917,242.27835,622.1903,252.49489,641.50726,259.90402,658.45874,264.2023,689.2883,273.39795,709.6535,276.5866,-222.1719,437.82578,-191.4736,389.70273,-164.03578,351.00647,-137.91948,321.38254,-90.418015,263.21765,-55.78799,230.09746,0.0013989373180052756,0.0,0.1693222,0,0
737.3317,274.72348,808.21875,229.65207,772.8168,346.83575,843.2287,293.80444,602.1213,248.81812,623.7614,258.64108,645.6612,267.61588,662.4254,272.8556,692.0799,280.47333,711.9713,284.48264,-226.77309,431.36893,-196.59561,383.47968,-165.00142,336.6698,-139.2524,304.03793,-91.55341,248.95883,-57.942715,213.65674,0.0015359150298108204,0.0,0.1693222,0,0
736.9668,273.4401,808.2355,229.95442,772.396,347.20355,842.8316,293.48544,612.9788,256.2275,635.5479,266.45905,657.0944,275.06577,673.61487,280.81644,704.11444,289.13083,723.90155,292.7874,-206.16403,388.11417,-176.02242,340.5407,-145.9846,296.9526,-121.972664,264.8461,-74.835625,209.1741,-41.943073,175.73625,0.0014844757861478136,0.0,0.1693222,0,0
736.90607,274.07855,808.1656,229.54683,772.4745,346.89072,842.94775,293.3352,630.5556,262.31427,650.77405,272.02258,672.2788,280.9349,690.60376,287.10587,720.04944,296.1053,739.8319,300.64648,-182.92455,360.7118,-155.63867,315.44116,-125.175644,269.76645,-97.70801,233.34723,-51.903168,175.59456,-19.086687,139.07951,0.0013376166603504918,0.0,0.1693222,0,0
736.6995,273.99197,808.175,229.83427,772.05646,347.1219,842.5581,293.49805,655.0101,270.39838,673.2965,278.97177,695.9497,289.06677,709.23224,294.06686,741.51556,304.8591,757.56067,308.51697,-145.49318,311.72916,-120.49173,271.09424,-88.66775,221.17328,-69.00212,193.4531,-19.049154,127.564156,7.9302707,97.57096,0.0013538545066580725,0.0,0.1693222,0,0
736.38306,273.8574,806.9753,230.53358,771.1613,347.9939,842.25244,294.1697,676.52216,275.39658,695.11646,285.22415,717.19037,295.5843,729.7962,300.99838,759.64325,311.63925,777.01245,316.26047,-114.957275,275.44687,-88.4764,229.93967,-55.91895,178.61557,-36.832832,150.25328,10.629934,87.093094,40.056473,53.072132,0.001539202095114545,0.0,0.1693222,0,0
734.8103,274.96902,806.3894,230.49518,770.04034,348.02063,840.87396,294.4646,693.44666,284.41528,706.2372,297.1638,759.21246,323.17267,772.7462,326.09995,776.1955,323.7748,791.87866,322.2126,-85.71342,234.34262,-73.13469,190.63852,2.182909,64.48405,25.268536,39.078007,34.12876,38.705444,66.43208,18.610573,0.006534864318647085,0.0,0.1693222,0,0
734.053,275.70233,804.74475,231.77148,768.6687,349.74628,839.8125,295.36874,700.95557,291.19788,711.43524,310.26324,725.7505,329.8266,737.03345,336.7208,772.41095,333.4857,792.1393,323.92816,-76.42003,210.86671,-72.35466,156.72913,-61.900375,98.00494,-47.026005,69.11742,21.439175,25.557285,68.80375,15.392532,0.01597147890469128,1.0,0.1693222,0,0
731.7387,276.4821,802.9103,232.389,767.93207,348.15045,837.80206,296.3605,703.1497,292.25006,712.7135,312.47,724.9195,332.86465,737.62775,340.99152,770.87573,336.9124,790.6065,325.04614,-69.02584,204.11838,-69.638214,149.17052,-65.61352,91.20914,-49.756203,57.43916,16.508057,18.041206,67.36876,12.848899,0.019173242707733237,1.0,0.1693222,0,0
730.11304,277.2639,800.7845,233.17447,764.5405,350.16025,835.07434,297.2393,696.6248,290.52933,709.6519,309.39865,724.58624,326.49915,736.8752,334.09607,770.36755,333.3149,788.62714,326.13974,-76.33252,216.37013,-67.784904,158.81607,-54.384323,103.28066,-37.968525,70.94861,26.64913,24.574512,69.81255,11.942975,0.01328305449613435,0.0,0.1693222,0,0
727.7281,277.92337,798.27985,234.10722,762.32184,351.46924,832.7885,297.98312,685.2633,283.02188,701.4216,292.22,722.5809,302.58557,734.5482,308.83084,763.7821,319.8831,778.8817,323.9704,-85.75584,245.5841,-63.238323,204.38014,-32.185596,153.75815,-14.858261,124.16005,31.690056,59.90886,57.641396,29.530716,0.0017669573269750542,0.0,0.1693222,0,0
726.5777,278.91464,796.56793,234.79889,760.3913,352.45105,831.30664,298.48962,662.736,280.47098,680.3175,288.13458,700.41113,298.058,713.5686,303.266,742.57196,313.78726,759.3778,318.28668,-125.030304,283.79752,-97.90936,243.23723,-67.79209,194.25339,-46.992905,164.92902,-0.0797474,101.978874,28.77191,68.51174,0.0012501007381294075,0.0,0.1693222,0,0
725.0224,279.1588,795.60724,234.8564,759.7015,352.98734,830.0228,298.77762,637.54553,277.1432,656.16455,285.45206,678.4151,295.5836,692.6361,300.14993,721.9551,310.11432,740.05646,313.69708,-160.19028,318.01993,-133.56961,276.92035,-101.58425,226.86778,-79.432304,198.60185,-33.463745,138.20715,-2.2817872,105.51585,0.0014120537690191903,0.0,0.1693222,0,0
724.0212,279.45575,794.97125,235.30992,759.0654,352.75516,829.30664,299.31134,618.368,276.1069,637.5908,285.20285,660.02783,295.03464,677.1281,299.84308,704.51654,307.21408,723.8174,311.7059,-189.0011,340.81934,-162.87308,298.43762,-131.41666,250.03271,-105.025696,218.28986,-61.58551,167.0601,-29.652996,131.57901,0.0015920766627119868,0.0,0.1693222,0,0
724.2207,279.11014,794.93604,235.20287,758.8686,353.37793,829.4478,299.3073,603.734,277.49875,625.80566,287.15753,648.7142,296.13016,663.768,300.40842,695.16925,308.7636,714.94214,312.18707,-216.64104,354.8782,-185.8532,308.1083,-152.8137,261.25287,-129.68956,233.50868,-80.084595,175.70459,-46.63076,142.26077,0.0014487385589576943,0.0,0.1693222,0,0
725.5402,279.1967,795.88715,235.21443,759.86597,353.4715,830.4334,299.2561,599.68835,280.245,622.3581,289.6359,645.42456,297.7693,660.76013,303.25577,694.21655,311.91394,711.83655,314.74905,-230.1268,357.90198,-197.6803,310.50177,-163.38383,264.82175,-140.3932,233.95978,-87.01402,172.52675,-56.94927,143.05862,0.001252272290482855,0.0,0.1693222,0,0
726.7212,279.39575,796.81836,235.05472,760.4244,353.04205,831.30054,299.18942,607.2041,284.4899,628.05145,293.9126,652.3222,303.32297,668.6283,307.68927,698.4501,315.75488,718.1288,319.74417,-228.35152,346.85632,-197.64014,299.90344,-160.69624,248.4112,-134.32567,217.7657,-85.57542,160.87318,-51.895306,125.57794,0.0013573756418883802,0.0,0.1693222,0,0
727.5391,279.20612,798.2738,235.29767,761.6514,352.56775,833.2948,299.33627,622.0988,290.3016,641.4772,299.0555,664.1741,308.91306,679.9906,313.43707,710.72144,321.2168,729.765,325.53873,-206.95538,314.30237,-178.44029,270.65042,-144.70464,220.28386,-119.392044,190.03157,-68.907295,132.74785,-36.811947,97.82342,0.0015646196082334475,0.0,0.1693222,0,0
730.2413,278.86066,800.9315,234.49158,763.97345,351.37936,835.08997,298.90356,643.4883,296.91238,662.732,304.0178,684.7164,312.79037,698.8976,318.50247,731.2477,327.99606,747.8094,331.381,-180.19318,276.69974,-150.53119,236.40227,-116.90412,188.6365,-95.13367,157.54047,-42.09261,93.318794,-13.2925205,63.026653,0.0010372453944692507,0.0,0.1693222,0,0
731.11285,278.9887,801.95374,234.89403,766.6805,351.94553,836.4653,299.58023,668.6178,301.39166,686.2713,308.43484,707.6268,317.7693,721.98773,323.96045,752.0095,332.88815,769.40625,337.44254,-135.58653,233.70027,-110.07508,196.84346,-79.43395,149.92068,-58.487106,118.13142,-10.281589,58.569855,18.889246,24.48634,0.0011836281515214633,0.0,0.1693222,0,0
732.2129,279.25308,803.19037,234.53328,768.22095,352.26254,837.67395,299.15576,696.7616,304.69766,710.4143,312.08182,733.24835,321.8472,745.8761,327.71133,774.59735,337.50134,792.1407,341.6028,-88.93627,193.62093,-70.72647,160.62431,-37.56132,109.90948,-19.353434,80.48965,26.21073,19.399038,56.60882,-15.136646,0.001623071935431765,0.0,0.1693222,0,0
733.52374,278.52832,803.6296,234.76207,769.4128,352.28024,838.73694,298.44098,708.8824,310.49997,722.7715,327.75592,740.1165,343.35568,759.5886,349.7883,785.8203,350.22107,804.9169,345.24408,-74.61573,165.63866,-63.976692,112.541954,-45.880413,58.536488,-15.968488,18.863499,32.93995,-20.315678,75.185905,-39.866276,0.009560231638073487,0.0,0.1693222,0,0
733.98926,278.3367,804.714,234.2905,770.2514,352.1832,839.4035,298.18903,719.72736,314.74866,730.21906,335.18573,743.7044,353.7272,760.6289,359.08896,787.8503,355.09232,806.0178,345.46487,-59.06095,143.40076,-57.6313,89.088646,-49.379105,35.21471,-23.762482,1.1260027,30.364285,-31.736189,75.292206,-41.490505,0.016733857528828038,1.0,0.1693222,0,0
734.4052,278.16104,805.04877,233.98601,769.7948,352.94983,840.05566,298.11514,721.3841,314.50858,732.2628,335.344,745.6387,354.7872,761.33887,360.93637,791.08203,355.10654,806.8787,344.29498,-56.04197,141.5003,-53.38164,85.82285,-45.257534,30.803652,-22.239988,-2.524132,37.914158,-35.15177,78.928665,-38.925545,0.018593659021607964,1.0,0.1693222,0,0
735.31915,278.17502,805.0946,233.97763,771.59015,351.33066,840.4887,297.52878,714.09827,309.97305,727.19305,326.48978,745.25507,344.2669,773.21875,349.33743,790.9051,349.23856,807.52167,344.58105,-69.04934,161.9032,-59.505398,110.986336,-42.18504,51.32446,4.913123,1.3619732,38.735752,-24.85998,76.089226,-41.505157,0.009981615149208797,0.0,0.1693222,0,0
734.8259,278.51736,805.7644,233.66475,769.7793,352.35928,839.9095,298.33533,698.2584,300.3822,714.2387,309.28452,737.6339,318.34915,750.17804,324.3121,780.4296,333.18378,796.63184,335.9545,-87.62517,202.60231,-65.89865,163.07991,-30.36029,112.66086,-12.014316,83.03429,38.02572,21.425802,67.38644,-8.442364,0.0019080663993419997,0.0,0.1693222,0,0
733.4726,278.26883,804.0085,234.72195,768.2847,351.96494,838.53876,298.06076,669.8004,293.252,688.4525,301.37744,710.712,310.4192,724.4331,315.3658,754.62775,324.29538,771.97064,327.77863,-130.20285,250.61703,-103.46224,209.79886,-70.66728,161.89293,-49.70891,133.31682,-1.1120845,73.346985,28.91712,41.45164,0.0013731737236286684,0.0,0.1693222,0,0
731.3882,278.54727,802.02405,234.566,766.0376,351.76514,836.21967,298.59302,641.0218,285.91443,659.8387,293.45944,682.3233,301.96707,697.657,306.6534,728.9529,315.5877,746.9738,318.58206,-172.80104,300.61322,-145.59238,261.34543,-112.256905,214.87154,-88.33173,185.09105,-38.00708,124.423164,-6.4613547,93.12038,0.0012168339912977983,0.0,0.1693222,0,0
729.29034,279.6661,799.65924,235.65631,764.5749,353.32788,833.7185,299.6367,612.75104,277.7079,635.3508,286.7068,658.3612,294.793,676.5433,299.62326,705.31134,307.11618,725.793,310.97647,-205.60648,348.06995,-174.81262,303.32916,-142.023,259.0753,-114.380394,226.61061,-69.31651,174.13829,-35.002327,138.69266,0.001097487573774009,0.0,0.1693222,0,0
728.04095,279.75137,798.52423,235.73433,762.5522,353.65808,832.8619,299.76587,597.93225,270.98914,620.20734,280.76254,643.4193,289.02573,661.3864,293.2854,692.1569,300.32953,710.94867,302.93045,-229.35263,382.99524,-198.19283,335.5822,-164.02484,289.74478,-135.65909,258.33224,-85.791435,203.85802,-53.206135,173.37817,0.0015418362832817615,0.0,0.1693222,0,0
727.1805,279.96304,797.687,235.70383,761.68445,353.9693,831.91296,299.7,593.2715,265.41583,616.5999,275.42758,638.40674,283.44516,656.31433,288.27972,687.70044,295.9895,707.3803,299.61826,-230.7578,400.03082,-198.14522,350.97452,-166.35619,307.44678,-138.63472,274.9719,-88.37799,218.42,-55.09997,184.63744,0.0013347369856610077,0.0,0.1693222,0,0
726.8426,280.84064,797.2764,236.0779,761.52277,354.28607,831.7227,300.26932,600.12054,263.89456,622.5694,273.3016,644.3859,281.34344,660.8504,286.70645,693.6364,294.77704,714.37036,297.14688,-219.29697,400.19464,-187.10179,352.44543,-154.6495,307.9121,-129.33185,275.4354,-75.89025,215.19888,-38.9276,182.02097,0.001542885181079828,0.0,0.1693222,0,0
725.8055,282.14667,797.1275,236.83717,761.5239,354.83777,831.70874,300.7478,614.269,263.9795,635.508,272.60352,659.39716,281.58972,677.9078,287.51282,707.18695,295.5546,727.4262,297.64035,-185.11232,380.9572,-155.71558,337.12338,-121.49585,288.4784,-93.64497,252.3286,-47.417866,196.65123,-11.427168,164.49808,0.0014335566744255374,0.0,0.1693222,0,0
726.4143,281.15863,796.9195,236.98691,761.2511,354.8642,831.8594,301.02826,635.2465,266.4059,654.0207,273.95636,677.9753,282.99768,692.3604,289.00876,726.5892,298.756,744.6627,302.6065,-159.4253,352.11758,-131.18805,311.7135,-94.332466,260.96402,-72.46741,228.9246,-15.815669,161.55534,15.879025,128.04759,0.0010680241914519425,0.0,0.1693222,0,0
726.742,283.2094,796.765,238.02284,761.1895,356.457,831.56134,301.80637,661.1536,273.07404,679.9216,280.98953,700.8986,289.92596,713.8772,294.30142,745.44403,304.38828,762.5527,308.7435,-117.57953,312.98148,-88.7478,270.05115,-56.402424,221.58002,-35.275063,193.93568,17.197023,127.135925,47.09318,92.782585,0.0010946225031768849,0.0,0.1693222,0,0
726.6097,283.2853,797.1754,238.49205,761.6977,357.26785,831.33716,303.0809,681.8597,277.6939,699.26843,286.14532,722.12225,295.8588,734.3807,302.01712,765.3014,312.13202,781.8276,316.07544,-80.09473,271.47916,-54.913048,230.65157,-20.175745,179.25258,-2.1571338,149.31662,49.210106,83.87558,78.7988,51.0706,0.0014199636009745392,0.0,0.1693222,0,0
727.2556,284.20847,797.9738,239.78722,761.95044,358.42078,832.5428,303.65164,697.7968,288.73016,711.54663,305.3067,729.4494,323.117,741.9792,329.0366,776.75275,327.163,795.13477,323.22626,-60.252502,229.99513,-48.40614,176.10368,-30.085285,114.82872,-11.755279,85.37517,57.017136,38.665825,97.983284,18.815456,0.010418352198752628,0.0,0.1693222,0,0
728.4719,284.68723,798.8348,240.21901,763.15356,357.99716,833.7602,304.15396,709.1654,294.69086,717.6487,315.62186,730.3912,334.99042,743.16925,343.46902,778.83716,335.6376,796.7586,323.0392,-46.68651,204.76817,-48.630047,148.58455,-41.287563,91.39703,-24.719065,56.63722,51.008457,20.384834,99.816956,18.746094,0.020119354024741617,1.0,9.9255581,1,1
729.89325,284.876,800.7775,239.81285,765.07697,358.12924,835.54803,304.2969,714.54144,296.28708,721.4444,318.33823,733.26843,338.30457,746.1972,346.7548,781.35895,337.04785,798.544,323.4088,-40.093678,196.46414,-46.45719,140.79315,-41.787712,84.07871,-25.175274,49.194016,51.166397,17.020672,99.567474,18.47524,0.023325402925464627,1.0,9.9255581,0,1
731.7072,284.8297,801.8968,239.94583,766.75323,358.0952,837.0892,304.01825,710.97314,295.34164,720.8513,315.35458,735.4967,334.24136,748.7036,341.37012,781.4339,335.19037,800.34753,322.651,-49.926434,205.9151,-48.633347,149.938,-37.52999,91.079025,-19.017532,58.249306,49.79039,22.6944,100.62277,19.252216,0.017508693685519407,1.0,9.9255581,0,1
732.9254,284.4416,803.47363,239.94328,767.90546,358.36993,837.99774,303.76288,700.9119,287.98862,714.41473,298.49112,784.0296,323.5913,777.82355,318.70917,786.7497,323.1105,802.43024,322.31055,-64.1034,235.49417,-47.82727,194.9422,63.610413,43.80068,56.029186,62.986794,69.54896,40.67801,102.32812,18.351591,0.003643519597913855,0.0,9.9255581,1,1
734.13116,284.66907,804.7047,240.02852,769.26154,358.09808,839.0561,304.14343,684.6701,281.0866,701.83105,290.23697,721.76666,299.10275,737.2394,305.44263,768.43384,313.97903,785.1043,316.77594,-90.47306,273.58545,-66.53303,231.50034,-36.913277,185.89206,-13.159109,151.20787,39.69047,88.816475,70.416374,58.289055,0.002170232000308033,0.0,2.5896673,0,0
735.28076,284.45087,805.5683,240.12215,770.12915,357.24725,840.01636,304.1299,665.5751,276.43765,685.06445,284.46457,704.14624,292.08997,717.096,297.32727,748.3249,305.59634,765.8839,309.4151,-125.66431,310.23822,-96.35081,267.51947,-67.129166,225.73434,-47.161316,196.96869,5.7355866,135.89255,36.92941,102.56693,0.0014017097134087365,0.0,2.5896673,0,0
736.49036,283.18237,806.8083,238.04422,770.9086,356.065,841.11206,302.86166,646.49945,266.02203,664.52045,273.50424,687.8451,283.44675,700.7901,287.881,735.1516,295.73315,750.8597,300.3006,-157.87502,358.58057,-130.46837,318.7391,-94.88157,266.12537,-74.04722,239.05374,-14.379971,174.59854,12.506128,142.46172,0.001448718998232019,0.0,2.5896673,0,0
737.31,283.1852,807.4437,238.22012,771.7764,355.85028,841.5477,302.09375,635.8373,257.38174,654.4162,265.20554,677.5662,275.4414,692.4744,279.624,725.3939,287.2713,742.0979,293.10983,-169.6429,391.9371,-142.09505,351.0104,-107.77106,298.3437,-83.434,269.4171,-27.19587,207.75136,0.15887895,171.49077,0.001259485707480311,0.0,2.5896673,0,0
738.1877,281.64056,808.4484,236.89154,772.9037,354.72574,843.1314,300.65265,633.546,250.18301,652.28845,258.37268,676.6468,267.17496,691.43036,272.63843,723.8276,281.64456,740.1781,283.79703,-171.34062,409.3587,-143.51558,367.04196,-105.54664,315.7417,-82.34852,283.98856,-28.176607,220.03758,1.9117339,192.42992,0.0013853920011125532,0.0,2.5896673,0,0
738.60254,281.38974,809.8897,235.69124,774.3822,353.4508,844.46344,299.40213,641.1288,244.88745,658.0817,252.67538,680.2667,261.44647,696.0662,267.52884,729.92267,277.13223,745.87537,279.40332,-146.89156,406.8098,-123.39704,368.83295,-91.00969,321.59955,-67.43996,287.79935,-12.635203,221.33102,16.055777,194.12927,0.0015671081113429392,0.0,2.5896673,0,0
742.8618,281.1457,810.98065,234.32768,775.0418,352.536,846.17914,298.15488,651.9275,242.28639,669.8049,250.51787,692.94385,260.6341,706.89453,266.19852,739.3357,275.84857,757.5156,280.13904,-161.69115,442.57846,-129.4013,391.85654,-87.929,328.79077,-62.846577,292.68323,-2.4257097,217.87766,32.070118,179.08885,0.001441792327689234,0.0,2.5896673,0,0
741.14154,278.8283,812.0379,233.30377,776.03326,351.45346,846.8601,297.28345,670.74567,245.90791,686.0914,253.02054,708.7008,262.46478,722.78284,267.47498,753.10406,279.0354,771.2557,282.29968,-106.12129,370.3923,-83.14282,333.73245,-48.144863,281.7261,-25.373768,251.04492,23.504253,182.46742,56.82158,148.89302,0.0011910818969170071,0.0,2.5896673,0,0
741.28595,277.81665,812.2569,232.96555,776.98553,350.81332,847.1312,296.4193,689.0004,248.80476,707.4286,258.92126,728.60736,268.34625,742.95795,274.2668,772.8431,284.42218,791.06067,287.7766,-72.88225,334.34216,-47.28691,287.58783,-15.566176,238.27075,6.6271687,205.48636,55.81632,140.80093,89.46971,106.61685,0.0018646107207671665,0.0,2.5896673,0,0
742.8132,277.2433,813.5845,232.03703,777.8185,350.54034,848.2173,295.81345,709.2644,253.78873,726.34503,264.60913,746.40405,274.02847,762.3112,280.26572,790.47754,290.09222,810.13855,295.20288,-43.668034,298.5674,-20.412865,250.90446,10.076414,202.03473,35.66988,165.63599,82.89779,102.872314,118.34887,61.97809,0.0019704798774159656,0.0,2.5896673,0,0
743.61523,275.37424,814.6069,231.20773,779.3426,348.84262,849.64954,294.54523,721.5496,263.91888,733.61127,283.0979,747.3406,299.95987,758.3533,307.459,799.21344,304.4315,815.1272,296.1464,-31.74677,255.05673,-26.189648,196.75731,-15.552475,142.2533,-1.6349183,111.392525,81.28661,58.278328,123.107956,51.387066,0.014617547270200523,0.0,2.5896673,0,0
745.0889,274.71213,815.51373,230.36217,779.78937,348.24838,850.6655,293.63626,728.48627,267.19635,737.3434,288.18317,749.00586,307.26926,762.5897,315.7088,797.76025,308.35236,816.5697,296.0628,-25.707933,240.04114,-27.246979,181.21281,-21.793762,124.541534,-3.5086806,88.051186,72.1979,51.671196,123.79778,48.601925,0.019680922506946166,1.0,44.7427292,2,2
745.45557,274.10468,816.0895,230.2607,780.778,347.61682,851.07983,292.76022,726.1368,265.75,736.32324,285.91623,750.1474,304.09958,762.5338,311.85297,799.24194,305.70273,817.1516,295.55167,-29.49295,245.00142,-28.077784,186.63133,-18.235577,129.14767,-1.9892102,95.83766,75.197426,54.71397,122.93354,48.42668,0.016823104887754767,1.0,36.363636,1,1
746.083,273.41547,817.0155,229.53091,781.7335,347.4453,851.6236,292.78455,718.2658,259.45074,731.0382,270.373,787.77057,293.872,800.2137,294.62366,804.0152,296.34323,817.96216,295.11707,-40.227222,267.56625,-25.880356,226.74812,62.20964,97.30335,86.73489,77.24013,92.750656,67.898094,123.28182,49.08459,0.004626445137448476,0.0,22.7531281,0,1
748.19165,274.8489,817.18463,229.02971,781.91864,347.9317,851.694,293.3734,704.8725,252.44554,722.9066,262.74362,745.3419,269.56406,745.01495,263.1059,769.7829,273.6905,786.7953,277.90448,-67.29319,313.61566,-40.12904,264.05746,-0.8404341,215.97719,4.6178164,231.03903,45.62844,170.42271,77.02597,135.341,0.0010904261491512296,0.0,22.7531281,1,1
745.69653,275.88577,815.9165,230.27945,780.3971,347.98645,851.1158,293.75183,686.1552,246.98717,705.11646,257.12717,726.4749,266.97253,740.66876,271.9089,771.01,282.21548,788.3025,285.769,-90.579926,350.41504,-62.606754,300.3921,-29.663948,247.67181,-6.201009,216.17477,44.588028,148.86588,76.210686,115.1968,0.001759038777558271,0.0,0.3012729,0,0
745.29565,276.4833,815.3891,230.62154,780.2528,348.5974,850.2271,293.94763,672.22296,242.90247,688.33777,250.90858,708.86304,259.10696,722.30493,264.89017,753.20233,275.9142,771.9297,280.9875,-110.650635,377.62164,-87.00287,337.43552,-54.945805,290.56097,-34.168194,258.68552,16.231672,189.76952,48.83247,150.9389,0.0010893569563858207,0.0,0.3012729,0,0
745.68207,276.2189,814.7585,230.35606,779.49097,348.8984,849.7671,293.78787,650.02484,233.67735,667.9107,241.58827,694.30225,253.38164,707.44006,258.45932,742.20435,268.58148,757.4692,272.92984,-154.4197,438.86026,-125.41314,394.15356,-82.79267,328.01816,-60.920586,297.02484,0.1531707,222.46698,27.241316,189.73033,0.0012846654098739227,0.0,0.3012729,0,0
744.5052,276.69818,815.14514,230.47319,779.9144,348.7998,849.2921,293.5975,640.9771,228.06529,659.9454,236.94904,683.80914,247.00296,698.0762,252.35487,731.22565,261.96725,748.3114,266.06866,-147.89229,443.96475,-121.611275,400.7081,-87.071335,347.9649,-65.51921,317.416,-11.696112,251.15596,17.641891,217.95787,0.0013881122918604153,0.0,0.3012729,0,0
745.031,276.1233,815.16724,230.35204,779.71356,349.03833,849.4455,293.9081,636.6656,223.07446,655.31354,231.55367,679.3608,242.9049,693.8691,247.52486,726.6345,257.19138,744.3686,260.28152,-159.65057,465.43173,-132.19801,422.18063,-96.76097,364.8345,-73.28691,335.06912,-18.576635,268.33847,13.726769,236.29697,0.0017126975636790104,0.0,0.3012729,0,0
745.0632,276.313,815.2505,230.65889,779.4465,349.37076,849.65845,294.2577,640.0187,220.18811,657.40076,228.12744,681.0406,238.45636,695.85486,244.23807,727.6153,254.38382,745.4398,258.8813,-153.78253,472.18976,-127.48799,430.809,-91.07527,375.23688,-67.48718,341.7747,-14.246972,274.3893,17.274729,238.69374,0.0012513714809440628,0.0,0.3012729,0,0
745.4615,276.5882,815.78973,230.78242,779.85876,350.14334,850.5367,294.76288,646.9179,217.30049,663.56165,225.95801,689.9724,237.06927,704.37665,243.12009,735.42194,253.00052,754.5349,256.75015,-140.5917,473.31934,-115.68703,430.35684,-73.845695,368.33786,-50.867966,334.31314,1.9988698,267.75867,37.306015,231.57372,0.0015669071694841428,0.0,0.3012729,0,0
746.0862,276.35892,816.2147,231.01634,780.96655,349.63162,851.60815,294.66183,666.1422,218.47667,682.2526,227.1012,704.7635,236.83614,717.87256,243.10562,748.4516,252.75224,767.44135,257.15363,-105.63536,447.1774,-81.413284,404.18253,-45.4825,349.75244,-25.041214,316.49753,27.70866,250.31268,62.521854,212.38045,0.0017244504516842254,0.0,0.3012729,0,0
746.1605,276.7611,817.0512,231.12776,781.7546,349.53326,852.1462,294.79578,682.9447,220.38815,699.486,229.45006,721.80756,239.91733,736.2841,245.89528,766.4964,256.40536,783.4809,260.80954,-70.06382,414.9268,-46.382202,371.73352,-12.546182,317.2181,10.388293,283.4343,60.944603,216.46486,91.49148,181.56361,0.0016257355613640407,0.0,0.3012729,0,0
747.0411,276.2938,817.8109,231.16733,782.64746,349.0591,853.2519,294.6627,702.84155,224.43451,721.3591,235.22397,742.4954,245.00882,755.7669,251.94044,785.8975,263.44275,801.61145,267.53128,-37.674362,380.913,-11.190476,329.9745,21.649027,277.64438,41.588017,242.74684,91.704605,172.6434,120.32955,139.89594,0.0016415136479006015,0.0,0.3012729,0,0
748.0768,275.86002,819.16284,231.24794,783.62823,349.7351,854.5508,295.24396,722.32764,234.64146,735.6965,250.70222,789.209,278.31802,796.8672,277.26343,802.7737,278.85956,818.7557,274.89832,-11.83026,329.3624,-0.54257405,273.6283,79.900536,136.27869,96.885605,127.3332,107.50338,115.08579,145.97818,99.6553,0.007910306431313841,0.0,0.3012729,0,0
750.4862,278.68472,820.2114,231.56906,785.09973,350.0654,855.52185,295.29364,732.10736,242.30843,741.5173,262.5481,753.5333,278.25906,767.9743,290.7936,800.14374,287.42508,820.48883,276.29022,-1.5214447,311.16974,-2.318729,249.8155,6.531273,196.3693,23.189362,147.11243,92.17826,104.951675,147.21536,97.1311,0.017437628182488483,1.0,0.3012729,0,0
749.6094,277.7295,821.35486,231.99509,786.0152,349.66318,856.65515,295.17596,736.77563,243.52005,744.41846,265.06863,752.9634,279.23505,768.92163,294.6537,801.3158,289.48593,821.16046,276.63312,8.725794,294.64673,2.3363824,235.14964,4.9440656,192.03369,20.453392,136.22198,89.69093,99.52578,145.34096,97.15065,0.02126928408315645,1.0,0.3012729,0,0
751.6736,278.16785,822.5321,231.84222,786.8824,350.24698,857.33295,295.00073,736.02655,242.00017,745.9277,263.02316,758.7342,279.16113,772.625,291.30276,802.1226,287.92834,823.10345,276.53925,4.0205517,304.7409,3.2417762,242.07,12.811223,187.60469,28.24784,140.85776,90.87441,103.5628,147.48413,95.61797,0.01778983969262012,1.0,0.3012729,0,0
751.61414,276.3915,823.34875,232.34637,787.8394,350.3477,858.3344,295.60284,730.7978,235.52777,744.01294,251.68452,806.6124,278.68588,803.87146,277.82822,810.1744,278.9773,823.3121,276.12076,-1.5605016,320.10208,8.722765,265.37488,107.40809,117.433846,102.6134,123.37571,114.57764,111.48698,145.98021,97.89129,0.008086332924187275,0.0,0.3012729,0,0
751.9254,277.91138,822.9489,232.91547,787.879,351.05344,858.4387,296.08603,718.79486,226.75694,736.94525,238.16673,757.8469,248.5107,771.13293,254.86327,802.75696,266.48737,817.9874,269.46762,-15.893326,363.58304,9.078886,311.7553,40.7715,258.47476,61.29674,224.87859,114.595245,151.94164,143.76308,122.07058,0.0022153781531416175,0.0,0.3012729,0,0
751.8963,278.22034,823.2282,233.25633,788.09064,351.85834,858.311,296.91394,700.2202,221.28046,719.475,231.98996,739.98816,241.68912,754.63654,248.12495,784.77625,258.4657,803.2816,262.13623,-46.02091,397.1218,-18.939354,347.57745,11.897733,298.20746,34.694992,263.6339,85.57691,197.78792,120.625725,162.39432,0.0019457957920942905,0.0,0.3012729,0,0
752.32904,277.86856,822.95245,233.28352,788.0308,351.71677,858.2659,296.75903,684.1905,216.88078,701.03754,225.64969,722.66003,234.67085,736.97156,240.46727,767.4459,250.9978,784.4189,254.72253,-76.35962,431.89008,-51.61063,389.201,-17.521662,339.4044,5.457888,306.50107,56.98893,239.65195,88.56628,206.66911,0.0014467588585868,0.0,0.3012729,0,0
751.51306,277.7481,822.9415,232.99683,787.78357,351.11774,858.017,296.86505,670.8304,210.29071,685.16534,219.14615,707.37,228.58472,722.1707,234.30629,752.96814,244.64848,772.2498,248.0309,-90.739525,455.7549,-71.879196,417.78687,-38.50246,368.5563,-15.370312,336.57043,35.364723,272.22842,71.24553,238.02695,0.001965067119652001,0.0,0.3012729,0,0
751.59265,278.23816,822.7457,232.76186,787.7832,351.12402,857.86505,296.4087,654.1165,204.6369,673.0223,213.30608,697.47217,224.19016,712.9393,230.16861,744.2204,239.68321,761.9184,243.42741,-116.41171,493.29886,-89.08879,450.12207,-52.92544,394.2256,-28.866085,360.49652,23.347488,296.93448,55.348564,263.88162,0.001461664973288309,0.0,0.3012729,0,0
751.6812,279.02808,822.6538,233.68773,787.7369,352.05,857.6161,297.39426,651.2494,202.79437,669.5238,211.68822,694.3416,221.98218,709.9807,227.72176,741.38446,237.86035,759.4221,241.44733,-120.23952,502.66724,-94.21286,459.86517,-56.753716,405.17206,-32.065727,371.9192,19.960047,306.9644,52.925987,273.94632,0.001369676841275233,0.0,0.3012729,0,0
752.0008,279.38776,822.7917,233.49078,788.0713,351.89087,858.1681,297.18228,656.7097,201.68867,675.1642,211.00769,698.93805,221.49065,714.07245,227.40033,744.7024,237.30583,762.7781,241.70207,-110.54232,505.82584,-83.91247,460.21558,-47.86317,404.57654,-23.924082,370.58978,27.378763,305.57837,59.79962,269.84393,0.0014506011533579283,0.0,0.3012729,0,0
752.134,279.56772,823.19507,233.28644,788.0666,352.3825,858.56006,297.43515,673.23083,204.05623,688.9033,212.8175,710.4434,222.60475,724.59143,228.98323,754.42474,238.89137,772.2948,243.5246,-82.10852,480.1607,-59.871395,438.84845,-26.988142,387.15384,-5.1459894,353.01248,45.1009,288.4747,77.14036,252.14818,0.0017305017547002035,0.0,0.3012729,0,0
752.0923,279.21402,822.77997,233.95135,787.88617,352.32843,858.5176,297.7529,683.8103,205.26099,701.9926,215.18163,723.011,224.51076,736.5482,231.09006,766.87,241.68727,783.33417,246.1993,-64.87254,467.26025,-37.972946,418.57217,-4.6770353,367.39224,16.324295,332.8307,68.10374,264.75003,97.99145,230.20181,0.0015221636045258185,0.0,0.3012729,0,0
751.59125,279.59634,822.343,234.9164,788.1903,353.22366,857.78906,298.1861,699.643,208.62843,717.56335,219.03647,737.0989,228.6527,751.115,236.12132,780.8707,246.80379,796.38666,251.32838,-32.99404,432.48154,-7.8005266,384.60626,21.67283,336.12042,42.467308,299.5699,92.963486,233.02022,121.11745,199.9523,0.0018292220188411952,0.0,0.3012729,0,0
751.2122,280.25623,822.1696,234.92097,786.8175,354.1513,857.0937,298.96692,710.5403,217.61784,724.28986,234.30014,742.5988,252.89983,754.2792,258.92548,788.6198,261.6382,807.13367,257.79123,-21.00561,399.0453,-9.504048,340.87967,9.03672,272.91556,26.476189,243.10834,94.31444,187.95177,138.39856,169.15155,0.010033888392177325,0.0,0.3012729,0,0
750.9447,280.9693,821.5062,235.41463,786.1503,354.89407,856.3295,299.60434,719.7286,223.86038,727.39886,244.79489,738.96265,264.603,751.18585,272.40814,787.8794,268.36993,806.9283,259.181,-8.1522,374.51764,-12.604296,314.12274,-8.251246,252.87831,8.514714,218.45512,87.38057,174.5148,138.43073,166.65584,0.01931189119555082,1.0,0.3012729,0,0
750.07715,281.01138,821.12506,235.01387,785.9274,353.73416,856.1658,299.1291,723.26416,223.67982,729.2257,245.38116,740.79407,266.18433,752.31696,275.39136,788.4454,269.0294,806.50604,258.29395,2.9055307,367.53934,-6.4832506,308.47272,-3.8515558,245.51219,9.77515,209.1062,89.18941,171.00764,139.49136,168.10396,0.023105838538243013,1.0,0.3012729,0,0
751.1943,278.99796,821.7749,234.41685,786.6403,353.64612,856.9362,298.37396,720.32416,218.54114,730.04584,238.42967,743.3357,259.63846,754.8068,266.60004,788.4844,265.36798,807.336,257.6735,-4.415349,382.8905,-3.786899,321.38513,2.6415656,253.95947,18.82592,222.46164,89.233086,177.32863,138.53964,166.88737,0.017678748618093893,1.0,0.3012729,0,0
751.7649,278.83008,822.7912,233.80856,787.3791,352.71768,858.00977,297.67606,713.74817,210.79129,729.36847,222.68964,750.84094,234.57321,761.50775,240.47598,792.05835,252.01236,808.1882,256.39655,-10.5992,410.82474,9.453784,360.73096,41.505554,302.80676,57.506336,273.89255,109.59306,202.96404,139.53278,168.81253,0.0028740793818510546,0.0,0.3012729,0,0
752.4172,278.35596,823.56024,233.19264,788.87164,351.96057,859.119,297.12524,697.5261,208.31422,716.0092,218.72679,735.5913,228.02748,749.5121,234.68188,778.91034,245.18005,793.69525,247.99883,-39.955994,433.5977,-13.65209,385.00305,16.18248,337.23676,37.56781,302.8266,87.23258,237.4307,115.50152,209.5909,0.001997944186827302,0.0,0.3012729,0,0
753.343,277.214,824.5331,231.65565,789.7047,350.59766,859.82465,295.6294,681.7303,209.47731,695.059,217.07323,715.85693,226.27295,729.9704,232.48929,760.6903,242.15063,776.05334,246.22807,-73.691795,447.38666,-55.341335,412.93048,-23.971106,364.98788,-2.3840425,332.0986,49.4005,268.24002,76.715004,237.29503,0.0017978907780919033,0.0,0.3012729,0,0
753.37604,276.4234,824.9242,230.68999,790.0691,349.72083,859.7701,295.0484,655.1656,209.62491,672.37305,216.93073,695.57385,227.82588,709.86,232.29141,740.40686,242.52892,756.56213,246.4701,-119.82981,468.6047,-95.57196,432.63263,-63.13127,380.77472,-40.752182,353.3511,7.7443166,291.54584,35.600014,261.25046,0.001241249069009064,0.0,0.3012729,0,0
752.46204,275.66113,823.39856,230.8014,788.5634,349.7681,858.6151,294.31784,636.6771,211.63164,654.989,220.0263,678.07446,230.46515,692.07294,235.59401,721.30176,243.20271,738.9378,247.1008,-158.08627,490.2113,-132.29732,449.46426,-99.223625,397.7329,-77.90609,368.78085,-29.735823,314.3495,0.76179266,282.23352,0.0017754838858819876,0.0,0.3012729,0,0
749.01416,276.51056,820.5004,231.01068,785.9596,350.01028,855.8979,294.721,616.395,215.27507,637.89453,224.67975,658.0807,233.68417,673.9335,238.809,705.2012,247.48936,724.9876,250.03444,-182.60147,495.94266,-153.91222,451.28735,-126.6364,408.2211,-103.28668,378.27148,-54.776165,320.87094,-20.386593,290.03217,0.0017715951134107987,0.0,0.3012729,0,0
745.45575,277.34235,815.9512,231.95183,782.31146,351.50394,851.7678,295.67828,605.28973,219.96765,626.90497,228.30989,646.97736,237.99837,665.9267,243.27415,695.39136,253.23344,713.9645,256.1134,-202.86186,500.39655,-172.58762,457.2861,-145.49068,412.13498,-116.52299,377.77762,-71.84948,319.0547,-39.996555,288.78333,0.0012522726792735944,0.0,0.3012729,0,0
742.9392,277.9241,813.2779,233.28838,779.148,352.56033,849.0664,296.85938,605.2987,225.33,626.71704,235.38553,646.40265,244.04095,663.5517,248.86792,694.33246,257.96603,713.6487,261.10687,-207.16867,490.50015,-177.4671,442.5843,-149.48355,399.49707,-122.78995,367.843,-74.19312,308.79794,-40.749203,276.70578,0.0016568301555071434,0.0,0.3012729,0,0
742.4182,278.77933,813.13873,233.19855,778.63043,352.4811,848.329,296.64618,617.60425,228.74107,637.86096,238.19226,658.08093,247.70363,673.91974,253.7215,704.84326,261.42755,724.2905,265.10638,-182.80127,468.3859,-155.33154,423.53986,-127.61216,378.0129,-104.49512,345.15286,-54.96332,288.7008,-21.853327,254.77101,0.0019499111432364734,0.0,0.3012729,0,0
744.07947,279.29288,814.9156,231.9548,780.1833,351.71967,849.8983,295.50143,640.0494,231.06557,657.0916,238.92009,679.95074,249.59825,693.3934,254.00742,723.42053,263.29153,740.8775,267.50552,-148.02235,445.0043,-124.40985,406.08844,-92.44946,352.89374,-71.80173,325.4169,-24.249197,264.08252,5.160335,230.22202,0.001547549300285349,0.0,0.3012729,0,0
746.8447,276.8665,816.977,230.73524,782.458,349.95282,852.79224,294.46323,663.7636,228.7502,678.6284,236.9346,700.5825,246.86748,714.2956,251.8446,744.6959,263.49258,762.3186,267.0166,-117.312,425.51602,-95.924934,386.1164,-62.408333,332.94885,-40.261395,302.4456,8.688333,232.81232,40.601856,199.26622,0.0015874014134364125,0.0,0.3012729,0,0
749.7649,275.66373,820.165,229.62163,785.4227,348.60132,855.79016,293.07227,686.9896,228.52477,701.00574,235.86029,722.576,246.14728,734.51746,251.72598,765.21027,263.3288,780.7133,266.99423,-78.26941,395.30652,-57.78841,358.94492,-25.236216,305.1618,-7.023219,275.52304,42.865784,205.01144,70.66739,173.87775,0.001607202544877865,0.0,0.3012729,0,0
751.1465,274.61325,822.66144,228.32701,788.14874,347.25204,858.2939,291.94785,699.9665,229.73306,714.4911,247.11653,733.2213,263.87042,749.73224,270.40735,776.32263,272.94455,793.73096,269.3672,-53.703537,367.7872,-42.756477,309.6743,-23.493189,247.81242,1.3835537,211.03542,50.388786,167.88249,89.17455,150.12743,0.009324663864736413,0.0,0.3012729,0,0
754.0361,273.47495,824.66223,227.53406,790.27905,346.73923,860.4716,290.86896,708.88214,229.6394,721.23334,250.04048,736.60614,269.61032,751.1855,277.51593,779.7825,277.07028,797.2304,269.2831,-45.921192,361.7669,-40.947495,297.61362,-29.654724,232.80835,-9.284683,195.27205,46.865055,155.07903,90.439926,146.06403,0.015114190374533284,0.0,0.3012729,0,0
755.4392,271.49393,826.6775,226.60686,791.9467,345.73007,862.6506,290.18445,710.62305,226.5579,724.3489,246.90395,740.8158,265.8659,755.6887,273.71548,781.9913,274.63986,799.8392,269.09262,-44.183456,361.7481,-36.478283,296.41513,-22.562668,232.10304,-1.6085237,194.84131,48.662827,156.03658,90.58673,142.2327,0.013117619876834002,0.0,0.3012729,0,0
757.3697,271.75778,829.3837,225.72008,794.58887,344.71597,864.78986,288.81158,705.73456,218.59236,721.29944,229.41852,742.9644,241.67245,756.9503,249.06671,784.2249,260.9287,800.62805,265.4369,-45.9343,385.9573,-27.210535,341.61044,1.7859112,285.73706,21.254066,250.36969,62.516045,185.9057,90.72156,152.0515,0.0022866562567277764,0.0,0.3012729,0,0
760.80505,271.31348,831.34924,224.66016,797.2508,343.66144,867.63605,287.75537,694.10504,216.74303,710.0943,226.32573,731.41736,236.67282,742.8985,243.10504,772.9795,255.27531,788.7153,259.3349,-76.86586,418.8974,-54.979286,374.1688,-23.457031,320.23685,-7.2664795,289.08887,40.05861,217.87427,67.51912,185.41658,0.0017634284719066778,0.0,0.3012729,0,0
763.68756,269.78995,833.834,223.16788,799.5683,342.41815,869.9661,286.57187,675.5237,215.00531,692.14667,224.81842,713.49023,236.4572,726.68506,242.05339,756.03076,253.0716,773.8709,257.06073,-120.445366,450.53595,-97.13173,404.22638,-66.40313,347.17697,-45.939575,315.65186,1.1940546,248.43398,32.832916,213.31822,0.0022174872524622262,0.0,0.3012729,0,0
764.87134,268.93256,835.63165,221.62483,801.2681,340.53915,871.7058,284.92792,656.8759,217.57945,673.9769,225.94434,695.1343,236.66647,709.5257,242.01038,740.5819,252.57236,757.3471,257.44226,-155.60254,465.0627,-131.47922,423.0839,-101.8126,370.02658,-79.799736,338.2462,-30.853199,271.09207,-3.2696736,236.22015,0.001494692782953152,0.0,0.3012729,0,0
765.78253,266.3532,837.12897,220.22067,802.5728,339.98465,873.0326,284.0391,639.1253,219.22787,659.6274,229.45801,679.4986,238.73964,695.1318,244.85239,724.81085,253.79547,744.10266,257.85367,-187.0274,464.62457,-159.90285,417.52988,-132.85767,372.8562,-110.40844,340.00647,-64.79713,282.4611,-32.89936,248.0513,0.0017969601046935386,0.0,0.3012729,0,0
765.86743,265.93695,837.4791,219.78871,803.11676,339.16412,873.2892,283.6882,624.73737,220.73572,647.53796,232.065,666.8439,241.10555,683.4223,247.16605,714.09344,257.1053,733.3363,260.05945,-208.12503,471.33804,-179.42519,421.0977,-154.36505,379.17798,-131.2162,346.40976,-86.39113,287.21848,-54.657894,256.18045,0.0018035714122407833,0.0,0.3012729,0,0
766.3076,266.46442,836.92474,219.58939,802.84424,339.9432,872.9713,283.73404,620.30927,224.87056,642.9724,235.02617,661.7165,243.29874,679.4773,249.03087,710.3423,259.4857,729.3688,262.7465,-228.6047,481.36783,-197.42754,431.29413,-171.31686,389.79388,-144.73257,354.79977,-98.18068,291.90683,-66.24307,259.36224,0.0013390715708566574,0.0,0.3012729,0,0
765.17865,266.20047,836.53357,219.47383,802.1386,339.48563,872.3763,283.73184,625.36414,226.48938,647.32574,237.00659,667.56085,245.74712,683.38696,250.97087,714.7275,262.6261,734.0315,266.03387,-213.542,462.35468,-185.0047,413.9304,-157.65791,370.83392,-134.72958,340.20572,-89.52094,275.53293,-57.79109,242.89064,0.0013016842100766562,0.0,0.3012729,0,0
765.1785,266.37827,835.49554,219.76575,801.5565,339.42633,871.64124,283.45078,639.6642,228.41486,661.59717,239.40125,681.6612,248.47308,699.7885,255.44855,727.2787,264.80225,746.6884,269.5035,-198.48723,452.1397,-168.26878,399.5329,-139.7146,353.36826,-112.74887,314.09714,-70.347145,256.5615,-38.2792,219.4893,0.0014260124028581363,0.0,0.3012729,0,0
763.058,267.48795,834.4307,220.48198,800.48975,339.84827,870.63104,283.46286,660.77765,232.21918,679.2425,241.11394,701.3054,251.5343,715.55023,257.4877,746.2877,267.97504,762.7893,273.19382,-151.18991,411.19922,-126.914795,368.75653,-97.39465,317.90717,-77.45369,286.4045,-31.554386,222.38586,-6.0145693,188.18848,0.0012252213394305898,0.0,0.3012729,0,0
764.5387,265.66476,834.3063,219.72263,800.18414,338.69415,870.37994,283.29486,688.1932,234.94597,704.03595,244.44719,723.46875,255.0991,736.4946,260.0109,766.7302,272.6537,783.9913,277.23038,-119.98876,376.3754,-97.92534,332.76456,-70.07646,281.71628,-49.43211,252.50858,-2.3920798,181.58723,27.205332,146.52281,0.0018836716858287314,0.0,0.3012729,0,0
764.73895,266.0722,835.17737,219.52757,800.88776,338.57983,871.18445,282.81088,708.31946,243.1082,720.39105,256.63977,738.76306,277.029,751.36945,281.35187,784.1333,284.62964,802.9018,281.4883,-86.20311,330.1026,-75.50903,283.11935,-59.313156,213.19444,-39.72618,186.25528,19.523493,131.96408,59.5514,110.551346,0.009795739973096757,0.0,0.3012729,0,0
765.7599,265.9181,836.6476,219.12964,802.41736,338.33405,872.9548,282.3614,720.57697,246.35548,727.0593,266.3621,738.4527,288.8214,750.34406,297.8008,784.962,292.2244,803.52814,282.341,-67.049355,306.42227,-72.80416,253.2314,-71.667946,189.80656,-58.04902,154.71925,11.125056,116.45355,56.909447,109.40776,0.02268696682033647,1.0,0.3012729,0,0
767.42444,264.74738,838.52655,218.17451,804.25073,337.70175,874.2692,281.88074,725.9099,245.12955,730.26337,264.50574,738.4953,288.35403,749.7876,296.9284,785.42633,292.96283,806.27325,281.85516,-59.46675,299.25537,-68.636986,251.34665,-74.481026,190.4268,-61.80159,157.58734,7.0659175,115.23819,58.316658,107.417915,0.02525284401678503,1.0,0.3012729,0,0
768.9813,265.6588,839.74493,218.87964,805.5548,338.22614,875.7306,282.31882,721.4305,245.9213,728.42236,264.45172,739.72125,285.56232,751.8035,293.96613,786.0748,291.32227,808.5236,281.67227,-71.29423,309.3928,-74.73819,259.1023,-72.56607,198.83224,-58.065945,164.70436,7.876442,121.07521,61.09137,107.73773,0.018762038059754245,1.0,0.3012729,0,0
769.8167,265.6542,840.4372,219.19992,806.5302,338.1672,876.67773,282.30627,712.8142,241.74283,725.84534,255.55106,743.78754,276.79733,759.34656,278.62872,789.6527,283.70795,808.13885,281.3289,-85.04741,331.691,-73.20424,283.23947,-59.088856,212.62837,-32.058704,187.03424,20.427547,132.7505,58.913784,110.26386,0.008909659040503231,0.0,0.3012729,0,0
770.42566,266.4112,841.60254,220.37988,807.24347,339.5335,877.51355,283.36893,699.73224,240.22606,715.685,249.5202,734.984,259.52164,748.62494,264.4419,777.60266,276.1496,795.9166,279.56583,-106.08138,351.61273,-85.49803,310.5346,-59.378475,263.2843,-38.853092,234.29402,4.2881956,168.99779,35.970135,135.40668,0.002084824604606024,0.0,0.3012729,0,0
770.68945,267.76364,841.7378,221.01672,807.74036,339.56955,878.37134,283.76794,677.38165,241.54707,693.47906,248.77832,715.19867,259.77664,729.4864,264.7578,759.319,273.95767,779.06085,278.08813,-147.27304,385.1293,-124.79454,347.8816,-95.33735,294.53488,-73.880455,264.23254,-27.398552,202.77168,5.773387,165.62675,0.0018158588825217725,0.0,0.3012729,0,0
771.3846,268.64407,842.24567,221.67726,808.19543,340.54657,878.4984,284.716,659.3495,243.32405,676.93,251.75302,700.01965,262.96326,716.3088,268.21704,743.7437,277.08783,763.03357,280.77997,-180.86635,406.46375,-157.1277,365.33026,-125.84413,310.61703,-101.37568,277.51306,-59.596386,220.91472,-27.393215,185.89935,0.0017716660173531362,0.0,0.3012729,0,0
771.92377,269.4242,842.51733,222.71516,808.9608,341.47888,878.80115,285.75708,643.4266,244.39429,665.09314,254.85243,684.19495,263.53177,698.8706,268.42978,730.2931,278.66742,749.59686,281.52295,-208.05159,424.0174,-179.51843,374.3033,-153.72923,331.28973,-132.32492,301.80322,-85.54716,238.19017,-53.187206,205.6368,0.0017541783251118436,0.0,0.3012729,0,0
771.9036,270.18408,843.2917,222.95345,809.3757,342.15454,879.14777,286.21475,636.3211,244.69824,659.8133,256.4254,679.6023,264.77167,694.8236,270.01474,725.57117,279.9402,746.8014,282.84363,-211.92528,426.9152,-183.19127,374.51956,-157.44043,332.98676,-136.4088,303.0682,-92.444016,242.72267,-57.774334,208.18295,0.0017630887506141218,0.0,0.3012729,0,0
772.4793,269.70554,843.15845,223.09052,809.19165,342.06427,879.2651,286.0008,643.1682,245.80443,666.7127,257.3167,686.3884,266.77716,701.63666,271.98105,732.26843,281.54205,751.38275,284.57535,-210.43484,422.73654,-179.39815,368.28214,-153.1365,322.77,-130.96489,291.84674,-84.99392,230.67668,-53.19287,197.98303,0.001857276156530193,0.0,0.3012729,0,0
771.6223,269.42075,842.88776,222.94514,809.2654,341.55768,878.9875,285.73685,660.62427,248.91537,679.65625,258.86118,701.4753,268.79874,718.73944,274.8705,746.74286,283.28732,766.31506,286.871,-175.7865,386.41193,-152.3736,342.3375,-124.01852,294.2998,-99.76156,259.51965,-58.315258,204.90347,-26.49368,170.55786,0.0019067348331250696,0.0,0.3012729,0,0
772.6546,269.70883,843.04297,222.84322,809.0099,341.79645,878.5196,286.38763,680.32245,252.37451,699.41125,261.09277,720.5398,271.21484,735.25977,276.45996,765.73926,286.98016,783.72205,292.13004,-154.09712,362.4342,-127.660934,318.87344,-98.48646,269.1241,-76.39661,237.99051,-29.591127,173.18047,-0.4580705,136.44034,0.0011949977973571186,0.0,0.3012729,0,0
772.1299,269.3013,842.43384,223.87056,808.65967,342.05356,878.83466,286.67838,705.8558,259.42828,722.91046,268.27368,743.01636,278.36118,755.6534,283.8986,785.6673,294.47086,803.1807,299.15353,-114.85769,312.037,-91.352264,269.89542,-63.263603,220.80347,-44.834396,191.55682,1.7074786,126.92625,30.683174,91.77332,0.0017145073293802352,0.0,0.3012729,0,0
771.5567,269.91232,842.13074,223.89177,807.9613,342.18802,878.5062,286.4609,716.5527,265.82715,731.0197,283.24942,748.5694,300.12396,761.32837,306.2255,793.9951,307.36673,812.67535,303.62616,-99.06063,285.42676,-87.53787,227.72635,-70.251915,168.01157,-52.505917,137.6286,6.7028728,88.32992,45.999928,68.174515,0.009933157966154968,0.0,0.3012729,0,0
771.43646,270.476,841.6952,224.19742,807.53046,342.3104,877.6404,287.4716,725.3809,273.6058,736.49927,292.60828,751.34424,312.97055,764.0287,320.453,796.0093,315.08347,812.8823,303.93692,-90.29953,257.93698,-86.31788,201.8534,-76.85169,139.05646,-60.31274,106.052895,4.098746,70.38477,47.725307,67.77423,0.017738528082074635,1.0,0.3012729,0,0
770.246,271.1909,840.42194,224.78023,806.671,342.8499,876.4528,287.4464,726.882,275.6137,736.99396,295.93362,751.3253,317.0174,764.2989,323.428,795.9639,317.0938,812.7161,304.4544,-85.50667,251.48984,-84.75395,194.23772,-77.172325,131.03918,-59.51733,99.8311,4.481765,66.13268,49.164364,66.38213,0.01974360472805874,1.0,0.3012729,0,0
769.3135,271.51855,839.24744,225.0614,805.716,343.3102,874.95557,287.98117,722.72833,276.17105,734.91144,293.3085,751.6296,312.1697,762.6592,317.96677,794.3923,314.13864,810.9415,304.26352,-91.571304,255.24358,-84.355194,202.2162,-70.609024,140.15565,-55.794765,112.823395,6.565542,73.970276,48.369076,68.90202,0.015083479783362903,0.0,0.3012729,0,0
767.9149,271.7109,838.1586,224.76486,805.10956,343.43503,874.0436,287.6849,710.3962,267.08707,728.18506,276.8616,748.8708,285.80106,760.423,291.66132,789.9595,300.29385,806.8107,303.342,-101.26669,289.0803,-78.232605,244.46005,-48.970608,197.1494,-33.257862,168.63086,13.6576,107.77124,42.960052,76.07758,0.0022247614692140574,0.0,0.3012729,0,0
767.7306,271.06635,837.82983,224.28252,804.53186,342.7418,873.6482,286.92624,691.81433,265.9036,708.917,274.59412,730.5985,285.38422,743.38464,290.8037,776.51483,301.41882,792.548,305.4354,-133.85425,315.22748,-111.18311,274.01398,-81.99482,221.78937,-63.803257,192.70636,-12.7529955,123.27181,13.551457,91.26421,0.0017965683083129534,0.0,0.3012729,0,0
767.5212,269.46405,838.05176,222.85582,804.5593,341.96677,873.8528,286.07178,669.313,263.01205,686.6738,271.1762,709.1859,281.7066,724.1383,286.26297,755.2585,295.5761,772.91614,300.61795,-169.07349,343.15564,-146.34833,304.30695,-116.47339,253.43083,-94.35553,224.27452,-47.173985,162.62628,-19.552416,127.321045,0.0014132219320684121,0.0,0.3012729,0,0
768.60895,268.57944,838.2589,222.0522,805.1343,341.08566,874.31915,285.00992,650.4219,258.6366,670.6591,268.5961,692.6003,278.7364,707.72845,283.2009,738.87885,291.6684,757.9328,296.59085,-205.06708,380.28482,-178.03925,333.07922,-148.03906,282.96494,-125.20071,253.4876,-76.77779,193.2913,-46.359394,156.28896,0.0016509391117000276,0.0,0.3012729,0,0
768.69794,268.10632,839.4676,221.40314,806.19476,339.64725,875.30316,283.77628,637.9622,255.76318,659.27716,265.07465,681.3682,272.92422,696.78534,278.3176,731.3574,288.0967,748.3394,292.772,-213.35406,393.66977,-186.64098,348.9602,-157.09535,305.6133,-136.05196,275.01627,-85.7562,209.54216,-60.249283,176.74966,0.0009233517175711208,0.0,0.3012729,0,0
769.4145,267.57166,840.07245,220.24812,806.5238,338.9029,875.8757,283.20825,636.40356,254.13428,658.6133,264.12494,680.71344,272.47308,697.30383,277.999,731.3858,286.53967,747.30585,290.33566,-221.0052,403.3446,-192.49681,355.094,-162.47176,309.7595,-138.99832,276.78,-87.297585,213.40263,-62.377037,183.46709,0.0013140214761702667,0.0,0.3012729,0,0
769.9896,265.9733,840.1349,219.26384,806.9558,337.85223,876.4384,281.99368,644.7393,253.49632,666.8456,262.8081,684.8347,270.2528,702.18823,275.61978,733.8522,284.2745,752.65625,288.19553,-212.82314,394.0548,-182.77196,346.18573,-157.97812,307.14105,-132.38535,272.99646,-83.89421,211.99443,-53.428524,177.57974,0.0013160548911747456,0.0,0.3012729,0,0
770.5874,265.50952,841.02606,218.41916,808.157,336.72397,876.9825,280.73392,662.07007,253.36244,682.0732,263.29565,704.1143,272.58884,720.49084,276.7694,750.959,284.85983,769.16656,288.13437,-179.23949,369.3481,-154.30295,323.5301,-125.08537,275.82016,-100.71714,245.51451,-54.5051,187.04016,-24.675835,154.387,0.0017860340229038502,0.0,0.3012729,0,0
771.7862,263.0878,842.16595,216.44916,808.2697,335.2905,877.71136,279.60626,683.17706,255.46022,701.72546,263.1209,723.2322,272.89178,738.26605,277.71738,769.4284,286.37604,786.7003,290.39203,-154.14015,335.78198,-128.19724,295.50763,-98.47747,246.33255,-75.756836,215.80148,-26.5248,154.08983,2.116591,120.73795,0.0014231243244171292,0.0,0.3012729,0,0
772.709,262.88177,842.25836,216.1958,809.2312,334.5476,878.87555,278.692,706.61127,258.3823,725.2403,266.81216,745.74194,276.25134,757.91425,281.26852,788.3354,291.1583,805.04346,295.07706,-120.4358,303.93073,-93.5216,259.49695,-63.953674,210.09477,-45.818146,181.9363,2.3210828,116.63994,30.556274,83.48958,0.0014756038953105787,0.0,0.3012729,0,0
772.4643,262.00305,842.55676,215.06116,809.335,334.3041,878.4196,277.83105,726.0943,260.869,741.5359,270.60983,765.42596,281.52075,778.00684,286.8337,808.8219,297.32855,826.91235,301.61905,-84.670456,267.1275,-65.41593,225.29065,-31.686983,168.86288,-13.331706,139.72423,34.777016,72.39593,65.534615,35.79221,0.001967137232860472,0.0,0.3012729,0,0
771.5506,261.9735,841.4324,215.48828,807.9306,334.45782,877.6785,277.5381,738.9368,270.96783,748.5719,289.56192,762.5344,308.0868,774.049,316.14325,811.05286,312.24167,829.8749,303.041,-69.157616,226.99399,-67.57646,174.23825,-58.32051,116.99038,-44.70013,84.65656,26.590298,37.27559,71.91964,26.20677,0.01610767808996404,1.0,0.3012729,0,0
770.86755,262.56323,840.6328,215.56256,807.1605,334.59183,877.2292,277.5748,744.52234,272.8241,751.71356,293.17,762.84827,314.53934,775.27277,323.15897,764.93646,315.91373,829.2617,303.9371,-59.330902,216.06972,-63.862373,162.72589,-62.07574,103.65687,-47.282215,68.868385,-59.520718,97.94197,71.5797,24.590256,0.024851531946810758,1.0,0.3012729,0,0
770.1306,263.1515,839.9635,216.13136,806.7258,333.65036,875.78986,278.1759,741.9178,272.33722,749.6196,291.75327,762.556,312.15195,773.93744,320.1058,810.29456,314.46432,828.3927,304.50375,-61.939106,220.9248,-65.55694,168.85406,-60.580505,108.50103,-47.271652,75.94765,25.54306,31.973953,70.966225,23.500425,0.019605633158277583,1.0,0.3012729,0,0
769.6306,263.90082,839.70026,216.76056,806.6382,335.78607,875.96954,279.37726,731.9753,266.96857,744.9188,281.36295,809.23834,306.7549,806.8238,302.64874,811.6248,306.48486,828.11975,304.19324,-72.99138,246.82683,-62.35388,198.24945,33.06439,51.93946,32.57824,63.811577,37.89573,48.80663,72.24975,27.666704,0.006079433503909134,0.0,0.3012729,0,0
769.00806,263.97607,838.7038,217.02214,806.0738,335.0904,875.18463,278.99896,712.6514,259.3707,729.88763,268.154,751.441,278.59576,764.9981,284.01447,794.57025,293.78503,811.58685,297.6853,-100.435555,290.04294,-77.04585,247.01149,-47.147297,194.07701,-27.145676,163.00449,19.003962,98.70395,47.74779,64.64521,0.0017942371135387075,0.0,0.3012729,0,0
769.13983,264.53946,839.1681,216.75746,805.3853,336.36826,874.2971,279.48163,689.06494,255.71198,706.87354,263.4283,729.26276,274.17712,742.13696,278.9054,773.8008,288.51886,791.23773,291.9884,-137.65228,330.08145,-112.977905,289.88046,-82.44139,236.45807,-63.433624,208.46387,-13.976814,142.54312,15.645671,109.1538,0.0016634241667316848,0.0,0.3012729,0,0
768.68896,264.53027,838.4327,217.27954,805.52893,335.8882,874.67395,279.6467,667.86127,249.70341,687.36847,258.45074,709.3486,268.22894,724.94403,273.28342,755.67053,281.5168,775.6699,285.75348,-170.64516,371.98956,-143.74174,327.04147,-113.11199,276.14618,-89.57582,243.78044,-40.90904,182.67987,-7.530618,144.47626,0.0015906786816966938,0.0,0.3012729,0,0
768.8618,264.9745,839.0212,217.21187,806.4703,335.76617,874.8438,279.77252,656.8545,244.07054,678.80585,254.1919,701.0305,263.70486,719.4016,269.74643,747.77594,278.17285,767.551,280.04114,-178.49538,393.9528,-150.40446,345.10043,-120.85754,296.36005,-94.41281,259.21808,-51.77542,202.40459,-17.401613,170.1181,0.001802975351007616,0.0,0.3012729,0,0
770.12866,265.27072,839.11053,217.72894,806.4844,336.4529,874.89374,280.2439,658.2211,240.21655,677.934,249.38478,701.39856,258.9765,718.3333,265.2747,747.0243,273.64713,767.48456,276.67242,-184.52834,411.9359,-157.11226,365.33792,-123.10331,312.33008,-97.777596,275.06085,-52.211773,216.03116,-16.308233,179.44617,0.001636680132775169,0.0,0.3012729,0,0
769.1859,266.1026,838.74335,218.37924,806.6026,336.81232,875.0501,280.5009,667.42804,237.1312,685.60596,245.6303,707.86346,254.9371,724.2082,261.48328,755.96375,270.4737,773.70544,275.01614,-158.25052,404.18768,-133.81358,361.5815,-102.610634,311.2844,-79.16761,274.5448,-29.31082,210.01158,-0.3750025,174.20291,0.0013652809355622873,0.0,0.3012729,0,0
770.9131,265.7864,838.3506,218.70787,805.5721,337.9249,874.9089,281.11465,685.1393,237.16637,705.1119,246.04974,725.4166,255.93094,740.0679,260.8302,771.77014,269.9919,789.5906,275.4988,-148.19603,400.12085,-115.32706,347.79294,-82.9759,293.10242,-57.858658,259.17444,-2.3618739,189.28302,28.408785,149.30405,0.0013499151407130924,0.0,0.3012729,0,0
768.4853,265.015,837.8706,219.69862,805.34406,337.8291,874.26056,281.80896,707.17914,239.29655,723.59875,247.75488,745.1763,258.14053,760.93317,263.7976,789.2944,274.70407,807.32825,278.92752,-91.90972,341.77454,-68.95616,300.63638,-37.96656,247.92569,-13.347533,213.40543,30.862255,148.831,62.244297,112.90902,0.0014679911571229642,0.0,0.3012729,0,0
768.16754,268.8399,837.0948,220.27467,804.5725,338.55673,873.36444,282.92337,726.2902,242.99103,746.1931,253.7913,767.939,263.75723,780.1597,270.10016,811.0473,280.24005,826.7182,284.60336,-55.945606,321.04883,-27.83744,266.7879,4.7923117,211.49234,22.403341,178.70995,73.433876,108.20446,100.44169,73.75063,0.001675992836870652,0.0,0.3012729,0,0
766.842,266.96252,835.96735,221.07793,803.8202,339.41748,872.01965,283.00763,744.4518,253.30675,757.9566,270.62167,773.7945,289.08,786.789,296.46677,825.18427,294.09628,839.4536,290.4345,-29.606674,261.84863,-20.457306,204.81148,-8.178435,143.03494,9.240956,108.73797,86.99967,54.532234,120.49626,39.106937,0.012000009556765553,0.0,0.3012729,0,0
766.1637,268.9365,834.72626,222.16693,802.15295,340.4468,870.6867,283.87012,755.95013,259.09412,764.3061,282.4307,776.61816,304.04095,788.41656,311.8843,821.31934,304.0899,837.0113,291.87308,-10.363376,237.25517,-16.679169,173.47441,-13.680394,109.881775,1.2089951,76.15852,73.05427,40.35353,118.466606,39.854477,0.02491616014184528,1.0,7.7101002,1,1
765.57306,267.78894,833.2688,222.77338,800.7626,341.09872,869.1559,284.60956,757.7917,260.55466,764.90546,283.73404,776.17053,306.77667,788.1408,315.1263,820.7494,306.37552,835.9062,292.6553,-8.665321,227.8107,-16.286247,166.18964,-15.514373,101.94208,-0.2946653,67.67314,72.10072,34.97884,118.22432,38.375095,0.028724480792328515,1.0,7.7101002,0,1
763.6789,268.5849,832.2887,222.98172,799.8322,341.16977,868.0745,284.59647,751.4316,257.19308,762.5183,278.63617,776.90704,300.08014,787.66437,306.505,819.2834,302.2035,835.1929,292.57755,-12.875288,243.19554,-11.860901,179.849,-4.657002,113.859146,9.656789,84.8085,75.79676,44.573032,119.07643,38.557552,0.01985474688056911,1.0,7.7101002,0,1
763.925,269.35068,831.789,222.8493,799.87024,341.0189,867.7871,284.13312,737.1463,245.77425,753.7425,256.92917,773.53,267.30753,786.2269,274.59308,813.041,284.90036,830.8479,289.77567,-29.808434,293.77985,-7.8559227,243.26598,21.131517,189.87602,39.08238,154.2462,82.486534,89.76843,113.80673,50.656536,0.002422718943104461,0.0,7.7101002,0,1
763.76,270.28812,832.25824,222.90645,800.01556,340.91867,868.20355,284.65115,712.6457,240.47737,732.0369,249.47876,754.0135,259.68677,766.0751,264.04123,798.35,274.43555,814.4042,275.34534,-70.10549,342.98172,-41.29841,294.0483,-8.474079,238.26524,10.901615,210.2797,64.68127,137.30289,96.616196,109.65114,0.0020283745285192664,0.0,7.7101002,1,1
764.21027,270.6587,832.89014,223.09189,800.4976,341.39944,868.78595,285.49258,691.19556,234.732,706.3183,241.51192,728.0737,251.34016,742.77966,255.91399,773.49335,264.97943,793.38574,268.29102,-106.20114,387.00076,-83.755005,350.0751,-51.336914,296.45798,-27.262972,264.63828,24.211525,198.34537,60.86253,160.3005,0.0017526454861134606,0.0,2.681684,0,1
764.1728,271.34338,833.08154,222.78424,801.0513,341.50113,869.4375,284.8909,663.0336,225.60431,680.80634,233.26993,706.12146,244.11479,720.37256,248.5391,752.61255,256.81134,770.81964,259.16534,-147.11151,449.78687,-121.271706,407.34415,-84.11185,346.59015,-61.432053,315.94446,-7.6563735,249.53583,25.691532,216.50777,0.0017913749099491292,0.0,2.681684,0,1
764.45544,269.40326,833.57336,222.3573,801.642,340.99448,869.7162,284.72217,647.2063,217.69182,667.4293,227.5784,690.80176,237.5654,706.27856,242.009,738.1055,250.39445,757.0704,253.7678,-168.34502,474.06464,-140.92635,425.87036,-107.649414,372.85965,-83.398926,342.24472,-31.738913,279.62726,1.4338963,245.01268,0.001768309444869456,0.0,2.681684,0,1
763.7155,269.26956,833.99695,222.63971,801.5338,341.88712,869.68164,284.99634,642.16016,212.89828,663.60205,222.64433,686.195,232.30473,701.1162,237.18784,732.70184,245.49524,751.3943,248.8794,-162.90558,475.149,-135.3358,429.2945,-105.1711,381.32733,-83.579445,352.3703,-34.668736,293.7874,-3.2136476,261.28696,0.001657816009379694,0.0,2.681684,0,1
763.4253,270.57642,832.9393,223.15605,800.23376,342.0333,869.1034,285.36356,646.7245,209.50777,666.9203,220.29929,690.02905,230.01993,704.6754,235.16542,737.5105,244.47533,754.5155,247.74481,-161.42418,500.69333,-134.04588,448.80942,-100.239586,395.28833,-77.69486,363.42105,-24.222607,295.98904,5.5843387,263.91315,0.001813685151361676,0.0,2.681684,0,1
762.9589,271.7787,831.8121,224.44449,799.3749,343.2209,867.87177,286.34528,659.43207,212.19089,676.82935,220.95972,700.3536,231.5715,715.48535,236.70464,747.4475,246.90555,763.2761,250.01567,-141.70348,484.83685,-116.87859,440.12778,-82.040375,382.3805,-57.909737,348.99164,-5.598797,278.97968,22.712317,248.22647,0.0016311489544459815,0.0,2.681684,0,1
761.57495,272.66092,830.0216,225.67535,798.30396,344.44653,866.79816,287.90344,679.7567,218.37233,696.2282,227.47246,717.4555,237.24283,731.2871,243.25049,759.87054,252.46162,780.2321,256.665,-107.35894,444.38776,-83.84004,399.1251,-51.697266,345.5171,-30.34767,311.3393,17.299616,247.70677,54.205013,207.17174,0.0020156604033289127,0.0,2.681684,0,1
760.10834,274.047,829.06665,227.24663,796.954,345.4745,865.41406,289.1077,698.2678,224.18791,716.59607,233.88455,737.28015,242.88454,751.898,250.33206,781.5746,260.29266,794.79926,263.0132,-70.87705,403.1102,-44.8116,354.43802,-13.332766,303.82993,7.9569883,265.29593,57.03076,198.16718,81.13752,171.66693,0.0016766524371849211,0.0,2.681684,0,1
759.13654,274.20865,827.89905,227.88554,796.72644,345.48328,864.3287,289.80307,719.28033,227.58063,737.4549,238.33293,758.4388,249.10936,771.52563,256.25854,801.99506,266.5649,818.44464,271.49466,-29.991798,361.91415,-5.4399333,311.55453,24.830666,256.78647,43.39499,221.38643,94.32798,152.10368,123.15095,115.317566,0.002021455958363572,0.0,2.681684,0,1
758.76996,274.62323,828.19684,228.1509,796.2202,346.05637,864.1775,289.94772,729.2537,236.7538,741.68805,255.74887,757.105,273.99185,768.49756,279.0168,805.03906,281.00906,823.8929,275.66995,-18.69509,326.41754,-13.774159,265.86353,-2.5411654,203.77087,14.203469,176.3456,84.519135,116.593994,130.009,98.10277,0.012193246659191487,0.0,2.681684,0,1
760.55066,276.115,828.22485,228.53815,796.39954,346.10745,864.4306,290.20102,735.4328,239.60455,743.8977,260.17157,756.3171,278.3197,767.273,287.94833,804.87964,285.19064,823.89307,275.76093,-13.155368,323.2063,-17.09658,261.80643,-10.6658125,201.70284,1.3095446,163.62636,80.18835,109.767494,130.84225,99.032326,0.018323890416596145,1.0,2.681684,1,1
761.2666,277.3162,828.1149,228.60585,796.6275,346.4476,864.505,290.1443,736.625,238.49518,745.0797,258.62488,757.294,276.81805,768.8136,286.95963,804.92596,284.24084,823.764,276.3255,-10.024511,330.60535,-13.638859,268.89444,-7.5430045,207.55775,5.2697663,166.48808,81.973724,113.09446,130.51744,98.67671,0.018204370942338968,1.0,2.2336385,0,0
759.4901,273.85724,828.1285,228.35338,796.3676,346.0989,864.3242,290.1398,731.7953,232.37509,744.53937,249.80449,758.389,270.96835,794.42285,273.0584,805.9384,279.50568,824.50354,275.61826,-13.030376,334.58517,-5.282901,275.54706,0.72783226,207.93356,70.66316,149.69415,87.223885,117.90389,130.93616,96.91186,0.010019246160554532,0.0,2.2336385,0,0
759.0724,275.68002,827.94257,228.60649,796.8315,346.51984,863.7936,290.10098,718.6162,222.41794,737.9315,233.8784,758.2162,242.98729,770.41003,247.6425,803.0639,256.7496,819.4896,260.0057,-23.341763,376.60977,2.2184584,323.4848,32.529808,273.715,51.923958,245.22513,109.068665,174.6546,140.35815,140.99838,0.002367686843972283,0.0,2.2336385,0,0
758.95557,275.20462,827.5711,228.64183,795.9239,346.69388,863.7716,290.20847,697.3141,219.76216,715.34467,228.9289,735.708,238.1098,748.3926,242.52902,781.42975,252.89441,797.1005,254.59953,-64.85809,415.61603,-38.837425,368.70886,-8.061767,318.14783,12.619117,289.44647,68.67212,216.06097,99.54389,187.8631,0.0020544708462067788,0.0,2.2336385,0,0
759.0433,276.43384,826.6225,229.1352,795.07904,347.16333,862.88983,290.80478,675.10156,220.05646,690.23694,228.09737,712.6975,237.12645,725.4303,242.47014,757.39136,251.2691,773.8155,253.62216,-111.73823,458.3187,-89.335884,416.35138,-53.335514,361.20898,-33.08214,329.30374,22.830202,259.65454,54.29796,228.45003,0.002050375682389124,0.0,2.2336385,0,0
758.0385,276.38034,826.31866,229.0761,794.1522,347.30136,861.5953,290.99377,650.23035,221.20079,668.68634,229.91493,691.45593,239.61765,704.74426,243.91296,737.32306,252.87315,752.7758,255.04195,-152.69244,476.88718,-126.39098,432.06183,-92.68565,378.65588,-71.55611,350.32846,-17.268385,283.20236,11.163436,255.40358,0.001849478118076628,0.0,2.2336385,0,0
756.28613,276.04672,825.1871,228.9417,793.5189,347.109,860.52875,291.15744,633.25464,223.59305,654.37286,233.13475,672.1022,240.67386,688.696,245.914,719.86273,254.27101,740.1628,258.76517,-173.33603,476.27805,-145.39188,429.81732,-121.134964,391.20987,-96.46146,358.52826,-47.460705,298.7626,-13.591135,260.68878,0.001490960362842652,0.0,2.2336385,0,0
755.9485,275.7463,824.4535,229.05498,793.0761,347.11758,860.0275,291.2,628.84076,227.91406,650.36566,238.02054,670.80664,246.71924,685.01715,251.33397,717.09564,260.01068,736.32715,263.35153,-186.70256,473.01425,-158.18527,424.4002,-129.94286,379.54907,-108.794014,351.11316,-58.318676,289.24857,-25.368973,255.16533,0.0017424494904650523,0.0,2.2336385,0,0
756.4533,275.51926,824.3278,228.6922,792.857,346.47275,859.5503,290.47076,637.1309,231.09727,656.7971,239.69226,678.43964,249.09096,693.3232,255.37465,723.923,263.90497,741.76855,268.1687,-180.26273,462.38193,-152.75545,417.90253,-122.01805,368.41858,-100.4627,334.3737,-51.328964,272.9333,-21.284985,237.7976,0.001429249552747734,0.0,2.2336385,0,0
756.4839,276.66983,823.8641,228.1055,792.87213,346.47076,859.5969,289.7597,655.57465,233.01007,672.3188,240.4028,696.37573,251.89223,709.8982,256.1306,741.7532,266.2259,758.14484,269.70682,-150.83504,447.46796,-126.37504,406.77615,-91.753365,345.8593,-70.05813,316.40564,-18.31658,245.76286,10.507644,212.6144,0.0015390322999621158,0.0,2.2336385,0,0
756.20886,274.97443,824.2537,227.20007,792.8221,345.4748,860.35706,289.0391,686.91693,235.92242,700.87354,242.94576,722.9456,253.03993,737.3096,257.85776,766.03265,268.72147,784.28296,272.90466,-95.66892,390.15466,-75.67308,353.9402,-42.923687,298.72318,-19.726486,266.5129,25.943047,198.57951,58.277897,160.82353,0.0013843808812461975,0.0,2.2336385,0,0
755.5498,272.9659,824.06067,226.8372,792.8042,345.06058,860.2021,288.67407,708.5787,236.56926,723.294,246.75458,746.51544,260.59006,758.4049,264.8664,791.55255,275.37405,807.55035,278.17603,-54.535454,347.56067,-36.25117,304.02652,-5.130474,240.1982,13.753935,213.51881,68.96614,140.76459,98.84389,109.672134,0.003212427221305319,0.0,2.2336385,0,0
756.1987,273.18924,824.87634,225.86119,793.7305,343.67386,860.6892,287.74463,724.0301,244.20226,735.01624,264.4193,748.4893,284.6149,759.82227,291.9627,794.11676,287.7605,808.49994,279.7527,-32.149826,309.83835,-31.42509,249.69856,-26.055754,187.09528,-12.067764,154.98738,58.93998,111.10484,97.25343,105.12061,0.018905516983619627,1.0,2.2336385,0,0
756.9069,271.28867,825.6656,225.53381,794.7319,343.3735,861.4909,287.08716,732.4537,244.10258,739.3936,266.2974,750.63696,289.1891,762.77594,298.72516,795.4604,291.73254,809.8269,279.27444,-19.509262,293.8435,-28.016846,235.30783,-29.04631,171.29153,-15.832846,134.38069,53.73285,99.61759,96.827225,103.20013,0.028415279452272436,1.0,65.1465836,2,2
758.4539,271.41162,826.6317,224.34747,795.6048,342.49478,862.7066,285.7513,733.8049,242.23773,745.07715,263.36285,758.83765,285.3996,771.4131,293.9527,797.949,289.32697,811.1496,278.35834,-18.403795,301.36557,-17.69766,237.39374,-13.194694,169.56296,2.2454848,132.72943,58.898403,100.99408,98.08992,102.90065,0.023131845780597092,1.0,1.140576,0,0
760.4033,271.07892,827.715,223.74614,796.63745,342.201,863.9942,285.84457,729.3387,239.74014,745.24255,256.9675,760.2442,270.72916,772.8602,278.0669,800.3393,281.0622,811.77655,277.5042,-30.59885,318.18677,-15.999526,254.52074,0.038037073,201.00958,17.729214,165.58899,70.3057,115.792046,98.05179,104.88603,0.01065827962378567,0.0,1.140576,0,0
761.6571,270.20886,828.65546,222.82545,797.80194,341.16205,865.08026,284.79633,720.75073,236.65662,738.9086,247.76094,759.10565,257.02863,772.3547,262.49048,806.127,273.86285,824.6822,278.12173,-48.489998,339.20435,-22.972696,285.62097,8.456269,233.30585,29.745752,200.33975,87.0868,121.49481,121.192375,82.02474,0.0019871731305305695,0.0,1.140576,0,0
762.7293,270.05457,830.24805,222.35428,799.14166,340.34048,866.47046,283.8089,708.93805,239.10143,727.4264,247.81038,746.94336,257.1408,759.8505,261.7984,795.92664,271.51245,809.74304,272.98386,-74.66187,351.35214,-47.099415,303.73532,-18.044498,252.99223,2.7815008,222.71762,65.23676,144.3995,92.094635,118.79339,0.002184421039691597,0.0,1.140576,0,0
764.1473,269.24817,831.7833,221.67139,800.3633,339.75543,867.936,283.1829,697.373,240.77258,713.0421,247.65614,734.9422,256.65588,745.4374,260.292,766.286,257.5137,784.0181,260.64532,-102.302284,364.50278,-78.626686,325.66504,-44.808586,272.5791,-27.865469,248.54773,16.371973,222.79546,49.037193,187.9399,0.003962003535141547,0.0,1.140576,0,0
764.31836,269.32626,832.12933,221.5691,801.018,340.03357,868.64,283.35602,683.6925,241.05737,702.35065,249.46075,724.2414,258.11932,730.75604,259.16217,729.1949,259.08148,780.8467,271.4335,-127.522064,382.37674,-100.076866,336.44922,-66.61076,285.02426,-55.143356,273.07675,-58.057835,275.5667,30.579372,169.79344,0.0016453663509416745,0.0,1.140576,0,0
764.3484,269.84457,832.5192,222.11797,801.2215,340.63046,868.57666,283.3313,679.82904,242.94136,699.12115,250.94176,721.0981,258.89578,726.869,259.73593,726.5767,260.5663,781.02356,271.92783,-132.17125,381.41498,-104.34279,336.77423,-71.23957,287.94705,-61.31483,277.78293,-62.626232,276.36063,30.44251,169.79666,0.0015408364255926474,0.0,1.140576,0,0
764.54614,269.8155,832.1724,222.4447,801.22046,340.42044,868.69977,283.96643,687.9266,245.4497,705.606,252.70654,727.62915,260.4544,740.3523,264.37387,773.3775,272.6578,791.8959,273.967,-123.787186,367.83057,-97.10879,325.90237,-62.469234,276.27878,-41.774918,248.6439,14.5299015,180.17894,50.245903,148.33731,0.0016895999951864484,0.0,1.140576,0,0
763.8829,270.3526,832.3224,223.1572,801.01935,341.1129,868.1891,284.64233,700.39197,247.02888,716.5753,253.71373,738.65564,262.70102,752.68335,265.58832,785.49695,274.82623,801.64874,277.73648,-96.33823,341.6359,-72.92468,304.56396,-40.418594,253.59059,-16.708149,226.92953,37.609493,157.52565,66.808655,126.01322,0.001342109197398325,0.0,1.140576,0,0
763.3445,270.91705,831.091,224.04901,800.38684,341.75156,867.61945,285.50607,713.1735,246.4891,731.6147,255.59442,754.97003,264.56436,766.7257,268.1284,799.45917,276.56784,811.4633,279.27173,-72.782715,328.25644,-46.26398,281.02353,-9.911748,226.55353,9.53155,200.9865,66.140434,131.9066,87.71163,106.96275,0.0016837383882017133,0.0,1.140576,0,0
763.1582,274.1509,830.4135,226.1185,800.2493,344.00705,866.7553,287.50104,729.0206,250.01904,747.1592,259.32758,761.1734,265.01572,758.9703,263.4492,771.6439,269.63013,783.449,272.63342,-41.921295,305.38443,-16.01921,257.16458,5.6668577,223.05943,2.9553692,229.92453,21.57456,196.62843,42.005165,171.45526,0.002120940273313121,0.0,1.140576,0,0
760.953,274.4772,829.27106,228.02914,798.84045,345.5995,865.8978,288.72043,742.4473,254.67368,757.89044,268.1875,779.2917,283.32117,806.185,290.42587,828.21796,292.7507,844.766,293.2997,-15.31609,270.91205,0.5527328,218.27463,26.151094,153.48088,71.49971,96.612404,113.775764,56.02092,147.92903,27.134481,0.005371058198275981,0.0,1.140576,0,0
761.401,272.8726,829.2202,229.4176,798.6544,347.26468,866.0338,290.3882,747.4268,259.29562,760.25305,277.0565,775.97614,294.59683,788.64795,302.15265,823.2277,302.32913,842.7524,296.28558,-14.047833,250.00772,-6.249759,192.4665,7.0336018,132.98883,23.945103,99.18014,92.44215,46.234364,140.6287,27.037498,0.011869067685032725,0.0,1.140576,0,0
761.8425,276.21732,829.6622,231.37141,798.9188,348.86084,866.5294,291.83188,746.2369,260.00208,759.34045,278.3589,773.45056,293.9936,787.51404,302.29388,822.5981,302.9723,842.7134,297.82108,-14.398677,259.42404,-6.9485664,198.9268,4.8448863,144.55087,23.604641,106.28759,92.37542,50.35503,140.30586,28.06063,0.011264807556552812,0.0,1.140576,0,0
761.54785,277.51053,830.26434,231.91733,799.6207,349.61365,866.6555,293.2751,739.6163,254.87914,752.91864,265.4093,811.87805,295.5202,814.6264,296.70572,826.50476,295.29987,844.33057,297.08856,-19.11851,280.61636,-4.289298,238.65025,79.741936,86.336494,83.98766,79.53985,110.09962,63.43267,145.7341,30.350433,0.004917146391174849,0.0,1.140576,0,0
765.4873,279.8771,830.20087,232.41376,800.18726,350.42105,866.45593,293.27545,724.1805,252.26732,743.1098,263.16922,763.5471,271.13187,777.16693,277.74936,810.0431,287.3526,825.93243,291.4756,-59.00245,332.98618,-29.900978,275.48242,4.9706497,223.09756,26.682976,185.43135,85.61355,109.243515,114.65821,73.5689,0.0017691874952729105,0.0,1.140576,0,0
763.0093,282.34866,829.6476,233.64056,799.3073,351.56705,866.53204,294.87036,705.1526,252.40228,723.59155,260.5437,743.46326,269.84854,757.1482,274.49466,787.35754,283.24844,805.1893,286.1152,-85.28309,360.6741,-56.5491,312.4551,-26.205193,259.40552,-3.5168126,226.93364,48.323605,158.39809,81.696686,122.709526,0.001861184545853239,0.0,1.140576,0,0
762.60645,284.28772,828.77094,234.34027,798.13495,352.82993,865.62933,295.92117,682.01843,250.89424,700.5862,259.73218,721.4935,268.10214,734.3875,272.19058,762.54,279.1555,782.41327,282.7913,-131.4036,412.2813,-101.87215,360.02887,-67.36898,305.4682,-45.12488,274.4954,5.326698,211.54594,42.285885,170.00974,0.0018778448917651724,0.0,1.140576,0,0
760.61584,282.35306,828.49097,235.06995,797.94666,352.99588,864.94354,296.2175,660.5919,249.60217,679.39044,257.65768,702.1185,265.87277,717.0476,270.58072,749.3614,278.37067,764.3891,280.56012,-154.68283,414.6975,-128.08061,371.15384,-94.216354,321.38943,-71.06414,289.83878,-17.667116,225.5863,9.192174,198.1763,0.0015289795597554386,0.0,1.140576,0,0
760.83936,283.42743,828.1872,235.76295,797.759,353.5487,864.5887,297.3217,649.58966,249.92006,670.21094,259.51193,693.5141,268.4118,707.6635,271.63965,739.41425,278.65137,756.66095,282.15567,-178.34253,436.16235,-149.11226,385.8168,-114.13128,332.92438,-90.69784,305.39325,-36.965805,243.0446,-6.9072556,209.19366,0.001681475756035125,0.0,1.140576,0,0
760.869,284.1028,827.98706,236.58032,797.67914,354.44083,864.4759,297.86285,648.5247,250.08592,669.3284,259.9151,693.0555,268.99353,707.5655,272.38977,739.5585,279.8072,756.0869,283.29144,-180.90784,440.468,-151.25092,388.84872,-115.39125,334.552,-91.32743,305.94952,-37.32564,242.00241,-8.586027,209.15211,0.001629570801871023,0.0,1.140576,0,0
760.7211,284.1471,827.9147,236.57065,797.93756,354.62717,864.77167,297.84552,659.8177,250.86826,678.1315,258.84195,701.3573,267.3997,716.1784,272.69162,749.01965,280.35666,764.4158,282.83597,-159.62428,422.29034,-132.93843,378.28293,-97.48422,325.68375,-74.52086,292.23123,-18.999271,226.20963,8.650926,197.14868,0.0015835076256739196,0.0,1.140576,0,0
761.7002,285.87433,828.47076,237.28009,798.3075,355.28052,865.1059,298.77963,682.2274,253.27295,699.7444,261.69543,721.7056,270.3411,734.54614,274.4518,766.1164,283.26395,783.27264,286.48517,-123.430534,396.4007,-97.53706,350.4559,-63.17373,297.16403,-42.062763,268.0211,11.6075945,198.67473,42.796566,164.00748,0.0016253322816812063,0.0,1.140576,0,0
761.82086,286.41312,829.2243,238.25822,799.0281,355.42365,865.7164,299.3709,706.25446,254.88394,722.3624,262.895,745.44867,273.09415,759.8812,278.3225,789.579,287.13092,806.2912,290.35315,-75.31199,354.60422,-52.406647,312.48376,-18.065952,254.65508,4.7795563,220.7829,54.52978,154.4947,84.96726,120.352974,0.0017963832433549882,0.0,1.140576,0,0
761.91,285.28186,829.8665,238.31772,799.93225,355.53394,866.4296,299.75778,725.7735,260.65332,740.45984,274.73563,757.5683,285.38138,776.32526,296.31967,811.7996,297.31732,821.7007,295.35254,-43.887283,306.43158,-30.21835,254.30324,-8.460698,206.22638,16.30891,154.759,86.070045,97.08388,108.8943,85.16555,0.007153040446616298,0.0,1.140576,0,0
760.9653,284.98135,829.4343,238.42136,799.1536,356.2646,865.86475,299.51648,740.1882,267.93866,748.62756,288.34238,760.27826,308.49963,771.31866,316.6989,807.8504,307.1789,822.9155,296.28128,-22.136322,267.0032,-26.472717,210.649,-24.588598,151.75404,-12.294911,118.81878,67.652214,81.7565,110.94253,80.07315,0.023189452866739846,1.0,289.855072,2,2
760.2965,286.11185,828.356,239.14778,798.2106,357.18024,865.3179,300.39517,747.04285,270.82355,751.8515,291.56586,760.94934,314.0776,772.7174,323.28976,808.1986,311.09207,821.70496,297.1429,-9.893542,253.24333,-21.608906,200.79788,-26.663208,140.37305,-13.832786,104.15353,67.11403,73.52179,110.633255,80.5248,0.03314652068947534,1.0,273.9725952,4,4
759.50305,286.35245,827.4493,239.44778,797.2274,357.40842,864.16327,301.21527,743.76965,270.47083,749.9265,291.7482,759.18665,313.30444,770.99603,321.93607,807.00195,309.82425,821.134,296.81912,-14.250319,257.9786,-23.853165,202.58801,-27.608385,143.9407,-13.960316,108.78598,68.709564,77.43842,112.68696,81.65651,0.02997002689695823,1.0,100.0,3,3
759.2564,286.76132,826.4583,239.90872,796.34937,357.3237,862.875,301.52322,732.9388,268.40677,744.855,287.08978,758.79974,304.31616,769.9072,311.4497,805.4486,305.42105,819.7579,296.56335,-32.956203,279.95016,-28.48698,220.91559,-18.770401,163.1937,-4.5105457,131.42458,72.65488,88.08944,112.66629,83.415474,0.016762506860647022,1.0,68.9655151,2,2
759.832,286.27637,825.46716,239.27777,795.54297,357.0478,862.171,300.54282,717.15173,259.58258,735.3289,269.83127,755.25507,277.5474,768.6823,283.70715,799.34644,291.55008,815.1194,294.36102,-60.64869,329.18686,-33.48449,276.3272,-0.35570064,226.9364,20.91023,191.56119,76.220695,124.551926,106.267075,92.48668,0.0022275156604860493,0.0,64.9350662,2,2
757.41455,286.83545,824.1557,238.70091,794.30664,356.29077,860.88824,300.1208,696.505,259.12662,713.71234,267.72055,734.7146,276.59027,753.86163,283.7367,778.37384,292.26294,794.2124,295.2873,-91.5506,355.72015,-66.52591,310.11694,-34.29616,258.0113,-3.8006353,212.37437,36.18305,154.9001,65.01168,122.77899,0.001486315296608044,0.0,0.7603984,0,0
759.13696,285.96564,824.6409,238.10545,793.8176,356.66217,860.7874,299.65625,671.8073,257.30402,689.94696,265.59375,710.9125,274.48386,725.43054,279.8234,757.5836,287.17053,773.98737,292.2834,-152.53325,407.7634,-122.752045,358.73303,-87.99403,304.16727,-63.311184,268.50043,-4.431377,199.844,24.26667,161.7365,0.0015277644640983347,0.0,0.7603984,0,0
757.1855,285.86984,824.23035,238.08696,794.87506,355.25885,861.09033,299.17596,651.245,256.74664,670.2071,266.01944,691.32635,274.53543,707.7553,278.7462,737.07074,286.23395,753.9084,290.03723,-170.00493,418.4199,-144.15074,371.34232,-113.5051,322.60266,-87.15213,289.65665,-39.28766,229.90598,-10.79067,196.05197,0.0016414828620223963,0.0,0.7603984,0,0
758.37115,285.31155,825.4238,237.33464,795.27704,355.6624,861.71674,298.7677,635.3474,255.7879,656.38605,265.1321,674.6182,273.26556,690.60126,277.25687,720.337,285.31168,738.83484,288.8625,-201.7842,442.9967,-172.14497,393.28082,-146.31015,349.81595,-120.78192,318.4039,-73.057465,257.58734,-41.437458,222.2447,0.0016466026892141279,0.0,0.7603984,0,0
757.9242,284.59653,825.5693,236.60376,795.4664,354.5946,861.6513,298.26486,626.857,255.74458,648.1233,264.32803,667.8628,272.76913,684.98444,278.2041,712.7465,284.56137,732.6411,287.69928,-209.37436,443.7976,-180.54446,397.91385,-153.79686,353.67572,-128.6477,318.87122,-84.780365,266.54797,-51.18188,231.12683,0.001718006308691546,0.0,0.7603984,0,0
758.1921,284.06943,825.84485,236.24434,795.5746,354.3293,861.7082,298.00818,627.18384,256.09024,648.83496,264.5601,669.2538,273.45618,685.5186,278.52625,713.6365,285.12296,733.05743,288.39615,-209.80841,440.35303,-180.31772,394.56946,-152.81976,348.73187,-128.88196,316.05872,-84.647766,263.00925,-52.07682,228.14374,0.001628476067376606,0.0,0.7603984,0,0
757.8353,284.83356,824.8189,236.73099,795.208,355.10867,861.2623,298.4496,639.80536,257.5181,660.5981,266.84473,681.02295,275.09708,696.57825,280.81448,724.4698,287.49994,742.8959,291.15887,-193.09084,428.81934,-164.30922,380.12006,-134.98065,333.8292,-111.91917,299.46536,-66.6285,244.63986,-35.362385,209.30986,0.0016970845033363472,0.0,0.7603984,0,0
756.89136,285.1963,824.221,237.72571,794.5486,355.33417,861.2406,298.754,659.9929,258.91882,677.5093,266.56097,697.8984,275.5583,713.0188,279.94525,743.3596,289.05585,760.4809,293.1236,-156.13274,398.75116,-131.23598,357.22485,-102.15697,308.34097,-78.31416,276.89954,-30.056726,212.19136,-1.2927119,177.40686,0.0013481172231075518,0.0,0.7603984,0,0
756.573,284.32907,823.85345,238.0485,793.89795,355.7698,860.06366,299.36166,685.315,258.90512,700.9163,266.9982,721.09753,276.24512,734.3476,281.1549,765.38855,292.03833,782.10535,295.8212,-110.03133,356.70963,-88.73714,317.46512,-59.844288,269.00192,-39.582027,239.41183,9.330772,170.2264,38.41064,136.6095,0.0016115710659403326,0.0,0.7603984,0,0
756.43036,285.6039,823.649,238.10663,793.8084,355.36285,860.03424,299.42294,699.1525,263.4778,712.73334,278.12277,731.84216,295.7335,743.98486,299.20798,777.9188,301.6964,798.42126,298.20312,-87.522255,333.33337,-76.1041,281.30527,-57.328613,215.2954,-37.87261,189.79634,25.199501,132.28378,70.23646,106.87133,0.008505224320917352,0.0,0.7603984,0,0
756.7736,285.73926,823.7275,237.54018,793.8377,355.79733,860.2919,299.51843,710.39984,268.87952,718.66187,287.4012,731.90155,307.68643,743.7838,315.33032,778.1599,309.17828,796.3652,300.02896,-73.44411,307.36865,-75.50834,254.39449,-69.86578,191.56424,-54.83504,157.77597,17.636461,116.936676,64.077385,106.71332,0.01881971977694482,1.0,0.7603984,0,0
756.96844,285.58096,824.07684,237.6314,794.50085,355.70282,860.5901,299.4596,713.7136,270.88834,720.56604,289.9665,732.3968,310.94046,744.4568,318.47552,779.3271,310.1427,798.7873,299.3444,-68.41242,296.44238,-73.93686,245.1445,-71.96094,183.89433,-56.87253,150.50793,17.931847,113.664185,68.63683,104.86707,0.020739135411508458,1.0,0.7603984,0,0
757.01514,286.15137,823.90753,237.61526,794.6368,355.53268,860.5756,299.5714,710.01416,272.74905,719.1846,290.66418,733.8608,308.97095,746.1966,316.09436,779.407,309.5235,800.1113,298.29904,-77.0193,300.11288,-77.34214,247.88327,-67.78389,187.5149,-51.688274,154.11096,19.038273,115.619316,73.11567,105.467926,0.016217881871410506,1.0,0.7603984,0,0
756.6063,285.61578,823.72437,238.73854,794.3916,356.01788,860.45,299.9977,699.4207,269.5855,712.98553,282.0179,752.17316,287.80426,761.57074,292.24963,781.1181,301.22815,798.4584,299.1169,-92.680664,318.09735,-79.2855,271.65182,-10.902571,201.95204,2.7355232,178.23207,31.583302,129.12419,68.770424,106.077065,0.001546706138622996,0.0,0.7603984,0,0
756.37604,286.56555,823.7649,238.73471,794.2529,356.9025,860.21704,299.9729,685.1931,270.86624,702.9393,278.83514,721.7652,287.12704,733.189,290.19086,764.7922,298.09778,781.0677,299.14194,-116.62055,336.55792,-92.10923,294.66864,-65.657104,250.07043,-47.5418,226.91684,4.2400002,162.6794,34.841072,135.08192,0.002381223343298342,0.0,0.7603984,0,0
756.03644,287.33395,823.1822,239.01688,793.7255,357.3668,859.7665,301.05557,665.732,272.24115,681.79,279.39938,702.43317,288.36816,717.0777,292.48328,748.76764,298.36133,766.3555,301.50543,-153.93054,363.53006,-131.59607,325.81744,-102.401985,277.38492,-79.35817,247.45114,-25.496027,187.79501,5.244777,154.13147,0.002148097655843447,0.0,0.7603984,0,0
755.3801,287.70288,822.51855,240.35052,793.4028,357.8062,858.84784,301.50256,650.08484,272.9992,669.4128,282.6231,691.9975,291.63885,707.3152,295.65475,735.0113,301.2997,754.0088,303.0663,-175.9366,377.90424,-151.31575,332.173,-120.21212,282.73807,-96.88499,253.09015,-52.164173,201.59973,-18.492414,169.65514,0.0023880743089730347,0.0,0.7603984,0,0
753.99286,288.91666,821.6504,241.1622,792.5131,358.71817,857.81915,302.5176,638.2568,274.88885,660.31244,284.2991,675.6715,290.55347,691.64734,294.89993,722.718,303.04236,741.0612,306.13824,-189.3854,386.0854,-161.47064,338.95123,-141.42767,306.16388,-118.325455,275.9751,-71.79255,216.19269,-41.766254,183.29536,0.0015687452149600316,0.0,0.7603984,0,0
753.79553,289.5973,820.84576,242.05038,791.717,359.9695,857.2532,303.19992,632.32837,277.1516,652.8253,286.60873,673.1067,294.02676,688.10443,298.94696,720.5267,306.0548,738.4911,309.16614,-205.14067,394.78076,-178.71088,348.28897,-150.62221,305.79166,-129.07375,275.10443,-78.26567,214.64687,-48.530945,181.91231,0.0017409658129897317,0.0,0.7603984,0,0
753.75287,290.0478,820.8468,242.5797,791.6854,360.3272,857.30475,303.58377,630.98175,278.9803,651.5469,288.445,672.64874,296.59912,687.70215,300.89594,720.12335,308.6115,738.0642,312.97565,-208.2613,393.61987,-181.79283,347.02222,-153.01117,301.88998,-130.90678,272.4349,-80.81241,210.7343,-52.444874,175.48927,0.0014647449162029308,0.0,0.7603984,0,0
752.77045,290.74783,819.60114,243.35251,790.8178,361.22296,855.82825,304.52682,639.46735,281.0248,659.3083,290.8585,681.1524,299.82455,696.59155,305.0358,726.5001,312.3397,746.13776,317.12848,-192.5432,376.6811,-167.7263,330.63257,-138.45883,283.0861,-116.47309,251.2762,-70.340515,193.95442,-39.16187,155.23576,0.0016604830204237943,0.0,0.7603984,0,0
751.92334,291.1459,818.5768,244.03505,789.4977,361.87622,854.79474,305.14038,654.8554,282.48123,672.5764,290.95462,694.25775,300.48053,709.84863,305.4196,739.3073,314.6594,757.7907,318.5039,-168.99164,355.44968,-145.5315,313.75412,-115.791756,263.95374,-92.44921,231.6914,-47.365017,169.6902,-16.520252,133.89282,0.0015364347478484303,0.0,0.7603984,0,0
750.6627,292.02942,817.0413,244.3869,787.86774,362.4836,853.50525,305.79684,671.2487,282.50125,688.4849,290.48563,710.68896,300.80865,723.4515,305.71597,755.8731,317.03452,772.5663,320.0333,-141.07774,337.69043,-116.739685,295.85306,-85.20097,241.49896,-65.99224,212.22015,-15.466291,139.31342,13.875391,106.95534,0.0015313508134554832,0.0,0.7603984,0,0
748.69324,293.4262,815.1791,245.534,786.39996,363.03375,851.69635,306.7715,693.3151,284.26398,709.6382,292.10892,729.9318,302.10913,743.33026,308.46466,773.7351,319.08298,790.2238,323.1987,-96.17332,302.37454,-73.420845,261.69736,-45.137463,210.16808,-26.070854,176.40561,21.742153,106.72906,49.939598,71.6235,0.001603649108173723,0.0,0.7603984,0,0
747.86487,293.92468,814.15466,246.25082,784.6778,363.93692,849.9574,307.67697,704.1632,289.8917,716.2071,306.75665,731.6965,324.90988,743.9051,332.12708,776.4779,332.3358,796.1177,328.0718,-80.42113,274.63434,-73.7038,220.74872,-61.88676,159.84068,-45.912827,126.544876,16.42654,74.71481,60.195404,51.149998,0.01213998023769217,0.0,0.7603984,0,0
746.58295,294.3957,812.85394,247.25075,783.3697,365.0502,848.7124,308.50647,709.80963,292.50064,718.578,311.56094,731.06256,332.96008,743.04333,341.14954,776.76636,337.6963,795.1122,329.48065,-69.22694,259.28622,-70.499565,205.74832,-67.04847,143.37206,-52.5167,108.98252,14.789272,63.004715,59.89839,49.491184,0.01919504861142506,1.0,0.7603984,0,0
744.8599,295.20807,811.3446,247.80833,781.9594,365.2298,846.9737,308.9092,709.3041,293.45374,718.6074,312.64447,732.0281,333.56488,744.4198,341.7482,775.6334,338.3674,793.8148,328.99,-66.297554,256.90466,-67.1964,202.65771,-62.174793,139.9363,-47.14754,104.779015,15.263749,62.1891,61.38718,51.12784,0.019022413697656143,1.0,0.7603984,0,0
743.45825,295.4301,809.3417,247.76457,780.2536,365.38068,845.3817,308.69617,701.1771,291.04703,714.5017,307.74298,731.4256,324.38156,742.7743,330.55466,773.53687,332.96747,791.9512,329.59134,-77.68918,274.16867,-68.29257,218.16492,-52.237675,157.6654,-36.756405,127.50513,20.179684,73.62896,60.562763,50.071247,0.01060731564593202,0.0,0.7603984,0,0
741.23553,295.36118,807.1084,248.1829,778.8479,364.99127,843.763,308.797,688.5822,287.3129,705.4812,295.3288,725.9934,305.1412,736.9805,311.17792,766.77466,321.39587,782.78955,325.6166,-92.92577,296.5416,-68.97055,254.27063,-39.76612,202.41473,-24.828371,172.83244,22.483383,104.755875,49.72512,70.17331,0.0015723645781566503,0.0,0.7603984,0,0
739.7851,295.7114,805.8291,248.66786,776.99475,366.18927,841.93695,309.56375,667.4294,285.8543,684.4094,294.38663,704.635,304.35574,717.53467,309.2169,747.0967,318.868,764.09,322.7712,-126.95085,327.0897,-103.732666,284.69077,-75.68114,234.20558,-56.238415,204.91182,-9.518408,139.84471,19.573229,105.07841,0.0018624673518456232,0.0,0.7603984,0,0
738.549,295.1714,804.6471,249.01746,775.9591,366.30832,840.9525,309.74677,645.4406,281.88522,662.76044,290.64108,683.87274,300.34488,699.9633,306.17477,729.727,315.29987,748.0021,319.6587,-160.0171,360.1192,-136.87152,317.8963,-107.600945,268.0974,-83.67885,233.08308,-37.077908,170.62901,-6.6052003,134.00632,0.001661467172120642,0.0,0.7603984,0,0
737.7134,296.3515,804.01904,248.63924,775.49854,366.17212,840.035,309.87894,629.50745,277.84186,650.29236,288.95233,671.1518,297.854,689.7509,303.8648,715.68854,312.3679,734.4879,315.41602,-179.51163,392.0495,-153.431,340.9548,-124.933174,293.77176,-97.349655,255.06554,-58.1559,199.65356,-25.972466,164.99863,0.0018314317199225648,0.0,0.7603984,0,0
736.9421,297.03867,803.20056,249.29482,774.78687,367.04697,839.9181,310.4379,622.7715,273.8307,644.35297,285.0861,662.8644,293.47714,678.42267,299.99655,708.2798,309.10712,727.8333,312.55286,-188.75403,414.09286,-160.56584,360.2762,-135.10782,316.51923,-113.053,280.57837,-66.93628,217.84715,-33.621296,181.20244,0.0019791513375976852,0.0,0.7603984,0,0
736.8767,297.46948,803.33606,249.86118,774.9504,367.35242,839.6466,310.66428,626.15137,270.95587,644.69257,281.05426,665.47656,290.50293,680.69446,297.05106,710.72723,307.08853,730.4744,310.42255,-175.5098,412.40384,-152.49075,366.29803,-124.759285,318.07553,-103.85659,283.0997,-59.10124,218.89099,-25.665604,182.4343,0.0019662080062334475,0.0,0.7603984,0,0
736.6347,298.55798,803.38165,250.36668,774.58405,368.06207,839.4479,311.43237,636.3556,270.21014,654.3581,279.554,677.0554,290.40106,691.57574,296.4191,720.44763,307.29117,739.979,310.31128,-155.68303,403.38925,-132.76746,359.20816,-102.62851,304.76187,-82.211655,271.41263,-39.7721,206.16484,-5.908333,170.04628,0.0018305094786257164,0.0,0.7603984,0,0
738.5935,298.8492,802.7294,251.44543,774.25336,369.26944,839.8788,312.41205,654.4215,271.77405,670.84644,279.8075,694.1834,292.48187,706.47687,298.12177,737.08356,309.86386,754.6899,315.1179,-148.11314,400.40762,-121.53214,354.3583,-85.40535,286.77798,-65.62431,253.99774,-14.576128,178.26317,16.144049,138.21347,0.0014951492273740567,0.0,0.7603984,0,0
738.30493,298.669,803.44116,252.35576,774.576,369.42,839.6411,313.04047,675.15344,275.21234,689.71686,283.72284,710.7583,294.7908,724.10876,300.83002,751.9847,313.20627,769.08044,318.21057,-102.44261,348.92944,-81.912766,307.70874,-51.14959,251.0585,-30.66229,217.28119,12.509402,147.00195,41.89944,109.0854,0.0015499735053643106,0.0,0.7603984,0,0
737.8867,299.43842,803.36346,252.62782,774.4882,369.80447,839.8199,313.15073,688.6314,278.48798,702.48553,289.33957,725.5501,305.62592,737.732,310.69055,766.975,320.0738,785.00476,322.51904,-76.6246,322.83862,-59.965355,277.1082,-30.783873,205.70332,-11.907593,175.82158,36.63712,109.454834,70.67728,74.89621,0.004406510307810573,0.0,0.7603984,0,0
738.1793,299.68872,803.54144,252.39355,774.7355,369.86844,839.6237,313.7437,693.942,284.02847,706.20135,302.17313,721.81537,321.22272,733.64465,328.24063,767.3942,327.99524,786.84705,323.94968,-72.08056,302.49158,-65.73471,243.91585,-53.95443,179.59286,-37.967712,146.79376,28.91087,93.68107,73.17999,69.99474,0.012586393815214782,0.0,0.7603984,0,0
738.58325,299.03156,804.1588,251.74554,775.5427,369.0703,840.0751,312.81116,699.0798,286.66476,709.4192,305.81754,723.8106,326.39883,736.8336,334.26862,768.15784,332.14255,786.98724,323.9039,-64.77527,286.9384,-63.553623,229.95222,-56.114506,165.21568,-39.12868,129.20203,23.851568,83.7589,71.092155,69.49203,0.016566311751068184,1.0,102.5641022,3,3
739.32983,298.01617,804.9363,250.66994,775.9219,368.19873,840.7716,311.83807,698.06366,285.6802,710.63916,303.73328,727.3035,322.18356,738.6635,328.865,769.94855,327.3457,788.46436,322.54797,-68.77884,290.0423,-61.906406,231.72206,-47.768936,167.46953,-32.51634,136.16785,30.434198,89.42871,73.461365,68.70227,0.012895259779302615,0.0,33.3333321,1,1
740.95917,296.93588,805.36316,250.25128,777.1154,367.07434,842.1319,310.8098,691.207,277.8833,707.9135,288.51376,727.6775,298.92337,739.2919,304.40344,768.1421,315.3464,784.9098,319.47543,-82.1644,322.26752,-58.76785,271.46127,-29.195045,216.80855,-11.245633,186.24529,36.082043,116.19892,66.13721,80.03485,0.0023600962298891,0.0,32.3624611,1,1
741.69073,295.62317,807.553,248.76672,778.6426,365.68484,843.57574,309.4394,674.543,275.87527,689.7329,285.14362,709.1287,296.4594,721.0739,302.15952,752.5785,315.61142,768.48914,320.95892,-109.709595,343.12283,-89.8781,300.66977,-64.002785,247.4669,-46.78405,217.32787,0.6774531,140.4039,26.491978,104.03535,0.0018556722253485617,0.0,0.7304602,0,0
742.91376,294.6547,808.7425,247.66385,780.40405,364.8577,845.0637,308.49225,648.2354,270.9954,663.481,280.19833,684.3112,291.26508,699.85614,298.47852,729.25836,309.0085,747.7749,314.6588,-154.98772,388.27167,-135.69293,347.06686,-107.87002,293.81885,-85.99851,256.05255,-41.094944,190.3027,-11.309575,150.18927,0.0019289177263396172,0.0,0.7304602,0,0
744.1778,293.9736,810.18066,246.3976,781.2992,363.9045,846.11316,307.40463,624.3224,265.713,642.7335,276.55484,663.0271,287.3424,675.92303,293.02728,707.8699,304.7976,725.28766,309.569,-195.57262,433.28702,-172.40839,384.69766,-145.74286,333.3781,-127.6626,303.07352,-80.144424,231.90656,-52.185883,195.85313,0.0019530900735020642,0.0,0.7304602,0,0
744.6615,292.87244,811.2155,244.8206,782.1404,363.33267,846.9496,306.4413,608.73285,261.9453,628.66864,272.94754,649.0901,283.52155,664.58044,290.26065,695.6708,302.3518,714.2616,305.594,-215.54793,453.2236,-191.20238,404.5346,-165.40617,355.5695,-144.53244,320.70395,-100.58264,252.41542,-70.003426,218.90004,0.0019001820365044234,0.0,0.7304602,0,0
745.6598,292.2908,811.8684,243.99045,782.7932,362.79474,847.88635,305.35876,603.7427,260.15802,624.1916,271.0874,644.03516,281.2819,659.8104,288.50372,692.6159,300.3717,710.2728,303.84637,-229.6801,471.18845,-203.40662,420.30542,-177.39992,371.47552,-155.85025,334.28293,-107.70851,262.60483,-78.66417,229.42357,0.0018188731471949161,0.0,0.7304602,0,0
746.1193,291.76266,812.29596,243.83153,783.2504,362.0299,848.29114,305.466,609.76263,259.58563,630.7676,271.277,649.77155,281.1532,666.308,288.58344,696.04205,300.41327,715.2746,304.1607,-221.66537,463.21536,-194.80714,409.86142,-169.76106,362.79153,-146.81363,324.0366,-103.65458,256.7038,-71.6268,220.61218,0.001847319867139545,0.0,0.7304602,0,0
747.1974,291.2811,813.5411,243.54561,784.6073,362.0274,849.7706,304.68045,626.2418,260.45816,645.92035,272.41605,664.5131,282.97238,677.4435,288.41483,709.2369,300.51816,727.1625,305.88498,-193.49117,438.58966,-169.15404,386.1065,-145.44803,337.92896,-127.2639,308.3492,-80.78166,237.31973,-52.74075,199.60802,0.0020337649366454396,0.0,0.7304602,0,0
747.6988,290.72766,814.5014,242.77538,786.28955,360.7998,850.7596,304.25943,644.20306,261.78085,662.0251,272.7431,683.3189,284.19833,699.11847,291.18933,725.4548,301.898,744.5101,306.84573,-158.22887,403.83777,-137.7008,357.8164,-111.37023,305.57837,-90.13907,269.39175,-53.112305,209.80238,-22.843721,171.3942,0.001983305155598264,0.0,0.7304602,0,0
750.81354,290.32,815.8727,242.16826,787.5692,359.97394,853.0255,303.01855,662.5654,263.45236,678.75256,272.75595,700.8357,286.28125,715.29425,292.77466,744.60944,306.17435,761.3657,312.2528,-148.63885,399.98245,-125.62762,353.34445,-95.24637,288.29578,-73.23493,251.2569,-28.936777,175.8189,-2.0303764,136.09096,0.0015039000935035034,0.0,0.7304602,0,0
751.2295,287.6714,817.4589,241.0869,788.90704,358.72043,853.97253,301.86362,687.5988,269.71405,703.1317,279.74594,722.08246,291.34134,734.0494,297.1414,762.901,310.83972,778.8788,317.11563,-102.9501,331.41068,-83.58108,287.5625,-59.30345,235.3539,-42.464157,205.5063,-1.1841446,133.43631,23.309694,95.71214,0.0017235800521996176,0.0,0.7304602,0,0
751.42566,288.31723,817.27704,240.49237,788.9611,357.83884,854.0865,301.34897,697.0056,276.5555,708.5884,293.72858,724.0604,313.24252,736.65717,320.24826,767.6226,323.78278,786.0852,319.84784,-93.22596,308.58487,-87.85945,253.87088,-77.61259,189.51567,-60.901695,155.95172,-5.7031507,100.36087,34.61262,78.50539,0.012625750364430817,0.0,0.7304602,0,0
752.1464,287.4325,817.8459,239.91505,789.35706,357.29926,854.5416,300.51013,703.2226,278.9538,712.46643,299.7819,725.64014,320.7401,738.11694,329.1726,769.3555,327.60104,787.2115,320.4934,-86.42519,293.49057,-88.52708,234.26791,-83.480225,170.78844,-68.32265,134.80396,-8.050512,89.13655,34.226913,74.55192,0.018944246175666393,1.0,0.7304602,0,0
752.05566,287.49567,818.34705,239.7172,789.80023,356.8677,854.7342,300.28894,699.08295,278.8789,710.97516,297.60446,726.2711,316.71716,739.0866,323.92026,769.8437,324.6233,786.76416,319.8855,-91.582016,297.88116,-87.510994,240.39844,-77.73404,178.12338,-61.282085,144.18878,-4.607919,94.802444,33.196007,77.00223,0.013948585731861165,0.0,0.7304602,0,0
752.6249,286.72528,818.4331,239.27818,789.8331,356.81653,854.9217,299.66995,691.6087,273.81253,707.15076,283.727,726.99713,295.4044,738.9125,301.7018,768.7113,312.86438,784.77985,317.1898,-104.1677,320.4585,-84.35734,275.71365,-58.149986,220.7411,-41.708298,189.21368,4.28934,119.398865,31.207893,84.70487,0.002603902799662152,0.0,0.7304602,0,0
751.3378,286.11932,817.7574,237.79959,789.3209,356.05634,854.7639,298.80478,672.69617,268.99728,689.28674,280.4812,710.6952,293.47147,722.1647,298.9661,751.6122,313.03598,767.1172,318.0913,-130.80841,353.95276,-111.212715,305.10983,-84.24237,246.03261,-68.366806,217.39258,-27.271252,143.3986,-3.0285654,108.83166,0.002063095419761487,0.0,0.7304602,0,0
749.89813,285.05783,816.58923,237.94868,788.4715,355.2469,853.2904,298.50412,652.1775,265.68802,670.01404,276.9454,691.7313,288.70404,707.1212,295.6553,732.5324,307.19186,750.3565,312.97214,-157.59216,377.60037,-136.95157,330.09106,-109.903755,275.91855,-89.273575,240.00609,-54.75067,179.69084,-27.842417,141.3541,0.001617088563969598,0.0,0.7304602,0,0
748.7354,285.6358,815.5738,237.68532,787.0086,355.7903,851.92694,298.4904,631.8924,259.0048,650.362,270.8084,670.7701,282.11606,685.2243,289.184,713.4881,300.59848,731.4696,306.42102,-183.20297,418.93524,-162.24904,369.89017,-137.43816,318.9437,-118.86996,284.47412,-79.80339,221.00937,-53.071182,182.75154,0.0019425792058656726,0.0,0.7304602,0,0
748.07886,285.9623,814.9604,237.45573,786.1284,355.9954,851.1434,298.6048,614.3119,252.06041,634.55554,264.71387,654.02264,275.15933,669.4423,282.28455,699.7121,294.93817,718.29095,298.2325,-206.1667,457.57077,-183.06003,404.6718,-159.20853,357.02847,-139.13335,321.3199,-97.85288,252.80571,-67.78669,219.10475,0.0021880463522891028,0.0,0.7304602,0,0
748.35223,286.0412,815.0217,237.44078,785.8199,355.91428,850.4718,298.71426,605.2812,246.31847,626.0177,259.06177,645.3404,268.93842,662.2644,277.10986,692.13025,289.1126,709.7309,293.93723,-217.43398,481.3888,-193.70839,428.25146,-169.7064,382.44128,-147.99713,342.79648,-106.81167,276.5715,-79.91042,241.33327,0.0017607441280496085,0.0,0.7304602,0,0
748.4098,285.57358,814.8064,237.59178,785.92236,355.951,851.444,298.0993,606.6307,241.9503,627.77716,254.35866,646.7112,263.63007,663.1632,271.4816,693.5803,284.35065,710.8295,288.41086,-219.72273,499.98395,-192.97829,443.36804,-167.50102,396.75522,-145.07149,356.48895,-101.81196,285.03018,-74.020325,251.01204,0.0015870238565902884,0.0,0.7304602,0,0
748.51575,285.71075,814.7772,238.19527,785.7616,356.09598,850.9989,298.9215,620.65906,240.24718,640.60675,252.70628,659.3237,263.07025,674.7056,268.9186,702.7103,282.1836,721.5745,288.54742,-194.95154,483.70895,-170.05907,428.60074,-145.53572,379.78366,-122.97399,345.45068,-83.73639,276.3485,-54.5805,234.83746,0.0014591772610617454,0.0,0.7304602,0,0
749.41876,287.04504,814.6227,239.22559,786.3293,356.848,851.223,299.9663,641.51917,243.05411,659.2942,254.0522,681.465,267.26517,697.5844,274.63397,722.9642,286.20755,739.6058,292.32275,-167.3238,463.9405,-143.46678,412.10196,-113.34488,348.81964,-89.379326,307.95358,-51.475025,243.42987,-25.020113,204.1308,0.001608026094740711,0.0,0.7304602,0,0
750.1665,287.994,815.41284,240.81815,786.9187,358.6254,851.8454,301.24933,662.9286,246.88799,679.4664,257.65033,702.0104,271.81644,715.5501,278.28537,745.69116,292.11594,761.13214,298.96353,-130.72833,425.91965,-108.78072,376.2739,-78.54211,310.09567,-58.498146,275.07724,-13.140207,198.0789,10.455937,158.94951,0.0016097528946026173,0.0,0.7304602,0,0
751.5769,289.08167,816.3972,242.61656,788.13995,359.9615,853.24243,303.21,689.632,256.49222,703.79626,265.56012,723.3067,278.94308,737.0767,285.8141,763.4227,300.34958,780.6182,305.9905,-92.28708,370.77176,-72.6362,327.69385,-46.670643,266.80414,-25.935286,229.99265,12.169119,156.76865,41.094154,117.23466,0.0019665637607260197,0.0,0.7304602,0,0
751.41235,290.76877,817.3391,243.68849,789.406,360.61163,854.01416,304.1284,699.8339,262.46536,714.06464,280.08188,729.97064,298.65878,741.926,306.79523,773.3117,312.7231,791.74677,312.4374,-70.302216,339.2791,-60.784138,279.24472,-49.224102,215.62363,-34.837,180.51617,19.392654,119.42119,56.422325,90.21946,0.010082732679866684,0.0,0.7304602,0,0
753.1004,291.8772,818.7049,243.91008,790.50433,361.64746,854.90375,304.88638,708.7453,269.12158,719.44336,289.10938,733.04034,310.6788,744.7137,318.35733,775.5408,319.2316,794.131,313.66742,-63.06758,317.3794,-62.345837,257.53128,-57.74323,191.40968,-43.29941,157.68983,15.227293,107.06122,58.5835,87.889694,0.01700084244369772,1.0,0.7304602,0,0
754.24194,292.6929,819.5046,245.106,791.4766,362.4627,855.93774,305.90247,709.5642,271.25357,721.0017,291.08618,735.51587,311.4729,747.41315,319.3035,777.06177,319.75385,795.0642,315.19855,-65.905136,316.0425,-63.376858,254.79732,-55.621033,189.25626,-40.67766,154.67133,16.51735,106.66048,57.770287,86.4506,0.01571169551559998,1.0,0.7304602,0,0
754.98334,292.4976,820.89636,245.29504,793.14636,362.3338,857.39325,305.88898,705.4773,269.55438,719.90826,286.6399,736.6525,303.4596,748.8637,310.4882,778.495,315.04138,795.9198,314.48816,-71.07042,323.0876,-60.922432,264.9141,-46.317364,204.52116,-30.458258,171.51009,21.790773,115.93485,57.155357,88.82368,0.009466933105212318,0.0,0.7304602,0,0
757.3146,292.89932,823.07007,245.959,795.0389,363.33838,859.629,306.47824,695.75525,264.25076,711.5858,275.3435,731.00824,287.62726,743.83093,294.7165,772.37317,307.9879,789.536,313.35046,-89.56851,354.3721,-70.38069,306.7193,-45.54813,251.18793,-28.09446,216.65001,13.656917,144.5102,41.9326,105.997055,0.002418310028039384,0.0,0.7304602,0,0
759.777,292.29285,824.89923,245.24901,796.7857,362.81958,861.40955,305.81204,675.1037,258.69427,691.6976,268.3956,712.9032,281.23868,725.66046,287.7533,755.5716,300.82397,772.5158,306.07617,-131.89075,402.72894,-109.23695,356.297,-80.71928,295.9875,-62.424805,262.42914,-17.160686,188.19312,10.940691,150.3337,0.0018692132949419114,0.0,0.7304602,0,0
760.9448,292.61475,826.2717,244.48732,798.0534,361.88336,862.2908,305.4611,649.9446,251.99231,669.1253,262.85068,690.6803,274.57907,706.6868,281.2028,733.44006,291.6845,750.8555,296.62466,-171.66699,454.16873,-146.35562,402.82623,-117.30666,345.84872,-93.61607,307.85718,-52.94541,244.85112,-24.163311,207.29602,0.001741415945278638,0.0,0.7304602,0,0
760.5796,291.0944,826.93695,244.14409,798.12744,361.53247,863.07733,304.9767,627.1752,243.22159,647.8441,254.17628,666.5781,265.3962,683.04517,270.57312,711.91296,281.27548,731.18134,285.88483,-199.90358,490.1248,-173.24756,439.0942,-149.95296,389.50958,-125.29291,356.09064,-82.66571,292.7013,-51.202984,255.06117,0.001940771186680694,0.0,0.7304602,0,0
760.9253,292.26465,826.30255,244.3322,798.35956,362.05334,863.2962,305.5436,610.669,236.53197,630.84064,246.6413,651.32117,256.80798,668.8496,264.60016,698.16034,275.29468,716.22705,278.38675,-234.14214,547.981,-205.71025,496.1281,-176.68468,443.57562,-150.96492,400.58017,-105.506325,333.53336,-73.776085,299.61234,0.0017128557833294812,0.0,0.7304602,0,0
759.9762,292.25986,826.5599,245.13702,798.25995,362.26733,863.4038,305.6466,602.1926,230.51207,623.3957,241.29675,643.0618,251.26277,662.0229,259.3833,690.77185,269.74637,708.6775,273.00253,-227.35387,552.8758,-200.26782,501.86157,-174.87704,454.1836,-148.89282,411.1966,-107.111824,349.39798,-77.558174,317.32922,0.0017240067086843314,0.0,0.7304602,0,0
761.10175,291.14764,826.4249,244.02615,798.7358,361.86172,863.7749,304.74286,608.5568,226.86232,628.7273,236.89851,648.59485,247.71663,667.775,255.56694,698.04504,267.03085,715.06903,269.89008,-231.66336,571.56555,-202.74567,519.34045,-175.008,465.55582,-146.01097,419.89523,-99.084,349.50763,-68.99823,317.84033,0.0017213007611443507,0.0,0.7304602,0,0
761.05786,290.63443,827.0557,242.70398,799.208,361.0681,864.30994,303.43576,627.2147,227.35619,645.73755,237.12248,665.2592,247.99539,681.03107,253.67108,711.5556,265.39935,729.7083,270.0787,-190.47476,536.83276,-165.47668,488.65195,-139.53992,436.29813,-115.69802,401.14493,-69.65269,330.48846,-39.588047,293.08362,0.0016864487224121445,0.0,0.7304602,0,0
762.28345,290.16687,828.4295,241.49054,800.1393,359.4322,865.0763,302.3757,655.17566,232.33847,672.2741,241.2654,692.92487,252.53949,707.29364,258.69913,735.38306,269.50842,752.9133,275.46994,-145.13931,487.3983,-122.03716,442.93115,-94.41549,387.71567,-73.41659,352.89453,-30.598099,286.75946,-2.6390548,246.60478,0.0014578532772699093,0.0,0.7304602,0,0
763.54065,289.35898,828.3248,241.2106,800.65704,358.6775,865.3907,301.52573,684.7364,233.11313,693.1898,240.34383,715.6697,254.7667,730.25214,261.97766,758.6386,274.7182,777.0906,280.00513,-100.110695,456.15692,-90.355804,425.17563,-59.866867,355.31097,-37.98425,315.32455,5.994685,240.48883,38.025517,198.4068,0.002833770062215327,0.0,0.7304602,0,0
762.76404,288.5173,828.86304,240.23138,801.1347,357.46686,865.95935,300.57538,704.8622,239.00298,722.24005,249.45515,741.75507,261.72977,755.2193,269.16812,784.12494,282.5926,800.5814,287.67032,-59.619904,399.02603,-36.972916,349.1165,-12.026514,291.6367,6.3660626,254.17978,49.04612,178.7559,76.66728,140.8348,0.0019200728250206255,0.0,0.7304602,0,0
762.8349,286.9912,829.34424,238.83188,801.2887,356.78625,865.9558,299.28122,722.17993,248.34253,735.166,267.6441,751.9634,286.67105,765.16003,292.13513,795.8817,297.1506,813.11786,293.7508,-37.441196,345.88464,-32.5961,283.61887,-20.382177,217.29808,-0.97512466,185.5055,53.696796,126.11519,92.77602,104.68907,0.011432307565003297,0.0,0.7304602,0,0
764.12384,285.78955,830.1417,237.70828,801.47894,355.36252,866.82996,298.45285,735.34894,255.3619,742.2865,276.54028,752.8478,299.4263,765.3273,309.22357,798.2069,304.37967,814.1242,293.5179,-24.929705,312.93457,-33.218357,254.30592,-36.00004,188.48668,-21.975714,148.51767,47.756348,105.676315,92.84768,101.98074,0.02630752894985444,1.0,54.7945213,1,1
764.3555,284.2707,830.42975,236.80775,802.3045,354.31085,867.44183,297.34943,740.6842,255.69936,746.17755,277.9731,756.0884,300.9985,767.78687,311.39624,800.08795,304.8302,815.8407,292.3509,-16.308813,299.98404,-28.787544,241.57747,-33.17239,177.24547,-21.49469,137.79398,48.347282,99.86873,95.00124,99.86692,0.030877028101952034,1.0,54.7945213,1,1
764.7572,284.05368,831.08545,235.57085,802.38715,353.1873,867.8009,296.3035,736.4143,251.73114,746.3633,273.81046,758.5596,295.08392,767.5871,300.72452,801.2526,299.66898,815.8493,291.1545,-21.38119,316.10754,-25.108599,251.06638,-23.593884,186.16692,-12.0777,160.10867,55.391743,107.90836,95.14523,101.451454,0.02253140843534842,1.0,7.160759,0,1
764.1503,282.45013,830.94073,235.25604,802.8387,352.72766,868.0666,295.12036,723.0443,240.94356,736.0282,253.95851,760.6465,277.42526,773.0326,283.5969,802.3081,286.83383,816.0914,288.87274,-35.43159,354.17206,-24.028275,305.20267,-1.4148968,216.20004,15.877244,183.91704,70.2656,130.62016,96.06836,103.6336,0.007998794797347787,0.0,7.160759,0,1
765.4868,282.7116,831.82117,234.45695,803.7718,352.0152,868.5412,294.69876,704.9786,235.73904,720.7891,246.64088,741.2069,258.26602,754.8675,265.8035,783.49695,277.49945,799.54047,283.7477,-66.87622,395.26706,-47.989147,347.3544,-20.95874,290.8288,-2.4947288,253.29044,41.17733,182.75348,66.41038,143.22878,0.00203056118816191,0.0,7.160759,0,1
767.0947,283.15933,832.462,233.52864,804.7114,351.52783,869.4147,293.85403,691.3856,233.28984,703.07715,241.2797,722.9026,252.39528,736.39624,259.37857,765.3405,271.2266,782.43604,277.42868,-95.839516,432.5661,-81.26686,395.81476,-54.104572,339.25812,-34.984875,302.04916,9.603999,228.89108,37.056297,187.06322,0.0020078018330289835,0.0,7.160759,1,1
767.2019,281.98477,833.588,232.83255,805.14667,350.874,870.3796,293.35535,667.27057,224.78162,685.2173,234.42725,707.6667,246.63829,721.83154,253.2248,752.4288,265.53003,769.0399,270.9412,-131.4405,478.29785,-107.461334,430.2713,-77.42653,369.49393,-57.243107,333.4753,-11.164673,259.1485,15.581035,221.03271,0.0014193685521991085,0.0,3.2185388,0,1
767.5177,281.1866,833.8121,232.30058,805.4824,350.65253,870.58234,292.92963,660.92596,220.65414,679.3455,231.68773,702.7554,244.27336,715.757,250.02754,746.90533,261.41562,764.35864,265.7868,-140.94293,493.8365,-117.398506,442.28375,-85.96434,379.80228,-67.18304,347.71164,-19.168898,275.2895,10.357796,238.47412,0.0020612024951223748,0.0,3.2185388,0,1
767.3991,281.16122,833.7661,232.06723,804.8436,350.10052,870.7468,292.36133,660.75964,217.4584,678.2715,228.37578,701.79425,241.70834,714.08563,246.99135,746.1555,258.8679,763.64764,263.40784,-141.81604,511.48755,-118.85877,458.99765,-86.81681,391.8752,-68.40675,360.7751,-18.089867,283.52313,11.729403,245.35461,0.0022372502400109955,0.0,3.2185388,0,1
766.3475,281.42914,832.186,232.5626,803.6577,350.79654,869.1385,293.19882,665.0841,218.14226,682.16125,227.75847,706.23914,241.39882,719.2078,247.21176,750.78094,260.2677,767.261,264.11002,-134.29308,502.94882,-110.45686,454.04782,-76.96966,384.98526,-57.402225,351.42844,-8.393676,271.88016,20.62764,236.75874,0.0018579568948620558,0.0,3.2185388,0,1
765.0188,281.9571,830.26056,233.40761,802.40247,351.536,867.91833,293.68927,676.3393,219.81654,690.3407,230.34262,715.2024,244.31696,728.98096,250.61203,758.5609,264.1498,776.7306,268.5989,-113.84597,488.59134,-96.10502,440.02542,-60.305378,366.54346,-39.08896,329.55325,6.321318,250.2832,38.534763,210.36118,0.002231641718607475,0.0,3.2185388,0,1
762.6814,283.32196,828.8894,234.55359,800.6357,352.56473,865.9672,294.74973,697.93427,228.00041,713.13025,238.38387,732.83276,250.04747,744.91473,256.62503,775.8897,270.85422,792.28784,274.5923,-68.11365,425.99518,-49.254032,378.46677,-22.95998,321.16858,-6.2022552,287.3162,39.88646,206.04268,68.92273,170.94067,0.0024411819230517663,0.0,3.2185388,0,1
760.86395,283.55292,827.2442,235.05385,799.14044,353.69232,864.3739,295.48666,714.69196,229.7406,732.85516,242.93542,752.535,255.35568,764.15106,262.01062,793.7543,276.72565,811.79346,282.39893,-33.345383,392.43082,-11.577429,334.07144,13.995302,275.29654,29.85986,242.08778,73.08257,161.96332,103.6501,119.70356,0.0023308624788957056,0.0,3.2185388,0,1
760.1828,283.5709,825.85406,235.34245,798.0347,353.48697,863.432,296.22485,726.51276,237.73405,739.67444,258.36777,753.90625,276.43027,764.3381,283.88568,797.9765,289.12915,816.1736,285.83997,-18.128166,357.40024,-13.834162,288.41953,-4.8011127,225.49594,7.9177494,192.71243,70.039856,126.91811,111.83972,103.45838,0.01305124225251707,0.0,3.2185388,0,1
760.3123,283.98676,825.8171,235.55168,798.1139,353.87305,862.70056,296.40335,733.3843,239.89052,741.281,261.78543,752.6503,283.24155,763.26825,292.89923,799.12274,293.89905,816.3272,286.21017,-6.247271,341.11642,-14.005804,278.5399,-14.262181,213.67429,-3.653085,176.39732,67.064186,115.95873,112.14161,103.06479,0.02191473288797912,1.0,27.3972607,1,1
760.2719,283.78827,825.80994,236.16368,798.0168,354.25616,862.725,296.54517,732.8614,239.71945,741.1923,261.55,752.59125,282.68994,763.47754,292.41104,798.93994,293.6847,816.10455,286.78082,-7.7426267,342.73495,-14.288828,278.91092,-13.900612,214.35477,-2.759328,176.54904,66.758644,116.64756,110.821304,102.38457,0.02112345179895876,1.0,27.3972607,0,1
759.4272,283.1592,825.5177,235.68294,797.7876,354.21793,862.87994,296.36786,727.0164,234.3051,739.2328,253.96065,755.32837,277.20496,764.9686,281.5575,798.7233,288.1217,816.73376,286.38956,-12.172363,360.0606,-8.803877,295.5486,-1.729111,219.1454,12.549621,194.87106,73.027306,127.15184,112.62201,100.96505,0.013243767204309023,0.0,27.3972607,1,1
758.7598,284.2198,825.5599,236.04576,797.5713,354.78363,862.91406,296.4432,715.18964,227.17671,731.18243,239.19052,748.64014,249.3971,741.54205,245.60031,752.6818,253.17497,772.55817,258.12988,-24.030231,394.4619,-5.532155,342.55566,17.823437,292.71222,7.9280243,312.18268,21.673407,277.8924,56.067654,235.86252,0.005753438992494632,0.0,0.1808514,0,0
759.30273,284.3418,825.8021,235.84052,797.7189,354.22424,862.9923,296.42618,697.1337,224.34595,713.4067,236.14595,733.30804,247.09792,745.8386,254.79832,776.41174,268.1462,790.6766,271.7293,-57.47793,429.5184,-38.177113,377.8108,-10.894293,322.712,5.484285,286.0236,51.79951,208.19008,76.801,177.21832,0.0024417383245208093,0.0,0.1808514,0,0
759.42645,283.72174,826.0532,235.07124,797.53723,353.54776,862.5539,295.65546,686.35333,227.18687,695.8523,232.78778,716.30664,244.18793,729.2815,251.07928,758.8394,265.5656,777.4577,269.23898,-81.27485,434.3049,-68.9981,407.95212,-41.740475,352.3991,-23.966898,317.66672,18.282703,240.36505,51.442654,202.89177,0.00208793626448232,0.0,0.1808514,0,0
760.4697,283.13428,825.9557,234.62233,797.72205,353.00433,863.55963,294.70697,663.19055,218.09698,680.2943,227.50558,703.7657,241.74797,718.222,248.13661,749.26373,260.6536,763.70667,265.4305,-128.53932,510.23993,-103.38816,459.44296,-70.46278,386.96008,-47.949314,348.51996,1.5853525,268.9577,25.799513,234.33247,0.0017310339288582396,0.0,0.1808514,0,0
759.5277,283.2054,825.9612,234.3123,798.2408,353.38544,862.6653,295.2021,657.73206,216.59804,674.5502,226.56027,697.8544,240.23347,711.77405,246.27115,744.22675,259.2708,758.7664,263.97058,-122.15795,491.8112,-101.32578,446.79544,-72.03665,384.0784,-52.246296,351.0258,-4.062541,274.8321,19.220375,242.41658,0.0018226537270676563,0.0,0.1808514,0,0
759.71796,283.23346,825.66376,234.25035,797.27545,353.49026,862.4369,295.04852,656.6755,215.33266,674.41986,225.76233,697.5515,239.45537,711.43066,245.36525,743.68134,258.36856,759.2301,263.1294,-131.40572,511.12503,-107.50046,460.39676,-76.39609,393.96262,-55.42767,359.44623,-5.4651575,280.12466,20.538473,244.82774,0.0018468010856795166,0.0,0.1808514,0,0
758.59766,284.2337,825.103,234.22282,796.9009,353.60706,861.88293,295.21948,661.6251,215.57642,678.59235,225.15933,702.17706,239.03915,716.7303,246.26973,746.80066,258.61322,763.5964,263.8679,-113.01539,497.07208,-90.97623,451.02643,-60.660583,385.23096,-40.454872,347.36847,4.5923324,273.95013,31.991879,235.86789,0.0017383321979713544,0.0,0.1808514,0,0
758.34784,283.26074,823.8473,234.24034,796.33844,352.92337,861.5876,294.72696,681.7157,219.39503,692.3006,226.91072,713.7007,238.49742,727.0744,244.9992,756.1477,259.09564,774.79926,263.85587,-84.903435,469.1028,-71.53926,434.20828,-40.939796,372.88153,-21.057878,336.3811,22.217966,257.0975,54.989388,215.76889,0.0019547026785142526,0.0,0.1808514,0,0
756.69806,283.0319,822.73663,234.54523,795.3246,353.4951,860.6272,295.10657,690.5921,214.80005,708.6381,226.95871,729.0658,239.43983,742.85834,247.00536,772.0422,260.42398,789.38,266.03653,-57.814934,458.96426,-34.811073,402.15195,-7.5003233,341.202,11.867613,302.12976,55.920208,225.17625,85.11082,184.38058,0.0020710213373859275,0.0,0.1808514,0,0
755.4701,282.94678,822.10156,234.35258,794.4588,353.27094,859.16144,295.24762,709.3766,218.70471,726.8826,230.71712,747.35254,243.04593,759.61664,251.1105,789.04944,265.00494,805.2869,270.79553,-20.582926,411.82153,0.7274868,358.5672,27.708136,299.88803,43.216988,262.94034,87.24465,185.5404,114.277405,146.16652,0.0019881557971540786,0.0,0.1808514,0,0
754.55817,283.3101,820.5506,234.7448,793.2019,353.87274,858.1638,295.73898,724.4365,227.08125,736.78406,243.7869,796.73145,275.30722,793.49414,272.48578,800.24304,277.49588,817.65765,277.3858,1.3628203,373.51288,7.7689896,315.25177,94.14214,149.15631,90.800186,160.60864,98.823906,138.61772,135.90265,109.409615,0.006217137912456258,0.0,0.1808514,0,0
756.4149,285.09747,819.7668,234.77466,791.94995,354.25467,857.127,295.41544,732.65625,234.3385,740.56104,257.01364,752.55475,279.0437,763.6553,288.11102,798.08124,287.05823,816.72614,278.16995,5.138704,362.7306,-3.0677114,292.59995,-1.5766053,220.26462,11.866323,180.69691,85.30541,122.29804,135.79128,107.962326,0.021745953246786933,1.0,0.1808514,0,0
752.5366,285.15747,819.03723,234.34882,791.0273,354.16,856.35626,295.3982,737.6042,237.85081,741.7502,260.1824,749.9224,282.73062,761.6373,293.559,798.598,289.8442,817.225,278.1142,22.81234,328.07596,6.151929,271.1725,-2.428304,209.33644,8.483673,167.67421,85.75609,113.776436,138.57736,106.24304,0.027804828716044484,1.0,0.1808514,0,0
752.87335,284.57794,818.3095,234.02373,790.1994,353.6602,855.862,294.65244,737.2614,237.54765,741.7385,259.80908,750.02216,282.36722,761.3171,292.74435,798.0739,289.2315,816.18085,277.7969,20.295183,333.1777,4.554432,273.56815,-3.2888417,209.53406,7.9543333,168.45903,85.86239,113.37771,137.4408,105.91845,0.028223146824197385,1.0,0.1808514,0,0
754.05786,284.11603,817.5038,233.70241,789.5629,352.90298,854.6983,294.5259,731.8792,235.42194,740.0609,257.98013,751.183,278.41037,762.0421,287.26688,797.05005,286.44626,815.15765,277.01392,6.506168,353.89777,-1.0886846,284.39044,0.1476256,217.72311,13.271783,179.10732,87.76041,119.219795,137.79724,107.04487,0.021946195658512625,1.0,0.1808514,0,0
750.6085,281.59015,816.73987,233.02086,788.81384,351.98746,854.20465,293.8209,722.25824,228.43329,734.5108,244.75923,794.2755,275.63235,791.9075,276.95782,797.8564,277.34662,814.15845,275.76886,1.0135438,365.13882,7.8274007,307.45923,94.82199,142.03905,88.30042,143.13736,100.226425,132.36574,136.71112,108.08618,0.008125694108560386,0.0,0.1808514,0,0
749.8211,281.24448,816.1861,232.44925,788.42194,351.9527,853.50854,293.48306,708.8756,220.73024,725.76825,233.21205,746.2134,246.32364,758.0115,253.01833,787.2811,267.65292,802.4834,273.25192,-15.82208,398.7472,4.334023,343.98453,30.917261,282.40576,47.280838,248.77455,90.47049,169.16515,115.58817,131.71098,0.0021957313994059643,0.0,0.1808514,0,0
748.90497,280.9959,815.21844,232.18341,787.1447,351.02734,852.3298,292.7088,691.4148,215.22183,709.0324,227.74751,729.015,240.45769,742.2079,248.18881,770.3671,261.79446,785.8375,266.20633,-43.039036,438.17703,-21.516422,381.81732,4.4770684,321.5258,22.389318,283.2019,64.125916,207.54604,90.93936,172.33447,0.0024265942413159943,0.0,0.1808514,0,0
746.9235,280.7406,812.88,231.60725,785.33813,350.60135,850.3522,292.05496,678.8625,210.34465,694.1095,221.55241,714.4851,234.16724,728.1001,241.8642,756.4152,254.46304,773.7303,259.45157,-58.782814,466.79443,-40.505318,416.62473,-13.645825,355.50046,5.106693,316.37158,48.135338,242.48245,77.932686,202.9378,0.0026461039795926955,0.0,0.1808514,0,0
745.52185,281.09238,811.3243,231.5635,784.27374,350.54797,849.0072,292.33704,672.435,205.98723,687.0529,216.34654,707.3062,228.36911,721.13074,235.9187,749.427,248.82018,766.72217,254.4445,-62.32841,483.63715,-44.619812,436.8423,-17.590082,377.6518,1.6274662,338.7036,44.106907,264.39572,73.02587,223.60553,0.0022020738803288035,0.0,0.1808514,0,0
744.12103,281.11685,810.2855,231.58318,783.1142,351.19757,847.9662,292.11118,668.9717,199.44447,685.7585,210.82944,705.6704,222.94821,719.6776,230.53961,748.1026,243.52428,766.28516,249.70218,-58.95052,501.44894,-38.201927,449.05594,-12.089983,390.2574,7.3614655,351.004,49.90325,276.40054,79.99955,232.94008,0.0020726757844929866,0.0,0.1808514,0,0
743.3966,280.33868,809.4129,230.82678,782.136,350.43567,847.1811,291.30417,671.4927,193.00673,689.58124,205.70786,710.12616,218.50247,723.35114,226.1134,752.4341,239.59999,770.48615,245.4606,-47.91924,515.10956,-25.429125,455.9917,1.8271569,393.1279,20.073593,354.19214,64.14141,275.97357,94.82021,232.77002,0.0022475638040061244,0.0,0.1808514,0,0
742.7848,280.04364,808.66425,230.8651,781.5475,350.4053,846.85974,291.26562,680.29913,190.94753,698.4549,204.18803,718.35187,217.29938,731.93994,224.12575,761.1858,238.42651,777.9035,245.34795,-27.815866,510.18283,-5.2484765,447.80316,20.865093,383.58994,41.117672,345.18066,85.25286,263.3219,112.14014,219.30501,0.0020375330560981064,0.0,0.1808514,0,0
743.06665,279.53824,809.121,230.1986,781.24005,349.3596,846.4081,290.77982,693.3001,191.25208,710.7893,204.97926,730.374,217.92627,743.5062,226.65486,771.7824,240.53181,788.2713,246.90189,-3.1020875,485.56955,17.514778,423.81995,43.28008,361.09464,60.469376,318.99695,103.49917,239.91043,130.95886,197.42139,0.002503432157043919,0.0,0.1808514,0,0
742.27203,279.73654,807.7222,230.29529,780.76044,350.44638,845.6994,291.25555,705.6717,194.66698,722.32825,209.14561,741.4189,221.7534,754.4278,230.48058,783.14825,244.92706,799.70575,251.93367,20.533262,458.47607,38.82869,395.05066,64.32311,333.09216,81.43801,290.76666,125.14488,208.91312,152.13225,164.59558,0.00267935729905203,0.0,0.1808514,0,0
741.7466,280.0018,808.3264,230.62013,780.2284,350.0471,844.94025,291.14056,712.54364,202.01639,722.48883,222.48134,737.60876,243.1895,748.81085,252.06166,781.90283,257.8235,802.6304,254.86353,27.556372,422.86905,24.598595,358.4357,31.765942,287.19568,44.26984,249.64137,105.7556,182.98642,154.25726,154.22656,0.014189186640958439,0.0,0.1808514,0,0
741.5401,279.03543,807.99426,230.39108,779.5544,350.17905,844.3749,290.81262,717.7123,205.63657,723.7738,228.39307,733.83624,250.2072,746.34314,260.3003,781.1251,261.39975,803.90735,255.32306,31.52093,406.317,18.605658,341.31262,15.148585,275.20178,29.116426,233.17438,99.29639,174.51808,156.5202,149.24579,0.019992534179860112,1.0,0.1808514,0,0
740.8318,279.3343,808.04846,230.09988,779.41907,349.57394,844.0137,290.73624,719.2472,205.68712,724.3258,227.47746,733.8141,250.45857,745.94727,261.44666,780.86584,261.4219,802.27155,255.26152,37.425793,397.64847,23.351217,338.85828,17.00091,272.84705,28.745712,230.31172,99.39448,174.65971,153.15569,152.16145,0.02238296525789112,1.0,0.1808514,0,0
740.84033,279.33047,807.76025,229.98991,779.41785,350.08636,843.98615,290.27563,716.9285,204.89534,725.18384,226.28838,737.93317,247.62888,749.2194,257.09933,781.7511,259.93372,803.1754,254.72101,33.28066,405.2967,26.04407,341.66855,27.904053,273.3774,39.80532,234.8195,102.97359,175.94504,155.88301,150.92215,0.017934099541135923,1.0,0.1808514,0,0
740.8184,279.34177,807.283,230.02827,779.6305,349.47244,844.28937,290.73007,710.1446,199.76949,722.602,212.97853,785.11084,247.44319,787.4383,245.1046,787.86865,250.14459,803.1695,253.70804,27.061222,428.39905,37.34557,377.62723,127.028404,197.82062,135.08049,199.19955,129.54204,187.0977,158.3498,152.96135,0.003423485254428891,0.0,0.1808514,0,0
740.97546,278.59927,806.6454,229.06966,779.3396,348.7366,844.2751,289.80573,693.23505,194.42189,710.3946,208.1054,728.4989,220.65784,741.7088,227.90494,772.0269,241.8767,786.5599,246.25734,-3.526839,472.4154,16.511507,411.1206,39.67069,351.6041,58.781704,312.9108,106.040215,230.07756,131.81996,195.36885,0.003124868537517806,0.0,0.1808514,0,0
740.776,277.59088,807.1409,228.05554,779.705,347.88202,844.5075,288.76474,674.28436,190.67195,692.18243,204.32294,711.8611,216.44934,724.67224,224.13954,754.0048,237.7044,769.47974,242.17479,-36.568264,499.5239,-15.959338,440.09995,9.87252,381.75912,26.988543,344.10995,71.22656,266.63428,98.18763,231.30194,0.002666801559731698,0.0,0.1808514,0,0
740.3388,277.69806,806.041,227.95908,779.1349,348.236,843.60864,288.62427,663.3766,190.82838,675.22864,200.49017,694.831,212.04297,709.91327,220.82037,737.53217,233.12003,754.3932,238.4756,-58.641888,518.3223,-45.40138,476.82413,-18.866953,419.37732,1.7234275,375.3338,43.93442,303.1554,72.57249,263.55234,0.002628991844436095,0.0,0.1808514,0,0
739.5825,278.6339,805.85596,228.58237,778.5848,348.5761,842.9477,289.12997,654.6887,187.85951,664.2734,195.87909,684.3678,208.95854,698.712,216.49463,728.6033,229.8478,746.6384,236.14487,-66.68363,531.8057,-56.71506,499.00546,-31.918983,439.24347,-12.1836605,400.61087,32.141884,324.49673,61.443542,281.75964,0.0026812029791969815,0.0,0.1808514,0,0
740.11035,278.28174,805.7809,228.41257,778.5763,348.47745,843.15186,289.4959,653.5174,188.36113,663.50226,195.23178,682.54614,207.99152,696.3672,215.24712,726.3881,229.21425,744.0539,235.36963,-75.13689,539.49066,-62.590942,507.8607,-38.322086,448.43942,-18.548864,410.15735,26.70316,330.6804,56.018314,288.20276,0.0023893170862129324,0.0,0.1808514,0,0
739.7027,279.10663,805.80817,229.44292,778.7043,348.9853,842.8844,290.22018,683.8786,206.47647,669.7679,196.65822,684.7016,208.98111,698.84503,217.3116,727.8066,231.0197,746.0856,237.0091,-30.034956,446.3014,-46.909622,489.6871,-31.106533,439.14175,-12.529355,399.1234,29.704578,324.03336,59.950443,281.8935,0.0037562702154008577,0.0,0.1808514,0,0
739.8854,278.6631,805.3715,229.10881,778.86664,349.70572,843.0548,290.1945,664.2015,191.05304,673.9825,199.60255,693.155,212.13046,707.0498,220.3017,736.50323,234.08844,753.3351,240.51364,-55.70362,515.8982,-45.327526,480.4508,-20.581484,421.7006,-1.6377735,381.27118,42.771194,303.38232,70.16782,261.69843,0.002721740016006075,0.0,0.1808514,0,0
739.61743,278.6924,804.9599,229.33212,778.6697,348.78845,842.77905,289.87085,668.71747,188.60402,685.85913,202.40532,706.14185,215.51271,719.24536,224.02766,748.32336,238.55045,765.361,244.96147,-42.158745,518.10834,-22.844776,458.06656,3.497632,395.31366,20.46295,354.65747,63.370678,274.47308,91.32576,231.86346,0.0024554746790402798,0.0,0.1808514,0,0
739.5578,278.16116,805.20245,228.76448,778.04333,348.38425,842.81067,289.23523,685.6561,193.3507,703.35504,207.80061,722.69995,221.34868,735.815,229.32323,764.8987,244.342,781.0932,252.08183,-15.325809,483.43234,4.8463507,419.60236,29.270262,355.9747,47.185,315.8992,90.16014,233.18382,114.97714,188.33098,0.0023072816768366124,0.0,0.1808514,0,0
738.96173,277.87274,804.13916,228.59386,777.30383,348.64822,841.91223,288.9333,704.0595,200.54707,720.469,213.83908,739.1371,227.00046,751.978,235.46579,780.6073,251.0224,796.3307,258.22552,14.708044,438.07126,33.88236,377.99597,57.769775,315.26852,74.80118,273.82074,116.72998,189.49454,141.49666,146.15984,0.0022992195286370707,0.0,0.1808514,0,0
737.9711,277.94153,803.84534,228.4408,776.78925,348.58804,841.4247,289.09155,719.31714,206.35988,734.29425,220.38953,754.5666,235.43274,766.68506,243.66177,795.51843,258.80127,811.0303,264.26895,42.651226,393.31952,57.346394,335.51617,81.804245,267.34204,97.32086,228.4671,139.92653,145.74504,166.57637,106.6752,0.0034901944565775816,0.0,0.1808514,0,0
737.4592,278.5596,803.0449,229.30782,776.0256,349.17075,840.9517,289.8241,729.0913,217.24712,740.0718,240.87238,752.09424,260.93173,763.505,270.52383,794.5463,273.17413,811.97394,267.30765,52.35623,354.122,47.288208,279.66965,48.64648,214.55826,60.77191,174.829,121.99773,116.6645,167.12279,98.674225,0.01923136683920014,1.0,0.1808514,0,0
737.06726,278.74014,803.22797,229.97865,775.5404,349.87964,840.5583,290.29813,737.21844,224.46103,743.3145,248.12323,754.1035,271.99255,765.6711,281.95197,797.21,277.58347,812.2266,267.76593,60.727383,323.42563,45.74068,257.762,40.598797,187.37894,52.55582,147.38835,122.6106,103.5685,167.81433,98.234055,0.029969145685826492,1.0,0.1808514,0,0
737.0055,279.89633,803.3236,230.42487,775.9549,350.16577,840.5149,291.31372,740.12164,227.1743,747.4316,252.3203,758.71014,275.80655,770.1003,285.4581,799.12634,278.91248,813.0495,268.19504,65.55022,312.00583,51.03237,243.0868,46.843433,174.07185,58.597675,135.24211,126.209526,99.84172,170.18379,98.198875,0.03187424213080132,1.0,0.1808514,0,0
737.14984,279.6848,803.54224,229.94481,776.1112,349.74918,841.07385,290.57715,737.60144,225.32733,746.60736,249.58617,759.8834,271.36945,770.2976,279.3799,798.4264,277.0899,812.4513,268.18924,62.202618,320.77744,52.060223,250.43541,53.632175,181.15733,65.26324,147.0164,125.85235,104.16218,167.40485,98.49814,0.02572561520734467,1.0,0.1808514,0,0
737.4555,278.4434,803.36816,229.34758,776.0681,348.9795,841.3528,289.76483,728.8394,218.11037,741.53564,235.6351,797.711,267.24387,789.8766,264.93753,799.9205,268.15265,813.1518,266.74014,50.655956,352.55145,56.327774,289.66684,135.70668,124.169304,121.97464,142.63951,139.25688,118.38855,169.73097,98.27343,0.00896282050429663,0.0,0.1808514,0,0
737.5741,278.07104,803.80597,228.68176,776.8022,348.20526,841.12933,288.91644,714.216,209.8816,730.42444,223.83757,748.8397,237.5939,761.0445,246.57112,793.4106,264.96033,808.3791,271.80493,29.674358,390.23822,46.461735,332.1384,67.97836,271.1913,82.41989,231.08232,127.67021,136.17717,151.00586,95.32191,0.002545821032119694,0.0,0.1808514,0,0
738.0463,277.48087,804.31915,227.94885,777.2667,347.8464,841.7633,288.72632,691.92065,203.6559,709.02057,217.48836,728.9832,232.11922,740.88904,239.89616,773.56696,256.9172,787.70764,263.51758,-9.887488,436.20187,8.75906,378.00247,32.21647,313.68118,47.32126,277.4311,94.265335,186.81819,115.792854,148.7617,0.0024363511500440915,0.0,0.1808514,0,0
739.1017,277.85852,804.8548,227.57463,778.21,347.77,842.5813,288.7817,673.1157,200.48788,690.6959,213.76933,711.25867,227.94579,723.05634,235.32295,754.30365,252.25308,769.8476,258.5187,-45.160152,474.90042,-24.949335,417.24182,0.15520048,353.05,15.420038,317.91522,59.06084,230.23466,83.5414,190.93224,0.0020750491626190296,0.0,0.1808514,0,0
740.72955,277.10843,806.3599,227.49768,778.8453,347.25134,843.88306,287.84576,670.942,204.77972,680.1656,212.76816,698.7683,226.06308,711.8006,233.36215,741.9459,249.34067,758.88556,255.64273,-61.811638,478.23087,-51.72693,444.08292,-28.629023,382.7541,-10.378124,344.84906,32.829456,259.30103,60.250935,217.15852,0.002757343286198072,0.0,0.1808514,0,0
742.29663,277.28595,807.41864,227.44318,780.2591,346.9894,844.95917,287.63797,671.5938,208.83557,677.5955,213.04703,694.42554,225.308,708.72107,234.32945,739.4067,249.40079,755.06555,255.37883,-68.09189,472.43524,-60.45598,452.52277,-39.629726,395.86758,-20.581854,351.44003,24.879768,266.43762,50.093376,226.8494,0.002784684667528368,0.0,0.1808514,0,0
742.6874,276.9078,808.26056,226.92043,780.844,347.16986,845.54956,287.76114,667.73364,204.26315,680.3388,215.57585,699.5834,227.65541,712.3103,236.11473,742.20374,250.13118,758.5517,257.44458,-71.24981,482.92642,-58.044315,436.34848,-32.67672,378.18826,-16.415535,338.6615,28.188066,259.12692,53.15801,216.0987,0.0025985967327053377,0.0,0.1808514,0,0
742.01666,277.27258,807.426,228.09102,780.49866,347.56387,845.30096,288.12625,675.7064,208.19691,692.15186,220.58095,712.6863,232.82724,725.3447,240.7475,754.73035,254.63924,771.2698,261.09445,-57.783035,465.24713,-38.00575,409.08182,-10.072031,347.37244,6.688821,308.5629,50.624027,228.99338,77.07748,187.06076,0.002095494226054395,0.0,0.1808514,0,0
740.6783,277.0892,807.20886,227.70518,780.12604,348.0672,844.9001,288.97208,693.29706,213.38303,712.5226,227.3633,731.7327,239.80237,743.40656,247.71857,771.6812,261.17807,787.29865,267.89474,-23.480785,412.06943,-1.0189451,351.5752,23.16234,294.49478,37.506554,258.88535,79.13524,184.57272,103.32342,144.48405,0.0021579128645466184,0.0,0.1808514,0,0
740.68585,278.74408,806.8437,228.72603,779.56885,348.3957,844.4283,289.63583,715.85034,221.963,733.66895,235.94807,752.1832,249.08325,764.05817,256.92273,793.02295,271.7266,806.0899,276.51913,13.746504,365.47772,33.743156,305.166,56.084244,245.82875,71.101494,209.0758,113.105644,128.44351,134.58824,95.73482,0.00274521528375429,0.0,0.1808514,0,0
740.79254,278.14105,806.63043,228.81427,779.678,348.80527,843.5068,289.027,736.1819,231.64748,748.6737,244.22491,801.7071,282.76694,802.44165,281.14334,811.85345,284.99408,828.03973,290.70264,41.969185,310.053,52.940727,261.51538,116.84652,89.203316,120.423256,91.28225,135.63869,66.61896,163.31535,25.555935,0.004596390522845745,0.0,0.1808514,0,0
740.9747,277.26505,806.5567,228.66046,779.6074,348.31927,844.6998,288.2427,746.96075,243.0216,755.2853,266.90402,767.37585,288.31345,779.64453,298.36975,809.9191,298.43802,828.3551,291.89734,50.063854,267.4879,39.456947,199.46075,39.49559,134.0253,52.385036,93.332886,112.96558,41.823566,159.74475,22.316418,0.021588204326720022,1.0,0.1808514,0,0
741.3493,276.88623,806.5088,227.58963,779.2579,347.61407,844.32495,287.5451,752.00433,247.71513,757.13715,270.47476,765.5278,293.65454,777.56323,304.76468,810.1946,301.7863,828.9417,291.3835,53.90357,247.53308,38.349426,187.87889,29.545635,125.11272,41.072903,82.78751,109.666626,32.93882,161.74509,20.271837,0.028717321920085144,1.0,0.1808514,0,0
739.9331,276.10306,805.1308,227.17389,778.32294,347.03372,843.6234,286.83038,749.61584,246.12671,755.9518,268.8777,765.7072,291.88992,777.6776,301.9767,808.7597,300.2322,827.8755,290.6039,53.071747,251.42963,39.66582,189.44695,33.398033,124.721954,45.696564,84.671074,109.52598,35.465805,161.24477,20.84431,0.02618992187661696,1.0,0.1808514,0,0
738.4458,275.57965,803.85815,226.8208,777.2089,346.1553,842.0385,286.20898,740.2972,239.73848,751.276,259.7226,766.917,280.42145,785.9028,290.1756,808.83594,292.31155,826.62524,289.91748,43.733887,277.87003,42.8672,213.93713,50.479053,143.27885,77.12141,91.2684,121.24316,47.44633,161.64032,20.662676,0.013556569025079089,0.0,0.1808514,0,0
737.2286,276.05237,802.69525,226.32391,776.15466,346.23865,840.599,287.31375,724.4923,229.45757,740.7746,242.90459,761.17957,257.67075,771.9642,264.1275,801.9717,279.99408,816.8211,284.2668,26.560036,323.36212,44.28112,266.52234,68.78924,200.41072,83.324326,168.47728,126.44848,83.843575,152.50745,49.010902,0.0031193996156494673,0.0,0.1808514,0,0
737.6016,276.58548,802.5618,226.73056,776.31494,346.28757,840.4779,286.9632,703.36536,223.3044,719.8368,235.85005,740.3398,249.73863,751.5718,256.83847,784.065,273.17694,797.9833,277.3562,-9.411717,375.29874,9.813703,319.34692,35.54179,254.17215,50.174854,219.74052,97.51458,129.29985,121.415535,96.28163,0.002602495563988417,0.0,0.1808514,0,0
738.6523,275.5068,803.9462,225.72417,777.29425,345.16873,841.8747,286.41525,682.8424,216.46751,699.9346,229.45691,720.17035,243.27379,732.87384,250.03561,762.7133,264.1172,779.7702,269.2278,-46.44269,421.86664,-26.434103,364.43613,-1.204918,300.53586,16.719826,264.86865,61.006874,184.85333,90.008766,145.13481,0.0028085951153191723,0.0,0.1808514,0,0
739.5369,275.21274,805.1622,225.66377,778.2296,344.99704,842.92773,285.82855,671.20435,215.48068,685.2306,225.6736,704.9407,238.49077,718.2999,246.02962,746.8245,260.37512,764.1386,264.94336,-69.63509,442.05725,-52.958233,396.43823,-28.051643,336.16135,-9.967465,298.013,30.673653,220.29367,60.29102,181.82605,0.002608371665283953,0.0,0.1808514,0,0
741.70013,274.68884,805.7119,225.18674,778.8992,344.85358,843.5682,285.29144,661.1218,213.9185,673.6096,222.68893,694.56744,235.35333,708.0756,243.22176,737.45447,256.859,755.81165,262.85284,-101.82654,479.07635,-84.806984,435.85953,-54.59156,369.5334,-35.04237,328.00385,10.717881,246.79611,41.971912,202.04665,0.0021797191356617536,0.0,0.1808514,0,0
743.0725,274.86838,806.9262,225.25726,780.0094,344.4278,844.84094,285.35153,650.09216,211.19322,667.86554,221.07756,690.6001,236.74167,704.4088,243.41449,734.58673,257.47513,751.5872,263.845,-126.16933,511.34708,-98.83198,455.44403,-67.47623,377.45685,-45.818363,337.82208,1.5541518,253.37764,29.70329,209.78897,0.0016626547603585445,0.0,0.1808514,0,0
743.2414,276.35532,807.87726,226.05087,781.1743,345.01562,845.6645,285.8983,654.5845,215.46104,670.4157,225.069,693.9958,240.43643,708.0659,247.86775,737.5609,261.45224,755.0375,267.78802,-111.29356,486.015,-89.75678,437.07233,-59.002144,362.17267,-38.958107,321.8735,5.1154203,242.14316,33.174778,198.66022,0.0018252044592313318,0.0,0.1808514,0,0
744.10815,275.39673,808.69977,225.96588,782.08795,345.04938,846.1892,286.11505,673.8015,225.59471,686.7947,234.26483,706.162,247.01988,718.78766,254.23016,748.3871,268.00098,765.8396,274.8505,-86.58861,425.21317,-69.85057,384.35117,-44.861115,324.1597,-27.48654,287.61258,16.61313,208.92319,44.14808,165.08165,0.0021305926070403864,0.0,0.1808514,0,0
743.9635,275.63596,809.7316,225.86705,783.10364,344.334,847.2001,285.53186,687.0499,229.6463,703.8217,241.9692,723.15656,254.26373,738.1458,263.36102,767.26465,277.028,783.3107,282.89517,-58.924397,389.4692,-40.214664,336.24728,-16.590405,279.11874,2.2648354,235.61897,43.702255,159.04037,68.79249,119.77034,0.0022652220621499786,0.0,0.1808514,0,0
746.83136,273.04337,810.72235,224.28944,784.07605,343.07852,848.8804,284.87708,708.9647,236.25038,725.19836,248.45403,746.30524,261.63205,758.51385,270.18253,788.3147,284.8394,802.7685,290.75967,-38.563805,347.76132,-17.863419,291.58667,11.471394,226.0986,27.16193,186.70657,71.91448,105.26814,94.815475,68.577194,0.002071464431154118,0.0,0.1808514,0,0
747.1137,272.1573,812.062,223.06291,785.58905,341.89807,850.03467,283.19006,732.01794,242.40837,748.90015,256.56528,768.07416,268.96994,781.4589,276.88922,809.0781,292.0969,823.39575,298.19537,2.653622,290.44376,20.805311,231.09222,45.365055,172.45015,63.29202,133.26906,101.52872,54.97972,123.537346,17.955467,0.0022120816507175418,0.0,0.1808514,0,0
748.544,271.73523,813.4958,221.71759,787.07996,340.7815,851.30676,281.5555,749.49963,250.7932,761.6,269.21756,811.04047,304.3586,806.06464,297.6679,821.72095,305.0447,838.3854,303.95514,25.25546,244.1391,28.506737,183.75314,86.53619,27.452429,84.47919,49.278473,107.27039,7.309228,142.83856,-20.436062,0.0085782782593407,0.0,0.1808514,0,0
750.4896,270.63202,814.79047,220.90508,788.20105,339.66238,852.99646,280.49948,760.0956,256.5148,765.438,277.76178,774.85,299.72473,785.2735,309.79166,819.4579,311.73743,840.73425,304.03995,35.32398,214.86304,22.016296,159.44215,16.490917,98.29182,25.882097,60.895504,90.93647,-1.1636696,143.29858,-23.786798,0.02346900255223104,1.0,0.1808514,0,0
750.91833,269.64963,815.97675,219.85672,789.1414,338.7667,853.4037,279.72232,760.7704,254.97575,765.0567,276.28418,772.67456,297.44415,783.49524,308.59082,819.56854,310.4996,841.36896,303.0089,35.89303,215.60399,20.480816,162.61003,12.264711,106.523674,21.095942,66.37579,89.81512,0.5949171,143.55469,-23.952595,0.023907347271154292,1.0,0.1808514,0,0
751.4685,268.82184,816.75415,218.60312,789.8276,337.6136,854.2565,278.6779,754.08075,248.98976,761.1154,269.32135,773.82056,289.35236,783.44806,298.33463,820.3716,304.75104,841.8706,301.4668,27.22745,238.83766,18.346266,183.03008,21.080517,120.203896,29.90974,85.92217,95.66398,9.525161,143.71463,-22.54591,0.01648197750002946,1.0,0.1808514,0,0
751.5485,267.92926,816.75854,218.69273,790.2886,337.39233,854.373,278.6474,743.49945,239.66122,759.5394,254.52069,779.98254,268.50192,795.38153,277.75137,821.74713,291.4977,837.6893,297.981,15.379138,275.03262,30.662384,216.02376,55.65427,152.17412,75.96027,106.834366,113.35035,33.254105,138.39252,-7.907766,0.002858237092059323,0.0,0.1808514,0,0
752.23883,268.9158,816.35547,218.377,790.2822,337.1811,854.07324,278.15225,717.8279,234.62047,735.109,247.44606,751.4776,260.1327,765.09924,267.87952,792.5637,281.4119,806.0485,285.7365,-30.916626,334.0796,-10.387294,275.97498,8.270154,220.27977,26.85116,180.35626,66.63235,104.459724,88.95102,71.9095,0.0030988955012951703,0.0,0.1808514,0,0
752.1702,267.703,815.303,218.66823,789.2649,337.06186,853.23627,278.191,693.61084,234.18904,708.7499,244.15437,727.5107,256.95447,741.17596,264.30734,765.19324,276.18048,781.81757,281.61664,-84.74427,376.72717,-63.827606,327.2123,-38.790207,265.79434,-18.74642,226.14967,17.233753,159.51044,45.052498,119.60299,0.00241919373169501,0.0,0.1808514,0,0
748.87775,268.8401,813.971,218.44485,787.9853,337.66467,852.341,278.67383,664.5895,232.76004,679.1756,241.68802,699.7808,255.09877,712.8775,261.56702,746.4956,278.50836,761.1595,283.684,-122.77214,412.26477,-104.36331,369.74884,-79.22426,308.06857,-61.191162,273.44165,-15.145968,183.62526,7.4200006,148.88425,0.001589316672784899,0.0,0.1808514,0,0
747.59973,268.2572,813.03546,219.60524,787.09515,338.3603,850.72797,279.83282,644.2701,235.70103,661.20917,246.82956,680.80566,258.1929,695.1918,265.13513,723.7971,278.07547,742.2283,283.7455,-155.60966,419.23462,-136.27771,371.94357,-112.45848,320.2893,-93.55645,285.10205,-54.66712,216.07362,-26.500628,176.34674,0.0019671582213846538,0.0,0.1808514,0,0
747.1564,269.87003,812.4807,220.4956,785.9518,338.84787,849.68695,280.5044,630.2701,236.65419,648.71765,249.37529,669.18225,261.38794,681.8194,268.00098,715.6305,282.58545,731.63196,285.8795,-180.19514,444.3624,-159.60597,390.92,-134.83081,336.03607,-118.71624,303.6903,-72.15135,222.71114,-46.143658,191.1884,0.002458185214395652,0.0,0.1808514,0,0
745.8372,270.2198,811.6144,221.06749,785.21063,339.0738,848.72974,280.96393,628.4703,239.90742,647.57,253.0184,669.2583,265.8499,683.5157,273.7247,715.0681,287.63116,730.4616,291.82925,-178.07312,431.9421,-157.929,378.70087,-133.04242,322.1273,-116.012985,285.75,-74.39065,211.25507,-51.102097,179.41212,0.0021708491138108807,0.0,0.1808514,0,0
744.53687,270.25284,810.79767,220.935,784.6783,338.95737,848.20703,280.71768,634.67505,243.23947,652.60004,255.22075,673.0333,266.61328,686.7711,274.6579,717.1602,289.69714,733.83826,295.00497,-164.19243,411.36932,-145.79112,362.9098,-122.526535,311.79858,-107.054596,276.22482,-69.6097,201.86476,-45.658108,166.08049,0.0016328351432648815,0.0,0.1808514,0,0
745.1687,270.4351,810.6928,221.23723,784.3745,339.32977,848.38104,280.74173,649.33655,246.33673,664.37616,258.04672,685.80493,272.0757,702.33215,280.2059,727.5817,293.12546,745.4808,296.77884,-150.68146,395.4095,-135.11803,348.40012,-110.562164,287.2781,-89.040665,245.67625,-56.374165,180.56142,-27.381844,145.03355,0.0029100623348154962,0.0,0.1808514,0,0
745.2169,270.3719,810.5259,220.89902,784.2409,339.23627,848.1557,280.6042,670.73663,244.8602,685.59314,260.2791,707.713,275.2885,720.3092,281.45493,746.9627,295.9551,762.89343,301.12433,-112.80725,369.57028,-100.74205,313.72833,-75.2909,248.34692,-58.42264,216.0595,-23.97303,144.29697,0.4722745,108.078415,0.003440732899946693,0.0,0.1808514,0,0
745.862,270.09824,811.234,220.30704,784.7629,339.28543,848.86273,279.7489,698.61926,255.69661,713.0481,265.31204,730.7694,277.6046,743.122,284.93686,769.8493,300.87097,785.1486,305.76236,-73.84335,305.26367,-56.794777,262.18362,-36.371555,208.32008,-20.884268,173.38808,12.611744,97.531746,36.482533,62.22251,0.0019630116816415854,0.0,0.1808514,0,0
746.6437,268.8305,812.03235,220.04291,785.2108,338.81958,849.73975,279.23645,718.6227,260.9749,733.13,274.47238,755.1174,293.9414,766.8287,300.98154,795.5154,308.71588,810.2995,312.07367,-45.263435,261.26413,-31.540009,209.39445,-10.085002,134.10526,4.6382275,101.091576,51.06416,38.3712,76.09416,6.71384,0.00620136759375232,0.0,0.1808514,0,0
747.88043,269.42953,812.82086,219.37593,786.56104,338.1903,850.4806,279.11725,735.54144,271.2519,744.3636,293.99368,757.69073,315.2041,769.0271,324.03915,798.90393,321.80334,813.2826,312.93283,-25.718037,216.19206,-32.75802,154.80403,-29.716198,91.17653,-17.81168,55.613014,40.96602,9.316884,79.21825,1.0710628,0.023505914340605363,1.0,0.1808514,0,0
748.0546,268.6974,813.03064,218.67903,785.935,339.33746,850.33514,278.56448,746.6925,277.92383,754.50024,301.9276,765.39655,325.09918,779.708,334.3108,802.677,325.59036,813.3623,312.32547,-12.135197,182.78313,-21.347418,121.53302,-23.716894,59.65679,-6.4783754,19.308971,45.35834,-3.7261724,80.69321,2.09927,0.03701952822305943,1.0,0.1808514,0,0
748.69305,266.99268,812.37537,217.8064,788.2668,336.31406,849.83856,277.49985,749.88184,279.15167,757.079,304.50128,767.853,328.5292,780.14276,337.29868,803.3444,325.5748,813.0893,312.5387,-11.03971,173.05746,-24.48038,111.261055,-29.526468,48.482452,-16.075602,12.05147,40.518227,-6.725827,75.024704,0.12123416,0.04378099811026789,1.0,0.1808514,0,0
746.6796,267.24387,811.5806,217.92355,786.54846,337.97757,849.2583,277.17404,743.7836,277.7357,751.6587,301.06134,764.4005,326.22943,780.8738,334.4817,800.9455,324.23965,812.5468,311.61615,-16.377462,182.9909,-25.612408,124.53057,-27.698826,57.36241,-6.6394353,15.608965,40.928642,-0.3962232,77.58676,2.119784,0.03434304146808184,1.0,0.1808514,0,0
746.0764,266.8545,811.08746,217.3431,784.88715,336.45853,848.474,276.52658,728.8255,271.48392,740.0877,291.82846,755.29224,310.36957,764.06055,317.47406,797.03796,317.7393,812.4461,310.2007,-37.367016,217.74118,-36.950996,158.08368,-27.642534,97.27143,-18.78192,69.46565,42.46367,13.399929,81.01166,0.53273934,0.01709663274592323,1.0,0.1808514,0,0
745.82874,266.79623,810.667,217.07524,783.71436,335.8925,847.9616,276.8547,709.05743,261.94696,721.6714,271.40637,741.4729,286.59848,752.5962,294.68994,781.9054,309.99564,796.1899,316.34705,-65.93953,269.8357,-51.43242,229.31946,-29.177954,165.48412,-16.316263,130.7919,23.722912,51.6717,44.470787,15.174844,0.0027321720202765965,0.0,0.1808514,0,0
744.61664,267.93045,809.79913,217.34703,783.3323,335.9474,847.18317,277.23932,678.99854,256.4218,692.8646,267.12234,713.80945,282.73495,725.20905,287.706,755.16583,301.77176,768.2513,307.2042,-110.80857,328.13608,-96.12983,284.0071,-73.46118,218.6474,-57.569633,190.31561,-16.460651,113.13529,2.425843,80.5169,0.00291873712246769,0.0,0.1808514,0,0
744.40173,268.20154,810.1197,217.65172,783.764,336.00793,846.9875,277.66534,662.706,260.86813,676.98804,268.396,690.4425,280.01175,703.4171,283.72314,725.4989,295.90735,742.4799,300.17618,-138.53543,337.9249,-121.44757,302.07846,-109.5365,258.76196,-90.71246,231.90234,-63.984867,173.54567,-37.847435,138.09138,0.0026838185301315946,0.0,0.1808514,0,0
744.5573,268.36368,809.79205,218.03622,783.70245,336.50153,847.4048,277.55035,626.7091,252.26762,643.7691,261.393,665.0189,276.8173,677.8526,281.46713,709.6589,293.776,717.2322,297.95596,-195.40186,412.20282,-174.61824,368.4714,-152.20917,305.16443,-134.43825,276.5598,-90.50922,203.04543,-81.1426,182.82841,0.0021355511456322045,0.0,0.1808514,0,0
745.8606,267.46008,810.5435,217.65762,784.18585,336.2182,847.4238,277.1813,605.7515,250.01732,623.5758,260.94754,646.0338,273.20157,657.8602,279.30664,680.6755,288.41028,681.8539,289.71243,-233.51854,445.4406,-212.8243,397.44952,-185.41914,339.96976,-170.6219,310.26804,-139.56775,258.0592,-138.67978,253.64633,0.0017384330885145394,0.0,0.1808514,0,0
745.5285,266.888,810.7216,217.15292,784.4986,335.3618,848.21625,276.43637,600.10925,249.76074,620.3235,262.2714,640.62787,272.9406,654.37524,279.85403,691.35803,292.88382,700.55817,295.6065,-239.79529,450.47385,-216.92696,396.09286,-192.34515,345.32248,-175.35313,311.41052,-124.23894,230.55994,-110.852516,211.18098,0.002042049129765465,0.0,0.1808514,0,0
745.71747,267.19263,810.6598,216.87938,784.3379,335.5085,847.7281,276.07993,611.47345,253.27505,631.83417,265.47034,651.2064,276.16193,666.737,283.7018,699.10596,296.79715,712.86884,299.14825,-224.19557,430.77264,-200.73407,376.4128,-177.55748,326.37927,-157.99557,288.17798,-114.42551,212.96623,-92.64058,186.9399,0.002053315408717006,0.0,0.1808514,0,0
745.60815,266.53046,809.82294,216.6654,783.60706,334.825,846.9926,275.64313,631.82635,258.05417,650.0446,269.79886,669.8703,280.97833,684.6651,288.21646,713.2319,299.23563,731.6495,305.5295,-201.42183,396.07788,-179.5739,343.43243,-154.49408,289.70642,-134.80089,251.90376,-93.89085,184.60301,-66.49302,142.4239,0.002017498607202945,0.0,0.1808514,0,0
745.3694,266.111,809.90173,216.74547,783.5758,334.5226,847.2038,276.09805,659.5479,264.75168,675.2256,274.16476,696.2324,287.08273,711.75555,294.56787,739.87274,307.19012,756.7099,312.91095,-158.52534,336.7753,-139.08176,293.0677,-113.32074,233.89249,-92.35708,194.39508,-53.273167,124.34624,-27.839827,85.6814,0.001767101643441911,0.0,0.1808514,0,0
744.9115,267.25446,808.9196,217.68947,783.24316,335.35587,846.49316,276.74658,689.4546,271.84866,704.985,280.85947,724.5861,293.64987,736.7082,300.29764,765.5469,314.65918,781.0172,320.8115,-110.14355,279.44794,-90.24968,235.84703,-66.58284,177.98274,-50.723167,144.85342,-11.461686,68.83758,11.326144,30.895155,0.0015133288688609318,0.0,0.1808514,0,0
743.26654,266.5209,808.1582,217.75296,782.4631,335.14197,845.1293,276.38983,713.7151,274.12405,729.2325,286.34302,747.53595,298.35458,760.58374,306.5647,788.95074,320.66495,804.8794,326.0361,-62.496098,229.9856,-46.761864,180.95462,-25.73342,127.8389,-10.300427,90.47351,27.619518,15.618719,52.1169,-22.343233,0.002704445772149896,0.0,0.1808514,0,0
742.3125,266.62292,806.6003,217.6902,781.4649,335.47583,843.93195,276.61047,726.0379,282.17615,735.29,302.82495,748.027,324.66205,758.4557,332.9127,793.88617,333.9993,810.8062,329.30704,-47.047424,193.48625,-50.91332,137.48962,-49.63141,75.35104,-39.1661,43.13165,24.757727,-18.693281,62.508114,-40.012463,0.018750767881787287,1.0,0.1808514,0,0
741.1861,266.74823,805.34894,217.27013,780.3058,335.32114,842.43866,276.50125,734.4497,283.04822,737.238,305.2154,743.0593,328.55432,753.7115,339.10828,790.3841,339.1108,808.4748,329.57443,-30.31214,177.12935,-47.949837,128.5352,-60.66613,74.786385,-52.138634,37.979855,14.78141,-24.37534,60.192936,-39.213863,0.03159361307726833,1.0,0.1808514,0,0
739.9056,266.59482,803.89557,217.66246,780.4875,335.5223,841.0117,275.97125,733.8125,279.20798,734.12726,297.91467,739.75964,319.2215,749.7683,330.0084,790.27026,333.7857,808.32367,329.59802,-24.846598,183.882,-43.595905,146.6059,-55.06371,97.580826,-48.53413,61.787018,19.857178,-14.187548,59.019447,-39.576824,0.02562183379560405,1.0,0.1808514,0,0
739.2398,266.78247,803.3763,217.14694,777.25433,335.57535,840.5463,276.08023,723.3135,275.36838,728.85455,293.73065,737.6312,312.38358,747.8631,322.33527,790.89685,331.26172,807.1006,329.068,-39.719765,207.87962,-47.72325,160.84732,-49.832077,109.58415,-40.84201,73.75299,30.168877,-15.626715,63.777386,-40.084187,0.019204150675148603,1.0,0.1808514,0,0
738.3432,266.92035,802.44086,218.12898,776.5895,335.70532,839.18304,276.66928,707.5574,268.04395,723.50446,280.36163,742.5603,294.0189,754.881,303.2282,784.77704,319.72012,798.1391,325.46408,-59.626045,246.71426,-42.27708,195.51503,-20.539408,136.71739,-6.902642,98.015526,32.428547,15.360961,51.93872,-18.81784,0.002260330809260123,0.0,0.1808514,0,0
737.8963,268.04608,801.6356,218.472,775.0763,335.17374,838.52954,277.57443,681.1632,266.5524,695.7801,275.61484,712.69324,286.98386,725.1102,294.9264,758.75024,313.17014,771.5493,319.04883,-109.61387,297.14423,-90.62241,253.53418,-69.632126,201.40742,-53.889664,164.18202,-8.045084,70.49727,10.508109,37.013145,0.0012885140852098183,0.0,0.1808514,0,0
736.43866,268.00363,801.3697,218.41745,775.2626,336.02145,838.0441,277.26147,649.2517,259.9751,663.80237,269.72897,685.9364,282.73447,701.038,288.81506,728.7758,303.3233,744.5654,309.32477,-148.3358,348.59055,-132.49911,307.27417,-106.57568,247.82472,-86.0754,212.56491,-51.078896,140.0029,-28.581161,102.548386,0.001310402221836981,0.0,0.1808514,0,0
736.1068,268.82782,800.2042,219.53119,774.26294,336.7572,836.9811,278.21808,621.9776,253.5376,639.7897,265.6929,660.00684,277.35922,672.99097,284.1325,705.66785,297.58142,722.0674,304.0183,-193.47957,407.68692,-173.31401,355.56226,-148.56677,300.93286,-131.9759,267.2359,-86.507034,189.09439,-63.073326,149.97412,0.001937507955003393,0.0,0.1808514,0,0
735.46796,269.542,800.0611,220.1494,773.4397,337.9493,836.6351,279.13428,603.0433,249.30455,622.8756,262.00775,642.9878,273.06134,658.19324,280.52487,695.251,296.15714,707.9721,299.16562,-219.12364,442.14172,-196.19797,386.77585,-171.38718,334.42645,-151.77367,296.53122,-101.13003,208.38739,-81.290726,182.4661,0.0018314976732719988,0.0,0.1808514,0,0
734.9969,271.40027,799.5698,221.50282,773.4948,338.85303,836.68134,279.83243,594.2373,248.18721,616.513,261.26767,635.3217,271.1462,650.88635,278.94586,689.22626,294.9294,703.84705,297.28598,-229.09674,464.01666,-202.81543,403.74692,-179.57162,355.22888,-159.9209,315.69034,-108.097626,224.06932,-84.48916,196.28162,0.0017130940524487791,0.0,0.1808514,0,0
734.51483,272.27283,798.7353,222.31844,772.7583,340.15298,835.8412,281.31406,597.8426,248.65666,617.8276,260.4214,637.0851,270.26938,653.20294,278.9803,687.129,294.16132,704.0948,298.83478,-226.44788,461.22116,-202.09592,406.4825,-177.31427,356.8821,-156.89925,314.19403,-110.7994,230.42427,-84.719475,194.07173,0.0013743710314559805,0.0,0.1808514,0,0
734.09375,273.17218,798.03357,223.3203,772.0918,340.98657,835.2793,282.15637,609.35187,250.97919,630.21216,263.5593,649.194,273.52457,665.4779,281.0923,694.6271,295.21313,712.0548,300.0928,-210.72992,445.2432,-184.60635,385.8136,-159.57889,335.09747,-137.19717,293.6575,-97.51349,217.97614,-70.21107,179.84892,0.0013680752725959127,0.0,0.1808514,0,0
733.2718,273.86615,798.00854,224.28104,772.2231,341.377,834.7227,283.1292,630.6174,256.06192,649.10986,268.6082,669.68695,280.2638,688.30963,287.5902,712.6318,298.51196,729.8861,304.63293,-165.88696,391.35236,-146.14319,338.79092,-121.880325,284.69403,-96.58618,241.81046,-64.27873,181.99413,-39.30112,142.11191,0.0017803356385545563,0.0,0.1808514,0,0
732.4456,274.7413,796.963,225.24696,770.6932,343.15378,833.8471,284.3981,654.67725,262.09268,670.6269,271.47202,691.3388,284.6134,705.23346,291.81693,733.928,304.77353,750.2049,311.2398,-132.10725,348.33893,-112.26648,304.14902,-87.334564,244.54651,-69.01032,207.8323,-28.93418,135.32063,-5.0254965,95.49091,0.001640727938518357,0.0,0.1808514,0,0
731.81415,276.2073,796.2266,226.73598,770.3272,343.36462,833.3043,285.70673,679.74115,267.5617,696.8702,279.24835,715.77893,291.59045,729.0725,299.3204,756.56824,312.82712,772.133,318.69928,-89.66656,301.66626,-69.85269,249.76245,-47.374897,193.57915,-30.536633,155.9562,7.2064223,82.694664,30.775995,44.336502,0.0020512002863761034,0.0,0.1808514,0,0
731.6376,276.67624,795.82684,227.73926,770.27783,345.15347,832.59735,286.48633,697.1731,279.43912,708.068,297.02225,723.5516,316.1339,735.8279,325.08978,766.5771,329.26895,784.0381,325.4403,-67.69202,248.58298,-65.193726,195.13861,-55.999813,132.45367,-42.685555,95.26546,9.913756,35.877373,47.763664,12.757613,0.013394206786948007,0.0,0.1808514,0,0
731.77026,277.80298,795.6917,228.60355,770.43207,345.41693,832.95154,287.3084,707.4568,284.98438,713.84296,306.71674,724.5608,330.83072,734.12225,339.00818,767.9007,337.78357,785.3763,326.91528,-54.29091,224.13882,-64.65059,168.92828,-69.20829,104.06845,-60.09175,72.90319,3.45793,18.575878,49.287712,8.783379,0.027326583930277912,1.0,0.1808514,0,0
732.57056,278.16757,796.61646,229.35529,770.69275,345.5892,833.4216,288.47736,711.5158,287.6464,715.49536,310.35638,724.275,334.15558,736.2214,344.49945,767.9342,340.66876,786.5379,327.06903,-51.056232,213.8382,-66.88644,160.36864,-74.49657,99.05492,-63.006382,59.793587,0.045047298,14.024167,51.506638,7.927071,0.031076184522016555,1.0,0.1808514,0,0
733.68427,278.99023,797.43146,230.2444,772.1203,346.615,834.44073,289.01706,707.226,289.05383,713.5494,309.406,723.8832,332.17178,734.9211,341.25067,769.00214,338.98053,786.97906,328.1803,-61.579086,221.24356,-70.44853,169.1333,-74.171425,107.579384,-63.185474,72.33057,2.3187737,19.643057,49.285168,8.996257,0.025175223145438436,1.0,0.1808514,0,0
734.44696,279.62396,798.3721,230.7509,773.4301,347.34427,835.50684,289.54834,696.9571,284.86105,708.1986,301.5174,724.53125,321.38998,736.17523,328.498,769.5164,331.72058,787.3519,327.83078,-76.289764,248.24974,-72.57953,196.27036,-62.967224,130.68074,-49.049057,98.03776,9.649768,36.08479,48.650497,12.49322,0.012458944507293025,0.0,0.1808514,0,0
735.33295,279.87268,799.72314,230.69243,773.44995,347.34964,836.8769,289.95953,681.17645,279.1508,696.50635,289.07425,714.26624,300.2308,727.0897,308.61737,757.4078,322.77585,770.62573,327.53372,-102.86689,288.083,-84.22004,242.78978,-62.29076,191.0733,-46.803932,153.0651,-4.1494174,74.4904,16.126497,42.77416,0.0020414243254820944,0.0,0.1808514,0,0
736.7655,280.113,800.7564,231.26964,774.7662,348.8617,838.4788,290.29477,653.1243,272.22928,667.8828,282.14377,688.69885,294.80222,703.8935,302.37222,732.6297,315.00473,749.2702,322.29794,-151.71329,350.17236,-133.48387,305.4538,-106.76615,245.73923,-85.79657,205.88382,-44.523743,133.99512,-20.566103,92.348236,0.0016948255414286487,0.0,0.1808514,0,0
737.41864,280.24802,801.98413,231.22086,776.2,348.07834,839.02576,290.2464,630.4882,266.54675,648.96344,279.32495,667.4227,289.8728,680.9435,296.50217,711.9055,309.05496,728.6483,316.05176,-180.12756,389.78928,-160.00189,336.32742,-137.83261,287.4289,-120.483376,253.67497,-77.72393,180.78407,-54.433857,140.3067,0.0019410598119500703,0.0,0.1808514,0,0
738.35046,280.75302,802.80194,230.85715,776.5093,348.69818,839.5884,290.29364,608.82855,259.99405,630.00433,273.38293,649.5402,283.16675,664.7349,290.2065,700.8589,305.85266,711.35956,309.122,-215.68097,441.53986,-190.95952,382.3597,-165.84091,333.0721,-145.66238,295.68152,-96.09018,207.97305,-80.26391,184.75862,0.0014063805271883787,0.0,0.1808514,0,0
738.70325,280.46988,803.4824,231.26616,777.478,348.77283,840.0946,290.22168,593.8279,254.5721,615.12427,267.82077,634.2142,276.65356,649.1869,284.4933,689.2202,297.84616,696.3682,301.71667,-227.62018,462.60745,-204.3985,406.64026,-180.90227,362.47098,-163.02383,325.50305,-107.47268,240.43123,-98.70922,221.87024,0.0016803188466243094,0.0,0.1808514,0,0
739.10364,280.4064,804.0226,230.83336,777.97107,348.92035,840.6443,290.61456,589.33765,251.02084,610.61554,263.88693,629.69037,273.88937,644.84296,281.03845,674.9847,292.4094,691.0076,295.9406,-233.15605,474.78738,-209.78798,420.30988,-187.34097,374.16638,-168.62492,338.7478,-128.1721,272.8797,-103.84509,242.19907,0.0020988211583756,0.0,0.1808514,0,0
739.731,279.91977,804.3942,230.2698,778.4204,348.10596,841.4232,289.67038,593.1225,249.2635,614.1264,261.46597,633.9745,272.6744,649.32794,279.8061,680.6911,291.85364,696.48016,295.10913,-232.24408,481.83508,-207.60944,426.82336,-183.90788,375.20145,-164.1189,338.28635,-120.85913,267.14954,-96.03992,236.528,0.0020766163443115327,0.0,0.1808514,0,0
740.52423,278.6901,805.28906,229.65205,778.7681,347.30182,842.13556,288.92105,608.6087,250.08658,628.56396,261.84424,648.35535,273.23334,662.4816,278.91495,690.14557,290.83722,706.7511,294.5245,-211.68637,458.0453,-187.60078,404.49707,-163.38495,351.7663,-143.89111,319.2272,-105.97712,253.04477,-79.63584,220.02905,0.0020357117705764854,0.0,0.1808514,0,0
740.06903,278.34924,804.9316,230.22656,779.2759,347.40704,842.31433,289.39258,628.1671,252.1918,645.56335,262.68463,664.48645,273.90326,679.2393,281.23328,705.9487,293.00366,725.35114,297.89035,-176.08739,418.77817,-155.71017,372.30725,-133.25795,321.91934,-114.37091,285.42645,-78.36931,221.7402,-48.15817,182.23474,0.002160199688127181,0.0,0.1808514,0,0
740.7598,279.15817,805.1721,230.48842,778.8845,347.7988,842.22253,289.60446,648.78784,254.72218,664.4784,264.56668,684.85236,277.00122,698.45294,283.84866,726.30884,296.31415,744.87067,301.53253,-148.55374,395.44818,-129.1649,350.27286,-103.670425,292.393,-85.253174,256.85837,-45.76099,186.93007,-15.981805,146.22807,0.0021884831090029293,0.0,0.1808514,0,0
739.383,279.3826,804.2517,231.0079,778.3967,348.09247,841.1519,290.21982,671.29376,259.68588,685.80237,269.99213,704.73914,281.07965,716.9997,286.89487,745.1634,300.64288,761.60364,306.63998,-105.70697,344.3227,-89.76469,301.21487,-66.54437,249.73163,-50.019382,218.99544,-11.923207,146.5729,12.881539,107.70533,0.0018930426230280076,0.0,0.1808514,0,0
738.91095,279.49802,803.1462,230.68428,777.1665,347.52798,840.29474,289.91104,684.0638,260.90216,697.9019,274.79886,734.60046,288.81558,743.35284,294.08844,761.00555,308.1916,777.79205,310.28006,-86.11456,327.72293,-74.03338,275.5888,-18.607828,187.14111,-7.333802,161.75223,11.579496,103.46309,42.295284,70.79571,0.0010294032188139428,0.0,0.1808514,0,0
738.4458,279.48428,802.5828,230.64857,776.37415,347.99756,839.4782,289.83835,693.97064,270.63196,702.33716,290.35565,716.3078,312.7317,726.57886,320.30334,759.94635,318.83823,779.2746,312.2467,-76.58747,290.26248,-80.24441,234.57193,-76.09819,166.40904,-64.60366,134.94882,-0.5479737,83.197655,44.46073,63.40393,0.01864347238527297,1.0,0.1808514,0,0
737.084,279.90622,801.2565,231.2125,775.10767,348.11,838.23865,289.5472,697.107,274.10828,702.98694,293.9516,713.9127,317.47012,726.0533,326.1066,758.5381,322.29373,778.35675,311.88202,-70.51771,276.8735,-78.943146,224.68759,-81.45605,159.09616,-67.82094,122.68183,-4.121613,76.86522,45.567524,63.630264,0.023492344813089944,1.0,0.1808514,0,0
736.11725,280.8454,800.3234,231.47475,773.90186,349.1019,837.4813,290.60083,694.21844,274.1844,701.79736,294.14954,713.49243,316.4227,726.0198,325.05405,757.55286,322.0597,777.4129,312.8661,-74.29373,282.7153,-79.65349,227.3618,-79.49247,162.63176,-64.807205,125.2398,-2.6418977,79.072235,46.14292,63.381737,0.021012128533990083,1.0,0.1808514,0,0
734.86554,280.87878,799.17175,231.72101,773.40454,348.82516,836.2884,290.5132,686.56775,270.91342,697.7059,287.79175,712.16846,306.01184,724.5013,313.03,756.2582,316.46283,775.4164,312.6711,-81.165535,298.23767,-77.41688,244.58978,-69.02293,183.99646,-53.495667,150.11029,2.3057334,90.9984,43.709064,65.82576,0.012582838102996055,0.0,0.1808514,0,0
734.82355,279.54718,798.5551,231.26465,772.9942,348.7879,835.7566,290.58344,675.41156,262.39337,688.9526,271.24142,708.8044,283.83206,721.2268,290.82538,750.1718,303.30542,764.85455,308.2487,-97.03433,330.886,-80.13121,290.5718,-55.02524,232.42091,-38.43285,197.94496,4.3904166,125.18582,27.83765,90.72936,0.0023982717957530047,0.0,0.1808514,0,0
735.3861,279.24542,799.0505,230.402,773.1667,348.26337,836.4281,289.55234,650.1993,254.06558,666.08307,262.96713,687.0901,275.9025,700.13,282.19147,729.5439,294.95807,747.2795,300.5519,-139.53389,392.17722,-117.86739,347.22882,-90.41066,285.3771,-71.75004,250.95045,-28.167608,176.20956,0.45055562,135.2896,0.0018349860089292098,0.0,0.1808514,0,0
735.57196,278.54428,799.8973,230.26372,774.465,347.71704,837.1175,289.59103,628.8915,247.3994,646.7808,258.4344,668.16583,270.44345,681.8563,276.9297,709.3721,287.847,726.4577,292.11996,-165.30196,425.241,-143.91347,376.03256,-117.15329,319.52203,-98.78918,285.69818,-59.36912,221.3833,-31.915731,185.97829,0.0022202183169414435,0.0,0.1808514,0,0
736.05316,278.8281,801.5856,229.9115,775.0467,347.4292,837.8547,289.31097,608.93396,239.62321,629.3449,252.49202,647.40704,262.609,663.05457,269.33646,692.33295,280.60065,709.56415,285.87997,-183.99916,460.85446,-162.05792,407.5193,-141.28574,362.4354,-121.21363,327.1505,-81.51557,262.34113,-56.19672,225.9804,0.002051146110928842,0.0,0.1808514,0,0
738.0337,278.23932,802.772,228.97113,776.4445,346.8919,839.61304,288.38638,598.231,233.48877,619.5282,246.33725,638.1734,255.94049,654.81244,263.89087,683.81915,275.65384,700.19037,278.7085,-210.49808,504.011,-185.09657,446.20044,-161.32233,399.0001,-139.39328,357.92203,-98.74715,289.97598,-71.958626,258.6689,0.0020179142499868884,0.0,0.1808514,0,0
740.0727,277.435,805.0406,228.15279,778.382,346.1468,841.7873,287.78235,600.53345,230.02516,621.1111,241.91376,639.633,252.81595,655.8458,259.75592,684.69586,271.41794,701.3309,275.4687,-207.98888,509.01138,-182.92021,454.37793,-160.39418,404.45392,-138.24405,366.25565,-97.6299,298.82068,-71.23521,265.05426,0.0019965160926313356,0.0,0.1808514,0,0
742.0232,277.27148,806.9342,227.93233,780.62585,346.1284,844.0792,287.77917,613.83765,229.89641,633.4211,241.46265,651.2215,251.89946,666.4352,257.69724,695.0061,270.22714,712.5162,275.46503,-189.25575,494.42657,-165.23737,441.1936,-143.24147,392.767,-121.46672,358.09543,-81.5921,288.49,-54.376255,250.49268,0.001734907467577329,0.0,0.1808514,0,0
744.4453,277.89474,808.18115,228.17137,781.91156,345.98587,845.24133,287.81677,633.182,232.16127,651.8674,244.23427,672.474,255.89545,687.7437,262.2965,712.1612,272.46884,728.60706,278.91672,-170.78015,483.01086,-146.5118,425.51477,-118.30056,366.2459,-95.22397,327.4707,-58.11815,265.37225,-32.598965,224.25316,0.0017715205121597982,0.0,0.1808514,0,0
743.51794,277.86908,808.204,229.0491,782.24664,346.48428,845.95026,287.89484,656.18207,237.56221,671.7149,245.72122,692.358,258.2079,705.31696,264.50897,734.2892,277.0557,749.7329,281.6251,-124.213326,426.37048,-103.293396,384.17163,-77.06895,324.21695,-59.062504,290.06064,-16.976576,216.68552,7.967968,181.78812,0.001740865452664467,0.0,0.1808514,0,0
744.42126,277.82568,808.51733,228.81248,782.63965,345.7789,845.9618,287.99884,682.3871,243.11122,694.5086,251.8545,714.99866,265.65503,728.747,272.40466,755.39325,284.82022,773.15155,289.74158,-84.18301,377.50323,-69.7729,338.29898,-44.511005,274.57614,-24.917507,237.48364,13.929737,166.77731,43.840088,126.42001,0.002870114787221854,0.0,0.1808514,0,0
744.12177,277.8506,808.78656,228.5424,782.29364,345.8872,846.13385,287.87238,694.2034,252.75912,704.08453,271.9877,717.9654,293.19263,728.7771,300.71152,759.6714,298.36722,777.3149,290.98843,-70.20239,335.79324,-70.96785,277.14914,-66.22986,209.6257,-53.600307,176.69011,7.8477116,130.94786,51.1178,116.44902,0.01871062506745224,1.0,0.1808514,0,0
743.6774,277.82867,808.4297,228.7712,782.46533,345.914,846.0588,287.84097,704.76276,257.98868,711.57904,279.22968,722.0463,303.2836,734.1688,312.8303,763.374,303.6542,777.9046,291.2988,-53.516376,305.52698,-62.60713,248.14665,-67.50813,181.3001,-54.906803,142.78691,9.56534,113.6692,52.160286,114.56025,0.03183090854673137,1.0,0.1808514,0,0
744.2063,277.5877,809.21094,228.71059,782.9045,345.31122,846.3238,287.40674,707.9168,258.71637,715.08185,280.1001,726.1719,305.10916,738.1448,314.0942,764.54785,304.59818,776.5806,292.18176,-48.949387,298.7137,-57.651997,240.75575,-62.57214,171.16428,-49.873005,134.0449,9.362017,110.06119,46.88983,115.35104,0.035673160869542676,1.0,0.1808514,0,0
743.7943,277.74564,809.2404,228.18541,782.80206,346.37747,846.4144,287.58163,703.06757,256.70618,712.81085,277.0383,727.30347,299.62814,737.1596,305.97034,765.13684,300.1759,777.5254,291.65634,-54.47466,308.87854,-57.139786,250.05222,-53.417053,180.77353,-41.922718,152.4629,16.33726,118.68931,50.030437,115.28607,0.02446748250481916,1.0,0.1808514,0,0
743.8248,278.12286,808.6836,228.86618,782.8915,346.07877,846.35645,288.24435,690.26086,250.33578,703.5157,263.52362,738.8408,281.4313,748.22516,284.31796,762.64655,292.2625,777.6077,291.4778,-72.37416,344.89316,-61.193417,295.28012,-13.284425,201.01071,1.6241094,179.70529,20.741735,139.3775,51.20851,115.88766,0.004370722969320802,0.0,0.1808514,0,0
745.72003,276.92865,809.0321,228.30078,782.88556,346.0461,846.2696,287.99988,674.56274,244.78642,687.46747,253.57921,705.73096,264.53342,718.47424,270.70715,746.97736,281.43454,762.55634,287.68256,-109.723976,389.3806,-92.71069,347.99454,-67.358826,293.35226,-48.270912,258.73993,-2.3583417,188.1396,22.377687,148.63136,0.002355485153270387,0.0,0.1808514,0,0
743.7242,278.38928,808.2571,229.33536,781.959,347.49286,845.7594,289.2501,645.28937,239.27577,662.50494,249.0927,682.7892,260.585,695.6792,266.595,723.36053,277.1474,740.9386,282.22092,-148.94238,439.9889,-126.07331,391.72632,-99.062454,335.04254,-80.62549,301.891,-38.421837,235.45879,-9.630241,196.34543,0.0020383412827001493,0.0,0.1808514,0,0
744.3529,278.743,808.8737,229.837,782.457,347.67108,846.17957,289.371,625.62225,233.14203,645.324,244.63615,663.0983,254.04672,677.67474,260.2983,706.0715,272.07883,722.5515,277.60318,-179.778,484.82272,-154.08577,429.2606,-130.0359,381.36127,-108.899216,345.33752,-67.04032,275.54935,-41.204636,237.56763,0.0015305460010950666,0.0,0.1808514,0,0
744.1838,278.32916,809.1816,229.52824,782.8823,347.9804,846.77795,289.7256,616.2674,228.43939,636.0871,240.12662,655.8792,251.77817,669.31757,256.7189,699.7111,267.3198,716.1902,271.16824,-189.42087,500.32977,-164.36806,445.86148,-139.28992,391.42017,-119.49244,361.044,-73.59102,292.7376,-46.406372,259.2787,0.002419451125099765,0.0,0.1808514,0,0
744.7354,278.22308,810.08673,229.86511,783.5887,348.1389,847.277,289.7582,617.1472,225.3924,636.1384,236.19408,657.45557,248.81888,669.1605,253.84283,701.2841,264.97552,718.5444,268.54294,-181.5112,499.21548,-158.01936,449.51102,-131.9134,392.20572,-115.77889,364.8453,-68.27927,294.4619,-39.77222,261.07593,0.0024724713150376595,0.0,0.1808514,0,0
746.2153,278.04642,810.92676,229.07613,784.5051,347.8191,848.03143,288.9172,628.47186,225.81355,647.23755,235.63039,662.691,246.67612,677.0264,252.13605,709.2713,264.02182,726.07495,268.75208,-169.55843,493.292,-144.45659,444.06546,-126.37426,396.5078,-105.20819,363.3134,-56.542747,288.48224,-29.278656,252.07286,0.0022472892214662307,0.0,0.1808514,0,0
747.4599,279.05588,811.6897,228.94917,785.1279,347.41818,848.95905,288.43372,643.07513,227.74783,660.1473,238.39456,681.6858,251.21603,693.74695,257.38528,721.9954,268.56638,738.55927,273.18454,-150.75737,485.99332,-128.26709,433.82178,-99.44273,369.7632,-82.351295,336.33005,-38.931053,265.30276,-11.249612,227.67908,0.002368697975724375,0.0,0.1808514,0,0
746.6449,279.30374,811.9082,229.6143,785.3774,348.14532,849.5678,289.3408,668.0881,231.6171,678.503,239.35101,699.2241,254.69197,713.19025,260.99442,743.8676,276.395,758.88947,279.8881,-100.155014,429.03958,-88.289925,395.3903,-64.7359,328.8285,-44.754494,293.12424,-2.2133372,210.72533,23.26473,178.71509,0.003055274243520103,0.0,0.1808514,0,0
747.05914,280.96335,811.73376,230.53824,785.6267,348.23016,849.44836,289.9502,687.05,237.07582,700.92633,247.90413,721.9849,260.90878,733.861,266.92865,760.2547,282.1143,777.7949,286.88464,-68.77686,395.93362,-53.501923,348.76654,-26.706701,285.29575,-10.14261,252.43462,24.687313,175.33652,54.12868,135.22527,0.002306628433627512,0.0,0.1808514,0,0
747.15814,279.01953,812.7972,230.05644,786.3042,348.41742,850.3067,289.3429,702.9627,243.2774,716.8816,259.55707,737.1119,278.63937,750.4896,284.17694,776.48737,292.54535,795.54144,291.77783,-46.141254,347.11572,-36.763287,289.3333,-18.62015,216.63142,0.8032184,183.7877,41.742577,124.04496,80.551895,93.44859,0.008006688199353714,0.0,0.1808514,0,0
748.0507,279.54486,813.6981,230.22794,787.4221,348.24527,851.429,289.61212,717.0871,249.65802,725.90497,271.5038,737.1566,293.61234,748.962,302.3595,778.9928,300.7148,796.6572,293.1147,-26.653547,313.91525,-33.21987,252.0094,-35.37075,187.78564,-22.686703,151.23482,35.949085,105.55545,79.76301,91.13782,0.022695572165744908,1.0,125.0,1,1
749.6097,278.43353,814.8958,229.72037,788.4395,348.047,852.6004,289.01233,726.49274,251.65678,734.02563,274.78583,742.9901,299.38345,754.6318,309.33755,783.8307,304.12103,799.46106,291.85315,-16.040636,295.8632,-25.966497,232.51122,-34.281727,166.70065,-22.798496,128.18146,38.156784,90.88935,83.46605,89.256294,0.03287818830638388,1.0,125.0,2,1
751.0443,278.06738,816.00555,229.20393,790.06494,347.28735,853.7061,288.3682,726.9998,250.72699,736.0199,273.6495,746.5639,299.10638,758.523,307.36337,785.4996,303.6289,800.26245,291.32428,-16.908535,298.46854,-24.051697,233.38022,-30.675035,163.29446,-16.94937,127.511086,38.527924,90.50785,82.345406,90.245995,0.030534364804934974,1.0,20.9863586,0,1
751.06415,278.75394,816.6458,229.28894,790.75116,347.20288,854.6302,288.7904,718.561,248.30931,730.8495,268.98096,745.95703,288.19287,757.01965,295.88205,784.7062,298.01382,799.58105,292.6118,-28.557497,317.18713,-27.634274,252.69843,-19.92554,188.33257,-7.489391,154.83612,43.127903,105.02664,79.009796,90.81347,0.016295680060962017,1.0,20.9863586,1,1
750.8594,279.68027,816.0526,229.25948,790.2532,347.47134,854.46027,289.19785,702.5267,241.13011,718.7005,252.23668,738.28284,265.00806,751.7968,272.7016,777.3831,284.75296,793.7772,290.09802,-50.69788,362.4089,-31.653776,311.75305,-7.9014974,252.07152,9.743971,213.35202,46.15842,145.1964,72.487206,106.185196,0.0024323323748816554,0.0,2.3020258,0,0
753.3453,280.7687,816.10455,229.46397,790.04254,347.50934,853.85443,289.17014,688.0827,243.19606,698.8131,249.45732,716.11597,260.54834,729.0904,267.75558,754.6489,278.51877,772.51196,285.10184,-94.45037,403.8545,-78.68526,369.4324,-54.63433,312.2188,-35.611393,272.41458,5.2604275,202.59595,34.639683,156.2935,0.0022713944521840436,0.0,2.3020258,0,0
749.95306,278.55203,815.63385,228.73416,790.08154,347.55756,853.94635,288.4987,658.653,234.41852,674.1711,243.45872,695.5692,256.48056,708.7841,263.0127,737.7711,274.85126,754.7228,279.6626,-121.5738,432.2056,-102.80384,390.02274,-77.337204,330.3162,-60.000477,296.551,-18.909618,226.97516,7.8365793,190.06546,0.0021566198808181964,0.0,2.3020258,0,0
752.7614,277.89505,817.1658,227.60701,791.13196,345.92697,854.4642,287.51022,643.98926,230.43573,661.8029,241.43683,682.46436,253.25027,696.31464,259.56354,724.42255,270.3038,741.6043,276.6849,-157.79872,475.50992,-135.51808,423.76642,-108.72049,365.81433,-89.102554,330.42477,-46.81511,262.54382,-20.47427,220.97386,0.0018826759425297236,0.0,2.3020258,0,0
753.3675,275.93802,817.90546,226.80602,791.6994,344.86032,855.02594,286.46857,637.05664,226.69185,655.48615,237.92746,674.87604,247.88365,687.33466,255.21994,718.9495,267.50244,734.9853,273.18423,-169.39296,486.01382,-146.31372,433.76886,-120.24801,382.94498,-104.31673,348.02588,-57.39895,272.87607,-32.705364,235.4193,0.0017000123259888484,0.0,2.3020258,0,0
754.45105,275.27493,818.81464,225.94456,792.2989,344.15106,856.0474,285.64948,638.78143,225.00812,656.82733,236.05127,677.46155,246.61629,689.4228,253.62047,720.5948,266.09937,736.70685,271.86496,-171.96686,494.86078,-148.37852,441.7476,-119.545364,385.9707,-103.6554,351.58548,-56.497433,274.84335,-31.221895,236.3659,0.001607707555691697,0.0,2.3020258,0,0
755.4489,275.2753,819.5697,225.02269,793.3228,343.37772,857.34314,284.5843,650.4537,225.86333,667.3274,236.6433,689.02637,249.41148,701.6156,255.20335,730.4092,266.96573,746.73846,272.57132,-154.86884,485.40622,-132.64429,432.52722,-103.21856,367.64426,-84.609024,333.9117,-40.52047,260.12924,-14.32475,220.5483,0.0020448350337621485,0.0,2.3020258,0,0
753.83276,275.83304,819.198,225.46896,793.15015,343.92447,857.26666,284.6305,663.6136,226.80696,679.2448,236.12943,701.5701,250.84276,715.4655,256.6086,744.8185,270.4163,760.8085,274.94238,-117.51948,450.08737,-98.1135,405.10928,-71.79351,337.6376,-51.90235,303.2132,-11.259153,226.27997,14.40959,190.41194,0.002030314593742253,0.0,2.3020258,0,0
755.35803,276.6398,819.2695,225.38235,792.73303,343.48047,856.80145,284.7775,689.98517,236.31477,700.6626,242.902,719.0091,254.4042,731.8039,261.62778,759.5153,274.0591,776.3666,280.28275,-87.14064,404.33963,-72.72848,370.53967,-48.329674,312.4298,-30.565449,274.0041,11.270129,198.35835,38.183857,155.3471,0.0021032704542801287,0.0,2.3020258,0,0
753.2776,275.67688,817.9857,225.41068,792.01355,343.49536,855.8363,284.66733,704.2802,236.56917,721.77686,248.02576,739.7824,260.67487,753.84546,268.25674,780.0757,281.71957,796.92377,286.9128,-52.508133,367.01233,-30.889301,312.63248,-9.664544,254.9382,9.432954,215.05196,45.898014,141.97556,73.53196,102.026344,0.002299552233489114,0.0,2.3020258,0,0
752.17456,274.28305,817.4019,225.18794,791.4753,343.36536,855.07666,284.16248,722.1448,242.1985,735.81323,255.82918,749.61475,271.42346,755.78937,272.47806,803.4231,289.4954,813.5032,292.17825,-22.818584,318.0325,-11.300915,266.064,-1.7851303,210.20111,8.913915,198.04092,83.30613,82.8196,100.539185,59.74278,0.006847863701741797,0.0,2.3020258,0,0
751.8986,274.1273,816.4714,225.25502,790.7797,343.38812,854.03125,284.47046,731.4516,249.38828,742.60724,269.51846,755.5788,288.55307,767.7597,299.03928,797.6702,299.69498,814.88226,294.34213,-12.913325,287.01535,-12.994722,224.7997,-8.4556,163.79645,3.5793588,122.593376,61.255333,70.980576,102.66972,51.648712,0.01712210480887798,1.0,2.3020258,0,0
751.2771,273.8162,815.8013,224.85405,789.7408,342.91156,853.3988,284.02713,734.211,251.78491,744.36633,272.96378,757.19037,294.3734,769.07654,303.2235,798.7312,301.82593,814.23456,293.28046,-9.53366,276.36987,-12.542647,213.06367,-10.597852,147.22832,2.7316966,109.802025,62.225853,62.51952,103.94832,52.55181,0.021285688092937252,1.0,54.9450531,2,2
750.8524,273.61508,814.849,224.20374,788.8688,342.25244,852.46277,283.5395,731.1743,249.07674,742.4061,269.067,755.8142,286.12585,767.59247,295.8842,798.2521,297.23123,813.7492,292.7409,-12.293056,287.26486,-11.770466,223.90628,-3.8606243,165.12875,8.6057,125.23916,68.09444,70.07021,105.246185,51.873787,0.016056556160730567,1.0,21.344717,0,0
749.5581,274.4738,814.18677,224.41849,788.5679,342.12375,851.91626,283.35526,723.11304,241.01344,738.81085,254.33176,755.0155,265.25705,767.9339,273.4379,795.0608,285.14923,809.5197,290.74292,-14.080159,317.15723,1.7022841,261.61212,21.126642,210.7942,37.214504,171.451,77.64142,100.06233,100.1989,62.97992,0.0034581086246115193,0.0,43.47826,2,2
749.32916,273.99832,813.4093,224.22102,787.8467,342.36182,851.5245,283.3363,707.1136,238.29602,724.31287,250.42609,742.8553,262.23773,757.86755,269.60196,786.97784,282.5959,801.55994,286.38046,-44.345787,350.1615,-23.438,293.84006,0.30311,236.50679,21.916393,195.13898,65.32923,117.66248,90.45202,84.36122,0.00259812632014018,0.0,43.47826,1,1
748.0064,275.83472,812.75287,225.00102,787.1657,342.79498,850.7005,283.94617,687.6313,234.31409,702.9018,244.61325,724.5439,257.67493,737.62866,263.46704,765.32355,276.5439,782.81573,280.85135,-69.85817,389.97455,-51.92987,342.27527,-24.858475,278.1579,-6.10239,243.94,32.94092,169.22656,62.535587,129.95363,0.0023128795230172683,0.0,2.5604916,0,0
748.09534,274.3342,812.40295,224.48946,786.39557,342.69632,850.10767,283.8796,668.7425,227.84581,680.8192,236.53171,702.44916,250.08472,717.4085,256.48767,749.97833,269.98584,765.49164,274.0419,-105.560394,433.27844,-91.04357,393.78824,-63.164143,328.15216,-40.82304,289.61224,8.556154,206.24254,34.94267,171.36578,0.0025531894232782805,0.0,2.5604916,0,0
747.6654,275.41995,811.6377,225.19963,785.18945,343.16248,848.8252,284.57355,648.67303,222.1889,666.22095,232.11441,689.5471,244.87518,701.91583,250.18842,733.2851,262.1259,747.99133,267.2746,-139.29369,484.70233,-114.983826,432.8436,-82.332375,365.14615,-63.545025,332.67612,-14.082647,253.53107,9.730803,217.21672,0.0016282113878649624,0.0,2.5604916,0,0
746.19745,276.03406,811.00934,225.71295,784.4239,344.0206,848.1814,285.2268,638.9733,217.1646,657.39606,228.601,680.6853,241.58316,693.1581,246.70854,722.9524,257.30484,739.23047,261.21918,-143.40118,501.20685,-120.221855,446.69763,-89.43357,381.15536,-71.03785,350.11932,-24.914629,278.95047,2.6879148,243.69531,0.0023836418870107007,0.0,2.5604916,0,0
744.98737,276.6733,810.0252,226.41791,783.4877,345.0366,847.0014,286.00424,634.63464,213.15405,654.4793,225.62825,675.9067,236.69435,688.7286,242.16106,718.45044,252.9863,735.00653,257.5057,-141.83818,510.57812,-117.676476,453.00223,-89.11563,396.0967,-70.73761,364.4267,-25.625517,294.18286,1.5922519,257.72128,0.002113542484545571,0.0,2.5604916,0,0
744.2689,277.7276,809.114,227.49542,782.70026,345.84192,846.1117,287.18643,639.94934,212.60658,657.0783,222.96169,679.36487,235.37033,691.23755,241.083,721.3491,252.28761,737.6295,257.4561,-130.1747,507.05704,-108.6345,457.8265,-79.40861,395.94968,-62.82863,364.85764,-16.802992,292.55,9.472307,254.80353,0.0020354132578343314,0.0,2.5604916,0,0
744.5233,278.952,807.54517,229.15572,781.5577,346.57855,845.439,287.87643,646.32635,211.94626,664.07837,222.26987,686.2888,235.75964,699.3811,242.30841,728.958,253.96915,745.37085,258.88403,-131.84584,535.72864,-105.16299,477.22247,-72.91456,403.7186,-52.66946,364.50925,-3.9385006,284.41516,24.729494,243.89192,0.002077673596732301,0.0,2.5604916,0,0
744.02606,279.1512,807.3677,229.312,781.5418,347.44806,844.3442,288.90924,673.35175,223.38425,681.72736,229.09492,700.72516,240.81694,712.9578,246.7774,740.1604,259.2016,758.54095,264.59924,-81.996254,444.18903,-71.17154,416.9242,-45.40923,358.25354,-27.137087,324.26288,14.520463,250.39388,46.300526,206.89606,0.002511686529189763,0.0,2.5604916,0,0
742.11053,279.84354,806.41675,230.39691,780.9234,347.7562,843.4705,289.20624,680.208,222.34436,697.7459,234.33641,717.0574,245.60397,729.22687,253.48253,756.4375,265.50775,773.6471,271.05347,-56.984886,426.79483,-36.058163,371.99823,-10.80907,315.95764,4.3052363,278.69806,44.82788,207.2667,73.35152,165.89009,0.002290254915829261,0.0,2.5604916,0,0
742.0402,279.62714,805.50635,230.88583,780.3753,348.54724,842.94775,289.70828,699.0418,227.2834,716.231,239.76515,734.58527,251.60384,747.1552,259.58173,776.2993,273.11703,790.62415,278.71344,-28.45291,390.37747,-7.426662,332.6199,16.57355,274.84476,33.10844,235.70122,77.38603,155.982,100.60459,118.83115,0.002360602734985995,0.0,2.5604916,0,0
741.7709,279.7675,805.6945,230.7873,780.0269,348.0187,842.57605,289.94467,710.8422,238.31538,722.80396,258.51242,739.1629,279.22476,750.2239,284.60938,779.85156,286.90372,796.7482,282.18594,-15.497233,342.7603,-14.020167,277.39282,-4.5323386,205.43852,11.31717,175.71782,68.53304,120.5558,109.793526,100.77766,0.014670222559279793,0.0,2.5604916,0,0
740.7182,279.3989,805.17053,231.07951,779.8892,347.5666,842.4352,289.81937,719.08844,243.7345,727.9811,265.97797,738.7356,285.6037,751.7394,297.01486,782.76337,291.7878,796.0373,283.19193,-2.2478366,313.37543,-9.771128,249.3287,-10.651412,189.99522,1.722032,145.22633,69.0979,104.05626,107.38982,98.96968,0.025217625277127082,1.0,51.1508942,2,2
742.62354,279.1949,805.72565,230.62463,780.0023,347.47583,842.64886,289.04968,719.3877,243.4228,729.6244,265.7,741.8044,284.43408,753.9311,294.6371,783.3893,291.234,797.04266,282.85098,-7.5609465,321.0059,-11.364643,251.85887,-7.350935,189.98834,5.6611896,147.81256,69.33502,104.018906,108.41903,97.355705,0.022520010381332722,1.0,47.393364,1,1
742.3737,278.73798,806.677,230.05302,780.7417,346.74817,843.66095,288.51538,712.71375,238.01117,726.0157,255.04025,740.1437,275.32217,747.5133,276.03445,785.8218,281.5645,798.4397,281.18268,-13.367271,339.96286,-5.9202557,279.1631,-0.5926286,211.05728,13.097384,197.41464,84.17235,120.425674,111.12725,98.953735,0.012555805345923134,0.0,29.4117641,1,1
743.7509,278.3305,806.86584,229.41515,781.59576,346.64407,844.31635,287.8134,697.1549,230.41309,714.40497,243.17235,731.0599,253.98775,743.9845,261.13834,768.5181,271.45715,780.73206,276.33017,-41.383785,389.08847,-20.24959,329.52896,1.6242518,276.1752,19.922052,237.8648,58.44175,172.52542,77.99473,140.48083,0.0029113528810625383,0.0,0.3049152,0,0
743.64813,278.47272,807.4757,229.08015,781.739,345.8294,844.67096,287.7166,678.95966,226.53592,693.4715,236.5677,711.80316,248.62344,724.1553,255.61575,757.6019,273.29636,773.1681,277.58652,-70.90812,424.39825,-53.06921,377.30975,-29.94665,319.4934,-13.144018,283.2162,33.852192,187.64655,60.5164,151.49725,0.0021625032290708062,0.0,0.3049152,0,0
744.14,277.75595,806.96954,228.56865,781.31793,344.84036,843.78204,286.76596,652.6558,216.55473,668.6297,226.07877,692.37494,240.91805,705.07574,247.52148,736.13666,261.57355,751.87396,266.80746,-118.48051,497.34155,-96.267296,447.511,-64.13998,372.1641,-45.61827,335.2709,1.975311,249.98703,28.333292,210.9277,0.0017975134151083283,0.0,0.3049152,0,0
742.72595,277.5375,806.695,227.60628,780.8373,344.31284,843.5486,286.05942,639.0971,210.50743,656.78406,221.51202,678.77985,234.46425,690.68774,240.40216,721.0068,253.40195,736.7065,258.6207,-128.05537,518.7853,-105.78764,465.50504,-77.28662,400.86966,-60.679234,368.29443,-15.740988,289.57413,9.515826,251.75452,0.0018873632126765437,0.0,0.3049152,0,0
741.71014,277.03296,805.3591,226.5216,779.97253,344.0752,841.9898,285.20377,630.6503,203.21132,649.15137,214.67299,670.921,226.83443,683.61725,233.73566,712.8369,245.72383,729.528,251.55717,-133.60585,542.0625,-110.6746,487.49588,-82.19139,426.07578,-65.2737,390.4727,-21.725801,316.6443,4.6848063,276.0979,0.0017804133648391287,0.0,0.3049152,0,0
740.5863,276.358,804.08514,227.2237,778.99945,343.8437,840.8729,284.99258,629.0335,197.7041,647.2924,209.68988,667.7429,221.83734,681.05554,227.6598,711.607,241.3731,727.91235,246.6068,-130.55963,556.6912,-108.26721,500.41168,-81.96678,440.42035,-62.60771,406.2604,-17.995247,326.02866,8.517243,287.45914,0.0019307965318377525,0.0,0.3049152,0,0
740.1384,275.20697,803.59216,226.11891,778.58,342.53915,840.94434,284.40704,633.3176,194.34357,650.481,204.77773,670.6107,217.7369,685.4015,224.48169,715.75,237.05052,731.11993,242.96213,-121.97784,560.3716,-99.42452,508.0557,-73.750786,444.92923,-51.901443,405.38678,-5.276985,326.6518,19.103125,287.4446,0.0019174197040447577,0.0,0.3049152,0,0
739.79114,274.29868,803.50226,224.61708,778.5064,341.3768,840.68536,283.31387,642.2568,193.11166,656.0581,202.87653,678.4672,215.80644,691.8825,222.43756,721.3062,236.28143,737.1377,242.29192,-100.484985,540.239,-84.29614,495.83105,-54.823196,430.73553,-35.858524,394.20923,6.9465284,314.95477,31.95648,275.11322,0.0017129833448070008,0.0,0.3049152,0,0
740.66754,272.93307,804.16113,223.7863,779.1115,340.599,841.74536,281.90747,665.4329,198.50134,670.2719,204.28618,689.0175,216.90741,703.03864,224.38509,730.0571,237.69783,747.0047,243.85043,-67.58602,499.5035,-64.150314,476.9036,-40.37738,415.24698,-20.471552,374.1814,19.203592,297.5977,46.838657,254.51651,0.0030462303231068187,0.0,0.3049152,0,0
742.06384,272.03552,805.3903,222.87224,780.11176,339.25516,842.7074,280.7333,672.2572,199.77788,685.2845,209.62648,704.86316,221.18375,717.46606,228.79684,744.48016,242.42592,761.39105,250.17528,-59.73586,488.05807,-44.172215,441.69348,-17.304102,380.68912,-0.25390843,341.09515,39.403957,262.82214,65.233376,215.55156,0.001662300070239928,0.0,0.3049152,0,0
742.5137,270.5339,805.98865,221.27513,780.67896,337.81738,843.6523,279.2668,686.9011,202.53548,703.97705,215.42836,722.343,227.8333,735.6489,236.37367,762.7092,249.69237,777.99585,255.88533,-35.47415,455.16537,-15.065036,394.02792,8.346581,332.6064,25.716084,289.5013,65.78788,211.71288,90.113716,170.75575,0.002433676201349862,0.0,0.3049152,0,0
743.1046,269.2214,806.85986,220.19739,781.4041,337.16086,843.91327,278.57828,696.8066,210.38112,709.22784,229.5531,724.273,248.47206,737.2139,256.357,766.30786,262.63232,784.2055,259.55463,-26.68003,411.0672,-23.086319,344.898,-14.146243,276.81677,2.7000914,237.9382,54.15076,175.10555,95.26897,150.62727,0.012539322853016286,0.0,0.3049152,0,0
742.9404,269.58276,806.68536,219.62286,782.00806,336.5863,844.11633,278.0551,702.9605,211.22804,713.9364,231.98972,727.54126,253.26755,739.0223,261.06155,768.5209,263.97375,784.6847,259.88116,-11.941773,397.20276,-14.014712,330.84454,-11.504538,260.82797,2.053488,224.85075,57.473248,168.46017,95.99284,148.89458,0.017433768006676696,1.0,0.3049152,0,0
743.52997,268.68677,807.02527,219.74045,781.90857,336.73227,844.1786,278.02194,702.4039,206.07832,716.342,226.18488,732.2009,244.82892,742.6974,251.73314,769.33844,260.06378,784.8379,258.71964,-11.956547,412.8301,-6.5209017,341.18625,4.266167,271.72812,17.498772,238.70465,62.093117,174.95952,96.29095,150.74545,0.011995934022706411,0.0,0.3049152,0,0
743.8501,268.93018,807.89874,219.59195,782.535,336.56323,844.9738,277.8547,695.8485,197.80054,712.0117,211.57462,729.37836,225.16998,741.39,233.82585,766.6901,248.99144,781.1086,255.49065,-14.827142,442.27945,1.9556549,382.95602,21.293165,322.46384,35.518726,282.4891,69.2245,205.24136,91.226456,165.74236,0.002798883847912173,0.0,0.3049152,0,0
744.72687,269.25714,808.1561,219.4548,782.84534,336.07996,845.74536,277.2492,680.5474,192.36044,694.747,204.40688,712.7705,218.58319,725.95276,226.2971,751.71625,240.87865,765.4253,246.36237,-42.36494,493.27853,-26.913948,438.33725,-6.279347,372.3426,11.78298,331.04395,47.525555,251.857,69.3183,215.07048,0.003074909466574362,0.0,0.3049152,0,0
745.3264,267.77603,809.4018,218.75684,784.18994,334.89664,846.4517,276.4927,695.2971,212.47655,705.54144,219.6658,730.963,232.48659,706.3029,220.14767,736.0523,235.15561,748.5928,239.69676,-35.561283,406.21964,-23.557999,373.14023,12.06274,302.65622,-22.606892,370.80692,19.127954,288.20038,39.051006,257.10608,0.0034977576728218245,0.0,0.3049152,0,0
746.63806,267.7029,810.51917,217.43484,785.01917,334.62064,847.08105,275.58948,645.01434,188.34758,656.4439,195.70363,672.5597,208.0791,685.27545,215.0708,715.4594,228.75374,730.0203,232.90013,-108.97528,541.4572,-95.10302,506.84207,-77.55638,453.03998,-60.795025,417.16602,-17.404413,337.93524,6.6316767,304.78876,0.0032551184654229254,0.0,0.3049152,0,0
747.5019,267.01138,810.70624,217.34897,785.2612,334.43674,847.8372,275.18384,625.452,182.07156,643.36273,192.8893,661.36774,204.3151,675.69995,211.22008,702.74664,225.0029,718.85956,229.4125,-151.68446,605.31256,-127.27803,548.7895,-103.4019,490.78015,-82.23295,450.38394,-43.04362,372.20465,-15.453742,334.7459,0.001839085767349214,0.0,0.3049152,0,0
747.18677,267.06396,810.7272,217.2898,785.24414,334.4054,847.81305,275.20468,618.5947,177.84193,637.44037,190.58197,656.9074,202.51862,671.06287,209.04558,699.729,222.50241,715.9721,227.00883,-156.35364,619.5268,-132.74748,557.94293,-107.25747,497.7503,-86.54996,459.44983,-44.63973,380.87466,-17.288723,343.55807,0.0021865489611688524,0.0,0.3049152,0,0
747.54236,266.808,810.5624,217.76788,785.5952,334.29596,847.9283,275.2711,625.68,178.93735,645.48956,191.12779,661.5349,201.51974,674.9639,207.63557,703.4217,221.962,720.84094,227.00096,-148.02608,612.9915,-121.20563,549.6042,-100.118904,497.15652,-79.87895,460.15964,-38.370464,378.1396,-8.714398,336.98444,0.001893214365949471,0.0,0.3049152,0,0
747.26904,266.41608,810.7052,217.29323,785.8362,333.13333,847.6178,274.96106,638.06616,179.47081,654.89435,191.24283,674.26184,203.37207,687.5702,209.60342,716.82666,223.43254,732.7558,229.31375,-116.47761,574.9048,-96.67425,520.6987,-72.37382,461.82385,-53.345863,426.3985,-11.196929,347.3394,13.9608135,307.65558,0.002037655482619727,0.0,0.3049152,0,0
747.87537,266.00732,811.00714,216.9415,786.04443,333.50192,847.9429,274.83026,665.2695,187.65187,672.7946,194.63606,690.74835,207.37744,705.001,214.72293,732.3864,229.12286,748.6076,234.21129,-78.03556,518.9523,-70.548515,489.4159,-48.610584,429.39777,-28.181492,388.71286,10.941839,309.45517,38.36286,270.28726,0.0031321654144309346,0.0,0.3049152,0,0
748.6606,265.54694,812.5643,215.96074,786.64667,332.12708,849.39594,273.76083,679.09485,190.44377,692.818,201.2751,711.69147,213.83357,724.75714,222.07062,751.4307,235.41527,766.1098,241.10939,-54.222923,491.30322,-38.813175,442.2057,-15.097665,380.8071,1.8223698,339.46616,40.51252,263.1488,63.9575,224.68866,0.002592885236020979,0.0,0.3049152,0,0
749.41077,264.4471,812.88715,215.06099,787.62976,331.37122,850.2412,273.19705,700.28534,197.04955,716.8289,210.41324,734.2051,222.4588,746.8817,230.63611,774.14667,244.92084,789.611,251.91998,-21.998219,440.07968,-3.5492983,379.5944,18.011301,321.4339,34.40676,280.62915,73.66791,200.63431,97.39211,157.61948,0.002461206957682587,0.0,0.3049152,0,0
750.1535,263.95297,813.09576,214.79172,787.9807,330.92795,850.728,272.72876,715.62714,209.58821,725.0885,231.69176,737.2875,253.04556,748.31647,260.32996,778.8001,262.3496,795.14825,254.85237,-8.039188,387.34027,-14.0835705,316.79684,-13.534843,246.31406,0.42106175,211.1446,60.270855,153.61736,104.07161,140.8089,0.021234536953529257,1.0,0.3049152,0,0
751.1315,262.6541,813.9076,214.08336,788.4404,330.43213,851.1738,272.31458,723.0847,211.86354,728.11304,235.82307,737.67487,259.00864,748.2512,268.23828,778.6148,265.58353,796.3316,254.73444,-0.18868835,367.8336,-17.06693,300.48544,-23.126879,230.89084,-11.955962,192.66888,52.96631,146.10948,103.867584,138.31525,0.031119728391523736,1.0,0.3049152,0,0
752.3098,261.6689,814.12195,213.56126,788.6867,329.8287,851.68274,271.45535,722.76587,210.28833,728.1072,232.91205,738.67303,256.79092,748.6542,264.49677,779.0976,264.12146,796.7729,253.6402,-4.7105684,378.3991,-19.039778,310.58148,-23.003036,234.90044,-10.687789,200.03867,53.315067,147.31177,104.21566,138.60432,0.02915896663212353,1.0,0.3049152,0,0
750.9078,262.51855,814.1097,212.68535,789.8708,328.96683,851.893,270.85913,715.1116,205.32385,725.7755,225.12396,739.8572,247.52187,751.7384,255.22305,779.91174,257.51562,796.6312,253.3988,-4.6110253,390.4551,-6.4506526,325.77548,-4.477201,251.37868,10.128827,214.38345,64.3214,160.69292,104.4348,139.83687,0.01744195818971681,1.0,0.3049152,0,0
751.3684,261.46616,815.35474,211.67065,790.19965,328.12436,852.62476,269.7602,703.51666,194.2248,720.32935,207.42998,737.90607,220.2225,750.6111,228.61798,776.7054,241.95845,791.5715,248.93085,-17.465242,432.72968,0.8824168,373.88553,21.205677,314.94565,36.90878,274.34702,74.08521,199.53055,96.24161,157.94109,0.0025591203316932903,0.0,0.3049152,0,0
752.6833,261.00027,815.7331,211.09512,790.89874,327.38602,853.3216,268.71936,686.2851,187.70534,701.9371,199.54913,720.8328,212.1546,733.7485,219.57523,760.0561,232.80794,775.24176,237.94951,-50.195545,487.3196,-31.725046,430.89594,-7.673947,367.6429,10.088133,327.5556,48.46754,250.54375,73.782364,211.77878,0.002615519987312617,0.0,0.3049152,0,0
752.71735,259.82,816.763,210.281,790.9089,326.98465,853.60803,267.9964,679.149,183.35468,687.7513,192.18097,705.20355,203.88138,718.0903,210.87976,744.7184,224.53542,761.5101,229.72517,-60.508965,499.40665,-53.093647,463.61795,-31.442017,407.14206,-13.630411,369.47906,24.28723,293.19476,52.49719,252.69432,0.003500308578657674,0.0,0.3049152,0,0
753.0364,259.37674,816.60876,209.41487,791.57666,326.79974,853.7349,267.76505,666.76935,176.21689,675.0097,183.17413,694.11804,195.88403,707.9649,202.80272,735.2915,215.97928,751.2785,221.12894,-77.88081,532.59265,-69.190315,502.48215,-45.411953,441.472,-25.620657,402.8281,14.288086,327.122,40.927708,288.39188,0.002854627430281493,0.0,0.3049152,0,0
753.7135,258.45963,817.3271,208.5173,792.15405,325.746,854.7554,266.8086,665.2472,168.89584,674.06055,175.23839,691.4603,187.40205,705.1862,195.24557,733.717,208.43234,750.3612,213.66212,-76.405815,557.6832,-65.68123,527.38837,-44.198074,468.74307,-25.335426,427.05225,17.588097,347.874,45.80405,307.2578,0.003027852660728622,0.0,0.3049152,0,0
754.19543,258.1241,817.1154,208.58234,792.5491,325.32678,854.942,266.2781,670.662,167.18039,674.7509,169.40422,694.38586,182.08182,707.91614,189.80765,735.4156,203.18695,753.116,209.57098,-66.85508,563.8548,-60.87221,551.08435,-34.52161,484.52606,-15.308685,441.64255,26.391474,360.75653,56.040188,314.19745,0.002139286681615462,0.0,0.3049152,0,0
753.9188,258.08395,817.20557,208.33502,792.0441,325.4931,855.15247,266.29657,673.4268,162.16159,683.5756,170.3072,701.71265,182.1644,715.629,188.99872,742.9505,201.77234,759.71686,207.70546,-56.316742,575.9059,-44.196903,536.1152,-19.679695,473.24982,1.6615871,431.42947,44.209724,351.26,72.71032,306.8937,0.0026607912304992105,0.0,0.3049152,0,0
754.0127,257.94305,817.5335,208.37323,792.34064,325.6226,855.21844,266.0152,676.2898,157.77763,692.43463,170.73558,710.9422,182.74408,724.57416,190.75905,751.7628,204.3487,767.3474,209.98056,-44.649105,579.61,-25.746567,517.10974,-1.0185491,454.09973,18.078201,410.17203,58.998074,329.00003,85.25899,287.77444,0.0026102022675716843,0.0,0.3049152,0,0
753.25024,257.83032,816.60065,208.40471,791.73413,324.92493,855.0859,265.6092,686.8166,162.08017,704.78784,175.91544,723.3643,187.9959,736.519,196.2081,762.7369,209.64801,779.4802,216.17693,-25.021786,558.024,-3.1794643,487.51013,21.719156,422.0793,39.570698,377.21207,78.52189,296.2898,105.98153,250.01384,0.002339961760005025,0.0,0.3049152,0,0
752.8171,257.7568,816.3195,208.34044,790.87427,325.00336,853.7752,266.7707,703.7545,169.8709,719.6723,182.94809,738.0649,195.80978,750.732,203.91525,776.823,217.78279,792.5484,224.85042,1.4417882,494.65646,19.515343,433.77344,42.937214,369.94144,59.910263,328.12784,98.3635,249.16434,123.24929,204.59634,0.0025167759837760755,0.0,0.3049152,0,0
750.9543,258.0197,814.8917,208.5426,789.6517,325.33618,852.5341,266.72125,713.4636,180.29974,724.5262,199.83551,739.9885,218.87665,750.48004,226.0905,781.0984,233.1759,799.894,230.80676,14.983453,446.13074,14.406183,378.51797,23.39608,306.85233,36.216278,272.36017,91.127144,203.44257,134.59856,175.4283,0.013154424883007589,0.0,0.3049152,0,0
750.1133,257.5993,814.3158,208.28304,788.5164,325.23532,851.3135,266.38956,718.0276,186.32318,725.49896,207.3631,737.1281,229.65227,749.57825,237.90794,779.68097,238.36153,798.69305,230.75641,17.27933,419.81256,7.9015603,355.39203,5.7265553,283.75626,21.143188,244.39357,82.273735,192.15062,132.87225,175.75554,0.021430957612462546,1.0,0.3049152,0,0
749.35614,258.33374,813.0164,209.1871,787.30133,325.9554,850.49164,267.0637,715.325,189.90443,724.6394,210.9371,736.30615,231.49867,749.65875,239.56543,779.6279,238.55383,797.8768,231.6,9.221463,421.6822,3.8832016,352.27716,4.0705523,282.93997,21.914673,241.5626,85.35426,191.78806,133.77982,174.95966,0.01940904547629224,1.0,0.3049152,0,0
748.3779,259.24213,811.6933,209.1545,786.3806,326.04382,849.00507,267.17026,708.07263,188.75702,719.0068,202.23619,780.72046,229.69696,779.17725,227.0991,782.6508,231.19775,797.5588,231.494,-0.43345186,435.1958,6.342435,382.69476,102.48341,209.06581,102.56142,217.84624,104.66818,202.13202,136.57727,174.24245,0.005381113328869024,0.0,0.3049152,0,0
747.9553,259.10748,811.2398,209.58112,786.7444,325.45926,848.6629,266.92188,691.0598,184.73338,706.1703,196.57527,724.2459,207.13411,736.7289,212.77795,768.05444,224.29898,779.0393,226.49532,-27.373463,469.2234,-10.638489,415.03146,13.590754,359.38907,32.37386,324.8734,83.36622,243.64046,103.936386,219.05841,0.0034742146101939876,0.0,0.3049152,0,0
748.3252,258.64328,811.85583,208.86365,787.1793,325.08823,849.1128,266.7903,683.4011,190.30687,686.90076,193.43063,706.6276,205.00754,716.35516,209.42847,746.10266,221.06477,759.7247,224.24603,-49.836246,462.30127,-46.462955,449.21472,-20.662727,390.2151,-6.3973174,364.08603,39.982315,287.728,64.22735,257.20477,0.003174067395044024,0.0,0.3049152,0,0
748.94855,257.54523,813.22156,208.25447,787.4299,324.72485,850.0393,265.9058,648.6773,179.48605,665.8839,189.45967,686.85645,201.80186,698.98846,206.9928,728.7444,218.57063,742.3526,222.28876,-108.25567,538.5502,-86.05753,488.59152,-59.058243,426.93063,-41.280323,395.843,4.2132897,321.3236,27.198729,290.40707,0.0021559645651741486,0.0,0.3049152,0,0
750.0534,257.56955,813.3129,207.85524,788.59674,324.33224,850.25507,265.1046,634.17865,176.868,652.3037,188.38239,670.69305,199.35078,683.4451,204.86237,714.5731,216.10849,731.3056,219.07274,-135.1794,572.29956,-112.860245,516.6775,-89.45467,461.93643,-70.98951,428.99362,-22.905903,352.85565,6.9668684,318.48386,0.0028819312222174882,0.0,0.3049152,0,0
751.00555,256.6302,814.90894,206.75888,789.0674,324.24274,851.4438,264.46655,629.0888,175.87454,648.96106,188.35516,667.2026,199.62509,681.1049,203.41609,711.824,216.79716,728.0555,219.82878,-147.94672,579.0939,-123.20691,519.0802,-100.27376,464.35028,-77.961655,434.25632,-32.98877,354.3723,-4.437546,321.08932,0.0023512951281239296,0.0,0.3049152,0,0
751.4403,256.155,814.6667,206.28882,789.01416,323.364,851.6342,263.8153,631.47284,175.7429,650.7983,188.0228,669.83527,200.2644,682.4361,205.51624,712.90564,217.59619,729.5719,220.68568,-151.98175,592.3817,-126.331955,529.62885,-101.36942,467.8314,-82.025696,434.31598,-34.360836,354.40283,-4.153988,318.83582,0.0028249857204607435,0.0,0.3049152,0,0
751.0657,255.91777,814.69806,205.5219,789.6244,323.11392,851.46765,263.36807,643.4795,178.48657,660.466,188.85818,680.315,201.7486,693.5064,207.79033,722.3265,219.0482,739.4787,224.27356,-121.98524,547.2281,-100.878525,496.97507,-76.89708,436.13498,-58.268814,401.5756,-14.913305,329.6329,13.028465,289.4582,0.0024401206880759704,0.0,0.3049152,0,0
751.17847,255.51897,814.89355,205.68883,789.3214,322.10526,852.0223,263.08392,659.651,179.13275,673.2212,187.69766,693.5445,200.86086,706.74133,207.46867,735.85693,221.37749,753.06573,227.15744,-95.95619,531.8745,-78.47837,488.5858,-52.72984,423.0685,-33.914577,385.40872,8.521813,303.6122,36.657448,260.68616,0.0020256194392702714,0.0,0.3049152,0,0
751.24207,255.32549,815.1729,204.9578,789.859,321.1753,852.1179,262.6852,682.5742,182.92854,693.4358,191.88011,712.0082,203.61859,724.80884,211.78821,751.82587,224.57407,769.1147,230.83305,-51.881752,478.42484,-40.73317,439.6495,-17.653296,382.00305,-1.7875912,341.9602,37.188427,267.2834,64.80894,223.27632,0.0027732692439595076,0.0,0.3049152,0,0
752.48724,254.14107,815.76697,204.22542,790.9443,320.49854,853.31805,261.91446,694.85046,182.36263,711.53644,194.7178,731.06165,207.77672,742.83923,214.99413,770.52234,229.61551,786.219,235.72481,-33.001118,466.1604,-13.352248,407.48233,11.133646,342.7313,26.642395,305.40176,65.93982,223.23396,91.05948,181.4669,0.0021896437245376914,0.0,0.3049152,0,0
754.1014,253.01581,817.8649,203.41002,792.58386,319.65167,855.08466,260.97052,713.99725,187.08466,728.9387,200.46277,747.08984,213.70496,759.4454,222.23822,785.7824,234.97455,802.5687,240.56506,-4.143216,421.01736,10.542381,363.3308,31.815786,301.1296,46.82761,260.07462,85.63061,185.03134,113.84504,142.44662,0.0037941771151197017,0.0,0.3049152,0,0
756.2179,251.90573,819.1586,202.40979,794.3453,318.4618,856.7368,259.97784,728.9127,197.67767,738.44653,219.78679,750.1866,240.36357,760.05457,248.8043,790.23474,249.64624,806.81555,242.78088,7.845262,373.8614,1.283655,303.6541,1.1657178,235.98163,11.219453,200.18549,71.731575,145.23724,115.445335,130.19815,0.022220324855061778,1.0,0.3049152,0,0
758.76666,256.32544,820.5275,201.25105,795.8089,317.51117,857.9267,258.71634,740.51416,200.20154,746.2763,224.3152,755.06036,248.30885,765.9284,257.12033,794.87805,253.65282,808.2661,241.64893,32.816135,362.5625,14.199186,295.69107,2.3363106,224.8124,13.559266,184.31738,76.94191,135.20743,119.987305,134.84955,0.038127843317987554,1.0,0.3049152,0,0
759.1543,250.20691,822.1238,200.55481,797.05927,316.69296,859.56055,258.11615,744.81647,200.5244,751.67017,224.55205,760.27386,247.29605,772.7929,258.75037,798.1387,253.95705,809.56213,241.03476,29.284472,340.61688,14.5852995,270.96622,5.552501,204.4622,17.406271,157.81073,74.59309,123.10864,115.11296,130.3358,0.04071748522257368,1.0,0.3049152,0,0
760.2617,250.27469,823.21533,200.39088,798.1503,316.7931,860.33435,258.38452,739.592,198.98872,748.87067,220.88962,761.8939,240.78891,772.3263,250.02954,798.46326,248.52226,810.95215,240.92253,17.771524,353.72562,10.915882,285.64264,14.163361,218.01138,24.474573,179.60037,79.97623,136.46014,116.13236,130.23584,0.025069686069254624,1.0,0.3049152,0,0
759.9525,249.55579,823.3856,200.15038,799.1622,316.72253,861.4371,257.83862,725.80255,188.7824,740.40765,202.08612,758.73926,215.31505,769.2181,221.75679,794.5486,233.32661,810.3511,238.61296,2.7182934,398.0166,16.619589,341.2113,38.080185,278.98386,51.677124,246.17673,89.652374,175.87198,116.058266,135.9619,0.004141224487451288,0.0,0.3049152,0,0
760.67126,249.20465,824.75793,199.32492,799.56964,315.63788,862.21545,256.71863,706.7384,184.43605,724.3529,197.0079,742.2758,209.10387,754.41876,216.4894,782.0712,229.51312,797.94293,234.6054,-31.93058,438.97437,-11.46289,379.8675,10.118823,321.55746,25.68965,283.9853,65.91476,206.82022,92.25469,167.43439,0.0026975219405490254,0.0,0.3049152,0,0
761.05475,250.40118,824.61615,199.9232,799.51294,316.65552,862.2494,257.8714,692.83344,182.20827,704.0813,191.61104,723.21875,203.24335,735.2869,209.8612,763.00635,222.00276,778.9477,227.31659,-58.09693,473.75577,-46.186394,431.91098,-21.121393,371.8705,-4.5132976,335.79227,37.330513,259.95032,63.59271,219.88788,0.0029180530806102722,0.0,0.3049152,0,0
760.3961,250.7845,824.2299,200.88583,799.5533,317.48914,861.9319,258.43964,707.51953,195.93344,697.6417,189.55606,708.9476,198.64763,721.6339,205.99187,749.86597,218.17255,765.7665,222.98508,-40.88218,412.05588,-53.01714,443.17178,-41.123318,403.18805,-24.618906,365.34418,17.121113,290.52567,43.374454,252.63103,0.004203325259179261,0.0,0.3049152,0,0
759.5747,252.36893,823.3426,202.20618,798.5628,318.73782,861.3317,259.5037,667.36584,174.4988,680.3837,183.67036,701.7474,196.822,715.4569,203.70517,744.0642,216.2116,760.88293,221.35057,-92.94606,536.7039,-77.49125,492.52338,-50.187042,425.21738,-30.954754,385.9596,11.461827,308.25528,39.251904,267.45297,0.0024210760962001332,0.0,0.3049152,0,0
759.2707,253.22575,822.83356,203.39906,798.5466,319.3684,860.9346,260.68,669.5628,175.54958,682.0021,184.32356,702.5631,197.48303,716.1153,204.53607,743.70135,216.20969,760.106,221.20074,-87.0789,529.9313,-72.49879,488.09204,-47.005474,422.6011,-28.384146,383.48404,12.837636,309.97217,39.956997,270.45023,0.0027351088528716734,0.0,0.3049152,0,0
759.33563,254.52423,822.5922,204.2977,797.8407,320.49466,860.7292,261.8889,687.45703,183.78069,693.73224,190.41019,711.45355,200.79918,724.5519,208.3601,752.1944,220.66406,767.8034,225.68184,-63.124157,491.46066,-57.90345,463.8155,-33.852295,407.67654,-16.02697,366.68137,25.80256,289.29163,51.83423,250.06851,0.0030698827301411935,0.0,0.3049152,0,0
758.8398,255.82245,821.9184,205.65454,797.522,322.21478,859.722,263.0415,692.05585,183.24165,707.6847,194.55302,726.9711,206.59253,740.0855,213.69197,767.328,226.13791,782.77203,231.31085,-50.155228,484.50037,-31.533571,429.9213,-6.4846144,367.8059,11.787331,328.33386,52.58963,251.71051,78.219505,212.39488,0.0024700422310889197,0.0,0.3049152,0,0
757.6651,256.47998,820.9096,207.31378,796.28595,322.96136,858.7436,264.20816,710.3918,187.90063,728.07684,199.88336,745.79626,211.7663,759.52814,220.0952,787.2439,232.84872,802.30457,238.15572,-15.422664,444.56186,6.7989564,384.0775,29.037788,324.2629,47.258087,280.3364,89.12435,201.4665,114.113884,162.16528,0.0023770182535424564,0.0,0.3049152,0,0
757.0388,257.32755,820.06354,208.47153,795.2708,324.0753,857.5286,265.8268,730.64685,194.50468,742.9937,208.97943,795.9437,240.09947,796.9739,236.57445,805.4823,244.1703,820.22534,248.52507,20.197111,394.08237,28.44387,336.63443,101.19333,170.3077,108.07491,176.44748,116.27798,143.91704,142.3192,107.242256,0.003322676043617271,0.0,0.3049152,0,0
756.2435,258.0143,819.10144,209.29033,794.4362,325.1123,856.6537,266.8482,743.21497,205.24606,749.85254,228.23592,759.4027,249.44257,769.81067,259.8037,802.5066,259.63156,820.7117,252.28206,35.88679,345.9935,21.723303,278.6409,16.19899,213.57997,25.12712,172.88084,92.68889,115.68364,141.39435,98.35778,0.025782143996121755,1.0,0.3049152,0,0
756.9491,260.51376,818.69586,210.34114,793.1423,326.7828,855.50977,267.62183,753.2866,207.97166,753.9415,230.64218,758.27344,254.88611,769.7742,267.59183,800.9888,264.9393,819.705,252.7112,54.9297,332.27637,28.36642,274.79984,9.109691,210.23721,18.34713,161.08893,86.47889,109.284485,142.3575,100.381035,0.037541514347218925,1.0,0.3049152,0,0
755.0294,261.16364,818.69037,211.18227,793.1338,327.43262,855.409,268.3947,756.6634,209.52397,757.5473,233.41476,761.58264,257.1153,772.14075,269.21344,800.6013,266.6735,819.56824,253.49162,64.72845,316.36142,37.148335,257.95758,17.436598,197.59196,24.364162,153.10464,84.74407,107.7196,141.91989,101.02393,0.04160389724935195,1.0,0.3049152,0,0
755.56055,261.35245,819.19885,212.29967,793.81586,328.6016,856.127,269.837,755.3308,209.64966,762.2685,232.10916,773.6992,256.61,784.9782,266.3903,805.0057,266.77557,820.20294,255.33041,60.724823,320.1815,47.482727,254.51118,41.490547,179.51987,52.69797,138.76906,93.39027,102.36885,140.75203,99.16353,0.03466974006197246,1.0,0.3049152,0,0
756.3318,262.14767,819.6,212.77455,795.08936,328.64496,856.5516,270.0616,745.3038,206.12231,757.5672,226.10721,771.62006,243.74669,782.21655,253.96742,808.11554,258.18723,821.5859,254.13387,44.417034,347.3621,45.081722,278.92654,52.2622,214.43086,61.393787,173.27489,110.14955,117.60096,144.70694,101.422775,0.01643136692758221,1.0,0.3049152,0,0
756.6221,262.21158,819.60657,213.503,794.8915,329.0658,856.7567,271.01395,730.3418,200.54343,746.696,213.12755,764.24536,224.93884,775.2956,232.13309,803.76263,245.45068,818.9717,250.0783,18.870707,389.13797,37.8763,330.46075,60.256195,271.991,74.61867,235.84868,118.46728,154.65282,145.48216,116.46373,0.003139225574750219,0.0,0.3049152,0,0
755.5684,263.44168,819.1237,214.03879,794.1759,330.04443,856.1161,271.67508,708.65936,199.1056,725.3885,210.88606,744.11743,222.67,756.5075,230.18626,784.9082,242.03217,799.839,246.39085,-19.408962,425.5649,0.5749017,370.0663,24.619247,311.28067,40.901707,272.9538,85.224556,196.83873,111.30574,160.43993,0.0028295897416962725,0.0,0.3049152,0,0
755.1858,264.19592,817.77545,215.14392,793.1692,330.64322,855.08057,272.45743,691.45966,198.17929,706.89435,209.44197,726.5337,220.33481,738.68774,228.04912,768.92346,240.22377,784.3694,244.08925,-54.01147,465.001,-35.166645,410.73398,-7.400193,350.75116,8.593307,311.35303,56.844734,230.08163,84.679146,193.67117,0.002758504842763843,0.0,0.3049152,0,0
754.77625,264.5221,817.37024,215.11292,792.4977,330.7573,854.18427,272.93716,686.1046,199.95586,697.07184,209.47728,716.2772,220.25891,729.07245,226.80547,756.9507,238.36722,774.6355,242.5094,-65.64345,466.1538,-54.046093,424.6378,-27.264181,366.76727,-8.672805,329.70135,35.224514,254.91786,67.29956,214.33527,0.0031925774772423626,0.0,0.3049152,0,0
754.459,264.5694,817.281,215.26726,792.6551,331.0781,853.5542,272.9133,686.86523,201.60942,695.04095,209.38213,715.07825,220.52112,728.12805,227.31052,756.1329,238.49008,773.1472,242.98067,-62.505592,452.603,-55.04193,421.3723,-28.094814,363.7428,-9.876356,326.99612,33.722446,254.92618,63.562992,215.50043,0.0030869914118773203,0.0,0.3049152,0,0
754.3715,264.52084,817.1503,214.91684,792.4189,330.91104,853.83026,272.51697,688.2386,200.06703,701.8798,210.19156,722.1104,221.92757,734.90314,229.10582,762.043,240.49535,778.74457,244.54324,-59.065983,458.73398,-43.151028,412.12006,-15.891435,351.00333,1.6771657,312.81744,43.76719,240.18362,73.69604,201.62201,0.0028976790552733053,0.0,0.3049152,0,0
755.00354,263.28622,817.4897,214.20161,793.06464,329.80432,854.7231,271.69037,699.2902,200.64297,716.6026,212.29901,735.58,223.70032,748.35205,231.12868,775.6761,243.12752,791.77435,247.96715,-41.22837,441.60034,-19.091295,383.7437,6.6682925,324.00174,24.260447,284.46692,66.72362,208.88605,94.77425,169.10564,0.0023827836181153556,0.0,0.3049152,0,0
755.943,262.2842,817.94244,213.44972,794.1283,328.50928,855.6195,270.45285,717.6416,202.61598,733.6729,214.11842,753.4247,226.3418,765.02313,233.13838,794.43304,246.15256,809.0368,251.60626,-8.246448,408.29068,11.58352,351.55264,38.178596,287.13516,54.18523,250.43996,100.12187,167.4409,124.33886,128.40033,0.0023712082554850937,0.0,0.3049152,0,0
756.5389,260.72784,818.9514,211.17336,795.06494,326.81485,856.36017,268.33862,736.76556,204.19589,752.6523,215.94118,771.06305,229.28683,782.8064,236.25429,811.95184,250.35771,826.1356,255.82597,27.480057,365.3363,46.181553,309.24203,68.05315,245.28413,83.94602,208.22652,127.69019,123.28423,151.02525,84.74359,0.00273954965008549,0.0,0.3049152,0,0
756.5188,258.76447,819.18396,209.65327,794.9593,324.94754,856.2817,266.10684,749.0868,210.05869,759.53503,230.15007,773.20996,249.36655,784.4026,258.7031,814.26447,261.56723,832.5863,258.05072,43.21292,326.149,39.961872,259.65134,44.449806,191.74715,55.84321,151.3325,114.410965,90.59728,158.88644,63.37184,0.016115103468375396,1.0,0.3049152,0,0
756.4644,257.2662,819.19495,208.4953,794.7396,324.21097,856.0372,265.4843,759.0531,212.44247,764.7346,235.93327,772.7744,257.7195,783.9914,268.0501,814.77704,266.90372,832.21423,257.54404,58.85514,298.9347,41.602554,233.56203,31.941439,171.04286,42.33595,129.32832,107.4022,76.11402,157.87009,63.08664,0.03045081661034488,1.0,0.3049152,0,0
756.5103,255.88176,818.95325,207.60255,794.76184,323.00037,856.2887,264.2369,763.66327,212.75694,768.14246,235.33534,775.1518,259.25613,786.08527,270.02966,815.25745,267.75415,832.30096,256.55054,67.064415,288.3019,47.93509,226.36539,33.38543,160.52658,42.664833,118.418755,105.61041,70.63982,157.61754,62.333763,0.0366706138628381,1.0,0.3049152,0,0
755.90405,255.20943,818.97,206.66615,794.24475,321.93756,856.43695,263.2974,759.95514,210.29555,768.4353,233.02443,779.5655,255.55493,791.4816,265.9987,816.96924,264.45703,832.49915,255.32246,62.517406,298.1778,51.61524,228.72398,46.845963,158.43141,58.328846,114.97155,112.89515,72.21365,158.64218,62.630188,0.027805138486367086,1.0,0.3049152,0,0
755.6107,254.63461,818.6637,205.45076,794.40186,321.2078,855.616,262.40213,747.8666,204.24193,760.62646,220.40375,816.17633,249.37013,810.4485,249.89122,819.07635,252.27998,832.6928,253.63399,44.318363,328.77515,50.71505,268.56726,130.87653,103.892586,117.807175,113.41673,133.20758,92.170204,161.19963,63.395447,0.006763052477419077,0.0,0.3049152,0,0
754.49725,255.3016,817.31244,205.54741,793.0549,321.44882,854.7281,262.83582,730.2329,202.12796,745.739,213.36389,762.10376,225.31146,774.74805,232.69919,801.7608,244.29846,816.0891,249.61719,13.846479,364.1961,32.190323,310.57538,51.337963,254.07004,68.40114,214.80605,110.38355,140.06761,133.95343,101.92456,0.003175047151394134,0.0,0.3049152,0,0
753.1633,254.42157,816.59564,205.33818,792.08374,321.68274,853.5184,262.6379,704.10156,198.77898,720.931,210.5519,738.72253,221.29051,752.3467,229.61035,778.9675,240.52252,792.98047,245.32591,-33.35466,406.11447,-13.550146,351.60037,9.3860235,297.87253,26.918749,256.31406,67.992935,186.42902,91.16751,151.10982,0.0025927125675885036,0.0,0.3049152,0,0
753.6148,254.3425,815.95953,204.87856,791.60754,320.97714,852.857,262.3658,688.8604,200.77945,700.46344,209.32506,719.1403,220.2115,731.10254,227.99304,757.3229,239.12308,775.42645,244.2996,-69.3137,431.96246,-55.568077,392.34174,-30.360876,335.65652,-15.130525,297.4644,25.151619,227.20383,56.283916,183.80405,0.002910485471408726,0.0,0.3049152,0,0
753.3506,254.21571,815.632,204.61963,790.845,320.33716,852.363,261.87534,673.1824,198.4362,683.82996,205.2091,704.1956,218.59395,717.50415,226.13515,745.986,237.53845,762.62756,242.1424,-98.70005,466.1943,-84.7536,431.96692,-58.639294,365.699,-40.32833,325.43808,4.254051,250.1563,32.944637,210.47821,0.002943602851718315,0.0,0.3049152,0,0
753.2624,254.67259,814.9227,204.14037,790.6294,320.1511,852.521,261.5982,665.8241,196.9012,679.37933,205.09023,701.14386,218.09021,713.6316,224.39427,743.6254,237.0819,759.5149,241.99603,-114.65602,494.15854,-95.5631,449.2646,-65.06962,378.3168,-46.4418,340.7878,0.8319618,257.00742,27.948671,216.89857,0.00205044287233875,0.0,0.3049152,0,0
753.4799,253.80609,815.1621,204.24188,790.49286,320.4237,851.6071,261.39716,687.2653,202.85362,689.35516,205.2395,706.5243,217.54819,719.2972,224.38254,746.957,236.89586,763.63293,241.9386,-78.36772,433.95184,-76.65962,424.44614,-55.08179,365.14285,-36.62067,326.90842,5.907428,249.49371,34.58155,208.32112,0.0036729588097224788,0.0,0.3049152,0,0
752.09644,253.86427,814.8622,204.15784,790.9947,320.16122,851.7328,261.54895,690.6563,198.09282,700.7229,206.87843,720.6668,219.15666,732.2481,226.18915,760.3607,239.40494,776.72,243.57173,-56.464283,425.57043,-46.752758,389.15482,-21.80315,329.00537,-7.1282597,294.11792,33.366642,217.32263,61.65292,179.6607,0.0032311108050046794,0.0,0.3049152,0,0
752.7318,253.48213,815.1175,204.18286,791.1623,319.79285,852.0015,260.98325,698.9659,196.3632,715.5982,208.35036,734.29926,219.9695,747.5278,228.04747,775.1892,241.20398,789.7778,246.2881,-41.69991,422.0113,-22.121664,365.7564,1.9957719,307.07208,19.241968,265.84213,60.018955,187.74284,84.09724,150.24036,0.002304071862120913,0.0,0.3049152,0,0
752.5285,253.62239,814.93604,204.2074,791.37726,319.83395,852.2411,260.86658,717.967,199.42517,734.5685,211.76604,754.31055,224.5918,764.697,231.56927,792.62463,245.44577,807.12134,251.35341,-5.6189537,383.76324,13.39277,326.04877,38.170353,262.0534,50.908863,227.88484,91.45121,146.82158,114.382965,107.22333,0.002293875034633927,0.0,0.3049152,0,0
752.3629,254.04541,814.8038,204.3674,790.8137,319.74677,851.9092,260.9728,729.96796,206.73563,742.28876,225.37027,756.46014,243.29463,769.15533,250.78925,801.7065,256.1586,816.9456,254.11932,10.814846,347.5564,13.52667,282.03625,20.723757,216.5679,37.310177,177.64622,97.652695,106.88841,132.80426,82.60403,0.012467160346176424,0.0,0.3049152,0,0
752.38904,254.93965,814.2371,204.94783,790.28925,319.9562,851.1488,261.47714,735.297,211.6396,744.64056,233.29578,755.9028,251.69449,768.7538,260.98755,797.3475,261.99567,817.0035,255.19768,16.87131,330.00333,9.893787,262.35028,10.838118,200.89278,25.683392,157.60924,83.0804,102.958466,133.79321,80.24021,0.018974117506178244,1.0,0.3049152,0,0
752.1415,255.01044,813.75854,205.00076,790.0566,320.23447,850.7309,261.406,734.115,212.39417,743.78296,233.2011,755.67255,250.50075,768.6242,259.8216,797.8986,261.7261,818.61584,254.67055,13.985482,330.28778,8.790861,263.89005,12.364668,203.62689,27.430826,159.97534,85.25196,101.93057,138.76808,77.49113,0.0169519507751371,1.0,2.0586722,1,1
751.50836,254.48427,813.61426,205.775,789.151,320.9205,850.3181,261.9807,728.08514,209.57336,740.78906,225.48721,752.14874,247.5887,769.597,248.6495,800.7902,255.73022,816.34393,255.14749,4.2014737,346.2096,11.711166,285.348,9.126777,214.27643,43.420403,181.14093,99.885376,108.722435,134.18431,80.691605,0.011107029989107307,0.0,2.0586722,0,0
751.3209,255.51025,813.268,206.23479,789.61646,321.67233,850.76337,263.09702,714.999,204.69136,732.15265,217.91628,749.32587,229.81107,762.1192,237.98392,791.2398,251.78802,804.24835,256.4868,-14.335941,381.4015,5.348768,319.57803,26.478205,261.5056,42.964817,220.10323,86.42691,136.8635,107.821976,102.739105,0.002875041138305858,0.0,2.0586722,0,0
750.7743,256.24243,812.9827,207.1699,789.19275,322.23715,849.94293,263.61868,695.3429,202.87572,711.5559,214.44504,730.393,225.80695,742.3414,233.42517,771.11786,246.55165,784.33014,250.41728,-49.08922,416.80798,-29.939222,362.1244,-5.3593216,303.72787,9.757183,265.70633,52.59027,185.74092,75.185104,153.43892,0.0025196460478083492,0.0,2.0586722,0,0
751.4412,256.44418,812.69727,207.01437,789.54016,322.53757,849.5,263.63806,708.93115,220.92226,721.2996,229.3295,709.8028,223.04338,722.58185,230.40814,749.3136,242.30338,765.8362,247.47015,-44.54127,353.56326,-29.300123,312.9885,-45.16301,347.06516,-27.956106,308.30557,12.219581,234.99728,39.927177,194.13556,0.003863691837037935,0.0,2.0586722,0,0
751.7923,256.57184,812.8776,206.93626,788.9678,321.35123,850.114,263.14807,655.65436,199.76114,670.7018,208.62965,691.0553,220.9576,703.4611,226.66513,731.6609,238.74377,747.5847,244.27489,-133.34294,509.63513,-111.97094,460.12616,-83.7097,392.986,-64.64608,356.8893,-20.485891,277.34805,5.8973165,235.5661,0.0018814182337567366,0.0,2.0586722,0,0
751.66724,255.53992,814.3771,205.8403,789.9096,321.30646,850.4594,263.10788,640.0777,196.62947,658.0748,208.06944,677.7546,219.95593,690.7779,225.70232,719.22003,236.28581,736.51044,242.34886,-146.30408,506.44672,-125.28703,453.8942,-101.50405,397.42325,-83.46289,364.5716,-41.278435,296.02414,-14.665349,254.27505,0.002259597489325564,0.0,2.0586722,0,0
752.7595,254.89804,815.022,206.03345,790.753,321.34024,851.53253,262.8557,635.4931,196.09477,654.04,207.458,671.36816,217.04893,686.1442,223.43613,716.2059,235.70717,733.9473,241.68544,-162.17819,522.3936,-138.92676,467.20898,-116.17084,418.02933,-94.90187,380.1671,-50.35728,303.90048,-22.308397,261.11624,0.001742147405575135,0.0,2.0586722,0,0
753.8796,254.98674,815.73376,205.97536,791.7061,321.2341,852.6727,263.03665,640.0288,197.29945,658.781,208.87288,676.6895,219.53491,691.2207,225.54999,719.4628,236.60748,736.8957,242.84163,-161.63106,522.36584,-137.15384,464.33273,-113.45827,410.02792,-91.555275,372.3081,-48.013878,299.9711,-20.247747,256.2863,0.001964807002498321,0.0,2.0586722,0,0
754.89056,255.96687,816.95,206.06067,792.6144,321.40317,853.33905,263.06573,650.1696,199.53409,667.86707,211.1951,687.68365,222.92108,701.27985,228.89038,729.01355,239.47865,745.1946,245.14107,-141.97116,502.54138,-120.37404,446.81772,-94.81879,387.5592,-75.05206,351.6182,-32.590725,281.20908,-6.913516,240.75943,0.0022856433274616446,0.0,2.0586722,0,0
755.46106,257.71964,816.1697,206.95207,792.5537,321.82413,853.4589,263.68964,666.3844,203.14044,680.2886,210.54546,702.80884,225.17703,716.0202,230.5301,743.80927,243.11281,760.309,249.42062,-121.67864,493.72693,-101.00841,449.64203,-70.80735,372.38248,-49.576504,335.30414,-6.665958,254.54817,20.081917,209.49918,0.0016134300317659322,0.0,2.0586722,0,0
755.5108,257.2236,816.00555,207.87529,792.4736,322.31174,853.04315,264.21024,692.8855,209.74158,703.28754,217.07326,721.33923,227.98546,733.6532,235.33356,759.4777,246.60782,776.2596,252.5735,-75.90236,426.8064,-62.34561,389.56442,-37.023228,330.12323,-19.795116,290.1724,20.939787,216.71344,49.00518,172.1953,0.0025093373932138473,0.0,2.0586722,0,0
753.8755,257.4564,815.4396,208.94702,791.8153,323.33127,852.59503,264.89932,705.0292,208.88226,721.708,220.3527,739.40955,231.82094,751.93475,238.96046,779.32697,252.95117,794.68207,257.7601,-43.150597,399.44287,-22.229574,342.44714,0.6122656,284.17093,17.848614,245.45796,57.433926,164.71906,83.526474,126.0723,0.002255907739367177,0.0,2.0586722,0,0
752.98914,257.78473,815.20917,208.51218,791.82294,323.74777,852.16583,264.91592,717.0504,215.55528,729.8898,233.27534,745.5604,252.35153,756.68677,258.96225,785.5056,264.1169,802.9713,262.008,-22.07588,356.18262,-17.095558,293.56525,-8.259187,224.49515,5.8736963,191.10107,57.29136,129.2169,96.174355,101.66255,0.012112437713602108,0.0,2.0586722,0,0
753.0844,258.12186,814.5427,208.77795,791.09326,323.4335,851.42035,264.96182,724.7897,218.17041,733.18225,239.57597,744.40314,258.92136,754.2976,267.86038,786.1204,269.45193,803.0802,262.65457,-10.361461,341.5692,-18.338028,276.44086,-18.132277,213.45357,-8.795969,176.73402,53.250652,116.15894,97.28836,99.06619,0.021944380056601688,1.0,180.1801758,2,2
752.3898,258.18298,813.7195,208.90027,789.95184,323.59415,850.64825,264.99628,725.7778,218.21959,733.04736,239.3089,743.6465,259.32556,753.92224,268.99432,785.47723,270.15695,802.31177,263.11884,-7.6327844,340.60696,-17.328583,277.1427,-18.801447,212.94472,-9.299045,173.65584,53.037514,114.17066,97.10989,97.79988,0.023860121851249763,1.0,104.7120438,2,2
750.6706,259.32608,812.3981,209.6028,788.636,324.39618,849.14056,265.8285,718.49146,215.99226,729.936,235.1245,743.4847,253.72362,754.4365,261.706,783.1017,266.60345,800.7051,263.74054,-14.09033,356.10675,-13.322449,290.88974,-7.7952895,225.00693,4.723191,188.13536,56.783295,125.765526,97.109726,99.05794,0.014838648324241348,0.0,48.0769234,1,1
749.4375,258.81348,811.13214,209.82634,787.93225,324.56284,848.1319,266.45413,703.79895,207.62125,720.2818,219.54742,737.9506,232.36278,750.4187,239.18254,780.28357,254.66556,794.3958,260.50107,-31.923565,395.17014,-12.544577,339.10565,8.121843,279.1368,25.368269,241.99829,67.96143,154.47853,90.1516,116.02784,0.002271304520600175,0.0,32.5732918,1,1
749.3405,259.5362,809.98254,210.27946,786.97845,324.99036,846.9405,266.8566,688.26886,209.66106,696.3986,215.2062,714.4303,227.51633,726.2259,234.47073,752.32104,247.10216,770.88007,252.27501,-67.566246,423.78632,-57.155334,396.09995,-34.211563,335.02374,-18.01998,297.91473,20.987638,222.37209,53.53361,177.0223,0.0031705963646489164,0.0,14.1242933,0,1
747.8425,260.59384,808.86304,211.14557,785.31433,325.45898,845.82666,267.43097,656.73615,206.2868,669.87573,212.74211,689.21497,224.83023,701.68005,230.13478,730.1616,243.22403,746.30426,249.58513,-123.05741,487.8323,-103.629166,449.31287,-77.90237,386.3056,-58.64746,351.92587,-15.701329,270.97064,9.913292,227.47617,0.0012711122361363635,0.0,14.1242933,1,1
747.207,259.43393,808.6971,210.7558,784.5355,325.8724,844.9921,267.9213,632.1939,201.33934,650.74634,211.59535,667.0207,221.88669,680.1421,227.86426,710.96783,240.1938,727.13086,244.30632,-164.92856,523.3662,-139.43079,469.50052,-118.3098,419.03522,-98.96594,383.93192,-51.369946,304.84543,-23.536625,268.29504,0.002170997733702139,0.0,0.5722297,0,0
746.2666,260.1153,808.1716,211.32878,783.7667,326.6999,844.13367,268.53656,618.9181,198.6842,637.46875,208.72784,655.4141,219.41138,671.45154,226.23409,700.2791,237.82317,716.3516,241.91061,-180.10553,541.9922,-155.54712,490.75665,-132.56494,438.57208,-109.288,398.17535,-66.17988,326.1284,-39.23509,290.75317,0.0018872091013759976,0.0,0.5722297,0,0
746.0096,260.25223,807.6348,211.16032,783.7305,326.82748,843.7835,268.40503,618.6811,195.97798,637.8737,207.51859,655.7928,218.379,672.2528,224.88448,700.4583,236.80316,716.1035,240.76811,-177.1444,549.5797,-152.77475,493.52985,-130.02165,440.8042,-105.61541,400.35773,-63.97952,328.24478,-37.703266,293.7023,0.0020728654637156636,0.0,0.5722297,0,0
745.5591,260.14948,807.2373,211.50835,783.1887,327.21793,843.6667,268.30685,629.5052,196.34186,647.4334,207.37802,665.10223,217.35538,679.19867,223.34521,708.3957,235.305,724.67755,240.16493,-159.49777,537.594,-136.09935,482.72638,-112.19237,430.9296,-91.1306,394.3366,-46.62086,318.87997,-19.53116,280.52335,0.0019859149728195034,0.0,0.5722297,0,0
745.6547,261.45026,807.2489,211.55925,783.64453,327.13196,843.37555,268.34708,647.23413,196.76596,662.282,205.93904,683.07745,217.84605,695.158,223.80835,723.60016,235.54242,740.20135,241.00517,-119.73995,508.72372,-100.83921,463.63022,-73.76561,402.81033,-56.90756,369.49585,-14.151078,295.43793,12.851756,254.62209,0.001959306787688349,0.0,0.5722297,0,0
746.532,261.46945,806.97864,212.28238,783.4714,326.96454,843.2376,268.8828,679.9812,205.4741,687.116,207.56323,701.25525,218.87793,714.3024,226.27652,740.7277,237.90155,757.4709,243.58394,-73.71347,449.4994,-61.274143,432.05893,-44.67232,379.3959,-25.99943,338.5956,15.762358,263.99182,44.41702,220.39354,0.0028346504280527,0.0,0.5722297,0,0
745.50714,261.31122,807.07654,211.98283,783.3451,326.8531,843.53986,269.05334,686.8329,200.84203,701.9451,212.221,721.49835,223.64331,732.91345,231.06476,759.88025,243.42004,774.7119,248.54247,-48.8467,439.54846,-31.238827,386.91217,-4.6511965,326.83524,10.007372,289.91846,51.08546,214.29773,76.03274,176.03972,0.0024726291150733576,0.0,0.5722297,0,0
745.26074,261.86404,806.72705,212.30283,783.226,327.58072,843.52814,268.88828,700.54596,210.25432,711.8673,229.92441,726.3049,249.81854,743.591,257.69522,768.5554,259.49176,785.4765,254.76855,-30.682312,397.16766,-30.29227,330.34274,-23.99601,259.70273,1.481238,212.07933,50.21628,163.50987,91.820175,142.6764,0.014639524018444261,0.0,0.5722297,0,0
746.0861,261.1869,806.99274,211.59033,783.64905,326.72125,843.6553,268.75543,713.4747,217.07037,719.3952,237.96353,729.824,260.75406,740.2532,269.60318,769.712,265.37958,785.46497,255.01474,-15.339888,358.56934,-27.482197,298.9355,-32.29487,229.54668,-21.422495,192.10359,43.629753,148.39131,90.121346,141.74287,0.030252715395841442,1.0,0.5722297,0,0
745.28174,261.11926,806.94025,210.84532,783.5237,325.7629,843.36096,268.48032,720.05225,217.4512,727.2234,239.296,737.0506,261.89615,747.57007,270.9125,774.8004,265.38126,785.8814,253.61266,1.2305461,340.52853,-10.351158,278.86423,-17.26117,212.6497,-6.960289,175.1534,54.91805,138.15126,93.317215,143.08466,0.037174022511365284,1.0,0.5722297,0,0
746.09454,263.34393,806.23627,211.11836,782.5826,325.94177,842.72473,268.21515,718.47266,216.98962,729.8715,239.87196,742.7305,259.31122,752.5204,267.884,775.37665,263.50055,784.90393,254.32864,-1.2902625,359.22757,-5.366677,283.79218,-2.1158597,215.33865,7.8612146,177.76286,61.30654,143.2364,93.44926,144.69444,0.028391244278086217,1.0,0.5722297,0,0
743.7705,260.2291,805.44385,211.07307,781.7905,326.17813,841.9421,267.87537,708.8868,213.53128,723.1124,231.74654,737.66254,247.31175,747.54724,253.42693,772.94,256.89026,784.57404,253.86682,-16.303717,366.53207,-8.58852,299.44263,2.6950626,239.07948,15.503047,208.3362,63.60652,155.53929,92.13636,140.8357,0.013470792954848878,0.0,0.5722297,0,0
743.2538,261.3917,804.6398,211.92984,781.2382,327.05344,841.60205,268.16406,694.1477,208.04176,710.21704,219.66502,728.4167,230.80972,741.1729,238.89603,766.85236,249.44936,788.8016,259.11676,-37.656025,410.54453,-18.299965,354.30524,5.860513,295.88568,22.415743,254.4101,62.82069,184.01215,96.78097,121.95236,0.002156744594977457,0.0,0.5722297,0,0
743.23303,261.08347,804.0196,211.72461,780.6774,326.86185,841.1039,268.27106,680.8532,207.94218,692.5051,215.99628,711.121,227.1952,723.032,233.90727,748.5791,244.4394,763.5189,247.8032,-67.67748,436.59778,-52.591785,395.9286,-26.799986,335.6398,-9.870231,298.3902,30.94473,227.79861,58.373547,192.75887,0.0031805126177554084,0.0,0.5722297,0,0
743.0345,261.15643,803.23425,211.95207,780.5307,326.70566,840.42346,268.4667,661.35333,204.08029,672.9675,210.56995,694.7342,223.65472,706.82404,230.14735,734.7816,239.9691,749.1966,243.75488,-103.70844,480.90857,-86.82213,444.16867,-56.399044,373.424,-38.73719,336.2997,8.129473,262.97702,33.97959,227.95872,0.0027099815827241235,0.0,0.5722297,0,0
743.37036,261.23523,804.79755,211.45255,781.0523,326.44937,841.5918,267.8229,646.8883,199.93225,663.837,209.81375,686.39667,221.69846,697.6671,226.45987,728.64764,237.78554,743.90186,240.89452,-123.86596,509.9845,-100.97077,457.25812,-69.18226,390.32425,-51.98985,359.70514,-2.3961108,279.16852,25.24316,244.8161,0.0022055117340100587,0.0,0.5722297,0,0
744.0328,260.70187,805.7841,210.78616,781.9209,325.8321,842.59595,267.1105,647.2851,199.3283,663.72577,209.07683,685.94147,220.76578,697.72046,225.57735,728.5125,236.4878,743.97675,239.52171,-122.352005,508.207,-100.72044,457.21844,-69.912254,391.9925,-52.01503,360.6713,-2.904711,282.01953,25.006868,247.67708,0.0023322778320686533,0.0,0.5722297,0,0
745.3404,259.72632,805.3972,210.55205,781.9886,325.78958,842.3155,267.28268,655.9476,200.03162,671.9142,207.79143,693.376,220.80148,705.55414,226.01822,735.2666,236.80133,749.0118,241.14664,-121.98037,507.32547,-96.40067,458.3343,-65.12499,386.4041,-45.15163,351.43622,5.655369,271.15176,29.914425,235.56042,0.00191748219570239,0.0,0.5722297,0,0
745.35974,259.58356,805.9655,209.93825,783.1849,324.84467,843.05444,266.488,682.72797,205.32686,691.6353,210.64668,708.93384,221.22997,721.6653,227.0206,749.8979,237.94476,765.33044,241.6436,-65.05418,437.33932,-52.851215,408.76184,-29.517832,352.81775,-10.031273,316.5509,35.67446,240.34349,63.7355,203.576,0.0028416754596575764,0.0,0.5722297,0,0
745.22723,259.30508,806.8088,209.6375,783.19556,325.06223,843.5913,266.28345,690.2041,200.61884,707.5377,212.02612,726.3671,222.71036,738.5241,228.89758,766.35284,241.04068,780.7059,244.41895,-43.48247,431.7216,-21.344198,374.39435,4.664892,316.36945,22.334156,280.5415,65.50386,202.77107,91.71706,168.7757,0.0023915172351703312,0.0,0.5722297,0,0
745.2271,259.42725,806.18317,210.4141,783.66144,325.5463,843.5653,266.9949,708.8667,203.99312,726.2298,215.84735,746.1297,227.58508,757.5242,234.11511,786.23267,245.68657,799.7129,250.62128,-8.693449,392.91266,13.27028,333.67072,40.612133,270.5841,56.483418,234.97252,102.98277,156.17079,125.67621,119.97367,0.0023710062490962195,0.0,0.5722297,0,0
745.25745,260.42935,807.17206,211.04317,783.1872,326.39957,844.318,267.4944,725.6074,212.663,738.17395,229.19463,794.0294,258.97162,791.0654,257.37146,797.3851,259.79092,813.7572,258.71265,16.336216,346.38235,22.440313,283.99615,102.173615,114.89087,97.97644,123.89182,108.236725,106.839775,145.0171,78.11078,0.007955081567598058,0.0,0.5722297,0,0
746.18085,260.0634,808.3404,210.97212,784.7596,325.53983,845.4552,267.55112,738.49115,219.94421,745.95465,241.11136,754.73535,261.22723,767.7032,271.8175,797.6394,270.1515,815.1391,258.86343,32.80579,304.9413,22.076313,242.63573,15.615638,182.64122,28.891167,137.14818,92.26276,86.427795,145.00711,77.55879,0.025966979365962352,1.0,0.5722297,0,0
746.18024,259.5433,809.42413,210.66356,785.5912,325.37985,845.9496,267.29688,748.83344,222.03027,752.3596,245.90106,760.05225,268.2009,771.2036,278.8222,801.72797,272.37418,816.43756,259.2716,50.18748,279.455,28.020378,219.41248,16.690905,158.27377,25.886305,116.88425,95.466965,75.33378,144.78502,75.47949,0.03934476897301067,1.0,0.5722297,0,0
747.7475,259.8534,809.9801,210.3585,786.61084,325.26654,847.0826,266.4493,751.5227,221.30444,754.9287,244.12398,762.55945,269.19693,773.6788,278.4733,802.4374,272.62537,816.74115,258.66602,54.635086,281.1462,33.00806,222.30376,18.061977,154.07558,28.936546,114.868034,94.438896,74.24424,143.83118,76.51065,0.04288654811827006,1.0,0.5722297,0,0
748.88855,260.2581,810.81744,210.3735,787.19525,326.08618,847.9035,267.2805,745.2074,218.91324,752.7182,240.79291,761.3907,262.59436,773.84735,271.56308,801.62317,269.76755,818.10266,258.9555,42.282333,300.57028,30.813877,236.42807,22.2243,172.9305,36.59552,131.59053,95.97788,84.36244,145.76859,75.91626,0.028859526297154783,1.0,0.5722297,0,0
748.92883,260.298,811.0571,210.71762,787.65204,325.94016,848.1203,267.09024,733.57806,210.31425,745.50604,224.74318,799.1148,261.00983,798.2925,259.11005,807.37256,258.78842,818.92816,258.1132,29.02848,341.536,35.75619,286.37753,101.25889,108.15118,102.033875,113.76881,121.85575,97.35696,147.90063,76.67254,0.009836224880645976,0.0,0.5722297,0,0
749.51746,260.1752,811.39703,210.66985,788.4728,326.13675,848.673,267.23785,715.0918,203.85365,731.2698,215.9165,749.7725,227.40019,761.4822,234.40346,789.4322,246.6856,803.84125,251.43777,-2.3778112,388.4408,16.096258,332.01215,40.03631,273.10892,55.542473,236.39093,98.55302,158.26201,123.14508,120.96376,0.0027794019248218245,0.0,0.5722297,0,0
750.27594,259.68024,812.43097,210.30164,788.8634,325.6432,849.1253,267.30728,695.44476,200.2099,712.4442,211.82597,731.0035,222.33952,744.36584,229.7571,771.6147,241.19336,787.2939,245.88611,-40.27465,426.8217,-19.788933,371.69052,5.19081,316.441,23.469845,276.76913,65.7254,203.43628,92.88988,164.75758,0.002378959011638511,0.0,0.5722297,0,0
751.15894,260.2429,813.1659,210.75906,789.3391,325.85217,850.10095,267.00412,685.23193,200.4605,699.3795,209.14502,718.0865,220.0013,730.83856,226.08553,759.2747,237.48877,775.9961,242.21225,-63.11795,452.51337,-44.662773,407.53644,-19.563559,349.65384,-0.89940286,313.32785,43.634747,236.85933,72.64013,195.9202,0.0022939541809011976,0.0,0.5722297,0,0
751.94025,260.8084,813.51215,211.2467,789.75256,326.5764,850.756,267.5641,681.7374,201.2134,692.8756,208.78813,712.89014,219.53339,725.8614,225.5364,754.4373,236.60757,770.2513,240.09174,-74.5184,464.82352,-60.26713,426.39502,-31.60757,365.02237,-11.966495,327.7045,33.957264,250.51149,62.848083,213.67418,0.0025689749903087308,0.0,0.5722297,0,0
752.064,260.58008,813.8417,210.84113,789.80646,326.46973,850.5685,267.7344,682.1113,202.31644,695.291,210.65054,715.19495,221.39888,727.54224,227.99974,755.206,239.06018,772.18884,243.43556,-74.73244,455.61093,-57.501976,413.13748,-29.462908,353.5729,-11.973054,316.74078,31.783175,242.60297,61.91329,202.1253,0.0023249443972479917,0.0,0.5722297,0,0
751.49915,261.2571,813.52704,211.20389,789.83777,326.45224,850.40857,268.18555,687.3217,205.90086,701.4707,215.06706,721.005,225.90309,734.11505,232.44884,761.1523,243.4613,778.0217,247.91147,-63.463314,435.07098,-45.89915,389.96286,-19.52319,331.88947,-0.89354444,294.43848,40.86898,222.22342,70.32704,181.97708,0.002361068272469113,0.0,0.5722297,0,0
750.70087,261.58972,812.36145,212.22995,789.2571,327.39404,849.3003,268.91296,696.06177,209.82874,712.36914,220.81306,731.69836,231.53003,744.3965,238.7023,771.6945,250.19026,787.6212,254.06412,-48.993927,410.43463,-29.094645,357.43542,-2.80733,299.98233,14.373945,261.78342,56.415215,187.94948,84.928055,150.50412,0.0024963468415936827,0.0,0.5722297,0,0
750.3572,262.24884,811.7816,212.61026,788.98206,327.88132,849.37177,269.28217,712.9358,215.386,729.58185,227.34625,747.0689,238.38388,760.3679,245.7968,787.7225,257.94662,803.8204,262.74426,-20.245811,372.8602,-0.48183715,315.48187,22.007215,259.1426,40.28168,218.6425,81.87348,142.08627,109.63196,101.795845,0.002741176293831777,0.0,0.5722297,0,0
749.4335,262.4766,811.1798,212.74481,788.2223,327.99045,848.7804,269.24002,733.6318,222.4679,746.5038,233.92592,766.4811,247.2408,776.4199,253.2611,806.2287,267.05215,822.5948,272.22223,16.175991,318.84293,28.519558,269.3082,53.072918,203.36707,66.01912,172.00858,110.469025,87.08257,138.32442,45.139698,0.003454088838430476,0.0,0.5722297,0,0
750.1558,262.25568,811.3279,212.7533,788.24835,327.6142,848.85016,268.4402,748.65094,234.30975,755.9686,256.06668,768.0778,276.834,779.17395,285.9567,811.4295,282.1831,825.69006,273.7974,30.653059,266.82535,19.057837,203.32014,18.691072,136.27237,29.989912,97.15877,100.2804,44.8858,141.68666,34.649685,0.024862500571353096,1.0,0.5722297,0,0
750.74774,261.43195,812.03723,212.00847,788.95905,326.96838,849.30176,267.6485,757.23944,237.3056,761.31506,261.0351,771.1729,283.76874,781.83997,293.35883,811.2618,286.3219,826.3596,273.31738,42.35474,243.11655,21.614096,181.98488,14.4773035,115.90916,24.2746,77.148735,92.08134,36.59515,141.31778,33.924904,0.03625434397444785,1.0,0.5722297,0,0
751.814,260.11972,812.98425,211.1687,789.3519,325.93527,850.0627,266.91757,758.12744,236.70732,763.0123,259.8049,773.3465,282.89352,782.4658,290.30014,812.9037,285.092,827.0988,272.61017,41.068382,242.35753,23.082132,180.6208,16.905687,112.543304,26.473215,80.93099,94.62278,35.184807,141.26703,33.45308,0.03576796324484474,1.0,0.5722297,0,0
752.0221,258.8346,813.4378,209.70341,789.738,325.0867,850.69946,265.36853,753.6979,232.29622,763.7292,255.54294,777.0398,276.3497,786.71655,283.65903,814.38574,279.43826,827.28375,270.81525,34.880024,258.1775,27.46352,186.35477,29.788828,117.45835,40.53265,84.85565,102.117,42.05801,140.88118,34.91805,0.025537159527177253,1.0,0.5722297,0,0
751.7846,258.41757,813.5635,208.70572,790.2694,323.814,850.92114,264.62585,742.9512,223.46149,756.4723,238.11667,803.962,267.26068,805.22125,268.19653,817.1699,268.47787,827.68335,269.25897,24.031437,295.63864,33.741894,237.23299,94.886444,85.978226,96.28727,81.64319,121.032814,58.337513,142.39154,36.421177,0.007715558243184341,0.0,0.5722297,0,0
752.42725,258.2373,814.01886,208.51361,790.75684,323.70117,851.0951,265.1165,725.02936,218.00963,741.56573,229.75923,759.7334,240.53943,771.45306,247.84174,799.4166,259.1921,813.4241,263.8815,-7.8573613,339.3657,11.854474,283.07718,36.036266,226.32028,51.20088,188.93068,95.25685,112.740105,118.87256,76.31316,0.002699682650468493,0.0,0.5722297,0,0
752.06854,257.79846,814.09705,207.99889,790.93365,323.48062,851.4296,264.7164,701.2788,213.57077,717.45105,224.77118,736.7494,235.77403,749.81647,241.52983,776.9017,253.04308,792.1329,257.09772,-49.025692,386.02045,-29.989721,332.96722,-4.55673,275.15533,14.73715,239.69974,55.62288,166.43332,81.9793,129.97105,0.0024832600318936294,0.0,0.5722297,0,0
752.92413,257.7523,814.4717,207.37198,790.9637,323.10104,852.4039,263.89932,689.07745,218.07104,696.0847,220.71046,713.3905,231.6884,726.6478,237.43098,753.4441,247.61826,769.5814,253.18864,-83.40611,406.0847,-72.20628,387.30765,-49.59257,330.2378,-29.381912,293.15747,13.051858,221.6167,39.293087,179.79053,0.0020487033123956053,0.0,0.5722297,0,0
752.2127,257.14874,814.1007,206.78821,790.99713,323.26523,852.45135,263.58136,657.2039,208.88744,673.20886,218.34616,692.55945,229.90205,706.215,235.16733,736.12134,245.21469,752.0655,250.33444,-133.54924,475.61948,-112.234764,425.51376,-86.78197,365.0955,-65.82295,329.49792,-18.133366,254.72592,7.695029,215.19196,0.002331336879268366,0.0,0.5722297,0,0
752.61005,256.92984,814.1164,205.82544,790.2927,322.60828,851.46014,263.30374,645.9388,207.99559,663.9129,218.72554,683.90063,229.66617,695.85046,235.2474,725.7931,245.58072,742.13226,250.01839,-159.024,499.36728,-134.69653,442.76712,-106.78852,382.5705,-89.15096,348.94345,-40.965496,272.97482,-13.176507,233.98566,0.002309867197965045,0.0,0.5722297,0,0
751.6364,257.5196,813.3253,206.1601,789.4816,322.65393,851.0211,263.27884,649.4378,209.43365,666.2858,219.49374,686.985,232.35977,699.1231,237.51346,728.0712,246.8342,746.0617,251.31886,-150.58801,493.05063,-127.79165,439.14017,-100.556305,372.26328,-82.14047,338.91788,-34.93827,266.1966,-3.9799328,223.74617,0.0028388199487091644,0.0,0.5722297,0,0
750.6495,257.17145,811.70764,206.59451,788.7702,323.06906,850.1315,263.91302,660.477,210.65494,676.2138,219.59546,698.34955,233.44128,711.4239,238.68428,740.5593,250.59612,755.2183,255.45761,-131.77847,470.70886,-109.22078,420.5157,-79.26391,347.7354,-58.53874,312.148,-12.850385,232.72983,11.359961,195.46397,0.001979425599485759,0.0,0.5722297,0,0
750.52045,258.36685,812.1101,206.43498,788.8155,323.21518,850.18414,263.5599,690.8783,221.7982,699.34424,225.19598,716.4408,237.19136,729.69055,243.27971,757.6138,255.97688,774.0699,260.39133,-77.12438,390.6078,-64.023506,367.46786,-43.48714,308.9107,-24.004086,271.1779,17.09326,192.18643,45.020336,152.2927,0.002381782695325983,0.0,0.5722297,0,0
749.16583,256.79416,811.5383,205.89407,788.68024,322.76605,849.8937,262.84244,702.7266,219.97147,719.223,231.20302,738.43823,243.20084,751.48865,250.74178,777.6112,263.1666,794.5301,266.99768,-48.055805,362.03647,-28.727592,308.2031,-5.073663,248.2502,11.664806,208.97026,48.4001,136.0231,77.62194,97.24383,0.002679510364798394,0.0,0.5722297,0,0
749.59174,256.50763,812.26184,205.97916,788.5346,322.678,849.9886,262.9872,720.7354,233.86145,732.74884,253.00807,745.96454,270.14685,756.1868,279.56274,789.6424,278.3629,803.8558,272.19415,-30.479975,299.5576,-28.61098,236.51703,-22.311348,177.33849,-13.2967825,140.23277,53.059307,83.26141,89.35611,69.7055,0.01683612436138691,1.0,0.5722297,0,0
748.6603,257.45996,812.0445,206.77577,788.0225,323.70627,849.65546,263.73236,734.5555,240.97473,741.4846,263.7112,751.28766,287.81183,762.6793,297.09378,792.8226,286.0508,804.73224,273.59946,-8.315672,259.87357,-20.587688,198.91536,-28.566586,132.7513,-17.63824,94.8356,52.06476,63.159943,91.16349,66.34312,0.03674547890530277,1.0,28.4495029,1,1
750.1028,258.05826,811.1571,207.53775,787.68744,324.81906,848.80695,264.73273,741.2891,244.85403,746.3725,268.7536,754.27466,293.51877,766.0805,302.9156,794.0485,289.7739,804.33923,274.5395,-2.8374996,245.29243,-19.498539,183.65005,-30.735313,118.60791,-17.941204,79.276695,51.914055,54.4228,91.605576,65.63696,0.04978736512651151,1.0,28.4495029,1,1
748.47015,258.6641,811.259,207.19125,788.1085,324.58334,849.13464,264.47925,736.77814,243.82573,741.77045,267.79782,748.2559,289.64,759.1723,299.4806,750.95044,292.0122,760.7199,287.9769,-5.3637104,252.02956,-23.11113,192.40724,-35.083153,136.9136,-25.711859,98.6743,-32.70412,127.5697,-10.11597,118.55203,0.1551102521758014,1.0,6.0477777,0,1
749.7524,257.5669,811.4965,207.68481,788.26917,324.12402,849.7412,264.58392,723.359,238.40816,732.6897,259.34412,743.2073,280.02078,754.10315,288.91327,787.9171,283.49387,804.2008,273.50168,-30.894436,289.27704,-35.7224,225.9056,-37.795734,163.71904,-26.525492,126.72957,45.621094,77.84193,90.98477,68.285774,0.023483141140403348,1.0,6.0477777,0,1
748.8801,257.0231,811.6334,207.37273,788.12195,323.70322,849.4863,264.2862,710.1424,228.9923,723.5174,243.34398,744.5844,257.55667,796.3269,270.36356,794.5362,271.40176,801.81506,273.67236,-43.507126,327.29938,-33.59787,272.62955,-8.926487,206.15314,78.3691,88.31829,73.42378,89.438126,85.36971,71.53583,0.00608986678200768,0.0,6.0477777,0,1
749.2661,258.50342,811.7245,206.67963,787.9536,323.33273,848.8262,264.3851,694.48663,226.16376,707.0503,233.32419,727.8196,245.64769,741.7388,252.96416,767.5574,262.63666,783.79675,265.89862,-69.066734,364.36835,-53.025208,327.4461,-26.93368,265.05115,-8.275987,225.0761,31.276268,158.57451,59.98185,122.07674,0.0027692891220554607,0.0,6.0477777,0,1
749.62726,258.3907,810.7079,207.41508,787.3089,323.6488,848.51874,264.36453,666.82275,218.6379,678.8951,225.49886,703.3523,239.9455,716.5334,245.36125,746.4886,255.93062,763.7536,259.5895,-123.30597,441.85315,-106.25034,403.56345,-72.633896,325.46768,-52.07434,289.26926,-3.4966805,211.14761,27.404589,171.42848,0.002566244178714171,0.0,6.0477777,1,1
749.29083,257.91504,810.5812,207.26541,787.12213,323.18896,847.8798,264.49884,645.49304,215.07004,661.9625,224.8868,682.5468,235.47067,695.3282,240.7184,725.62366,250.62277,742.28436,255.38184,-158.53026,477.9156,-136.60081,426.8187,-107.55879,367.1754,-88.13761,333.22827,-39.127995,258.1636,-11.183615,218.08942,0.0021377800422214908,0.0,0.8211866,0,0
749.4848,256.35046,810.89996,206.26515,787.62384,322.30804,848.4307,263.46222,631.7843,210.79234,650.8951,220.77264,668.66986,231.09871,682.98944,236.3918,714.4565,246.52669,730.70123,250.16743,-181.55104,503.80774,-154.89665,448.7026,-131.19281,395.07684,-109.07708,359.0395,-58.577568,282.76016,-30.49862,246.57076,0.0022337031699330343,0.0,0.8211866,0,0
749.28876,255.436,811.7034,205.64099,788.0181,322.2847,848.5908,262.97006,628.26825,208.06918,647.9486,218.74698,667.0543,230.27713,681.71826,234.91284,710.75024,244.64453,727.69836,248.02399,-175.19183,494.83612,-150.46822,441.66125,-127.40289,387.02844,-105.51916,354.3523,-61.932816,287.19095,-33.50397,252.22282,0.00243077424329401,0.0,0.8211866,0,0
750.84344,254.43689,812.3234,204.55399,789.0862,321.08432,849.5119,261.8079,634.934,208.33673,653.5823,219.26605,671.176,229.10118,683.83325,235.29524,715.9468,245.17,731.0419,248.87671,-174.79695,495.8028,-150.52548,440.65915,-127.18926,389.801,-109.524956,355.2308,-58.372646,280.11115,-32.964138,246.35895,0.0026052309173571378,0.0,0.8211866,0,0
752.6458,254.43906,813.4596,204.09529,790.1884,320.61176,851.39844,261.06113,649.4361,211.22734,666.8146,222.88136,686.8197,233.62067,699.7386,238.90553,727.5955,248.93695,744.6787,255.06908,-163.57185,487.45493,-140.02847,427.38104,-110.6739,365.87357,-90.18142,330.4388,-44.748066,257.55765,-16.964329,213.0678,0.002157918154717001,0.0,0.8211866,0,0
752.9532,254.51938,815.2391,203.69693,791.21783,320.50272,852.4213,260.89334,674.5448,217.71616,686.0665,224.8506,706.72797,238.04593,719.7517,244.25671,749.5318,254.98958,763.7174,259.69067,-111.53221,415.5049,-97.0429,380.04028,-71.525246,315.6395,-53.220837,279.81796,-7.2648263,204.99509,15.329097,169.86143,0.0027113260166179132,0.0,0.8211866,0,0
754.0073,254.3405,815.80695,203.45747,792.4678,320.02356,853.5163,260.2346,696.02344,223.22408,708.4702,232.29286,727.7399,244.37909,742.5823,250.95157,768.5758,263.58435,784.8093,266.92072,-78.98348,371.319,-64.58441,328.90668,-40.32478,268.17938,-18.644186,227.63889,18.082554,154.12157,46.530132,117.608986,0.002793315394729812,0.0,0.8211866,0,0
754.9601,253.85081,817.1303,202.87883,793.485,319.31284,854.4628,259.92377,707.40466,230.97205,717.00055,248.80984,730.63806,269.49292,740.4122,276.4868,772.5282,275.37097,789.4338,269.44357,-66.7222,332.51965,-67.62124,276.48062,-63.950905,208.97414,-53.092728,177.67369,9.538094,123.52232,50.044056,105.048904,0.018123362785499277,1.0,0.8211866,0,0
755.5737,253.59366,818.1212,203.02972,794.351,319.7793,855.44434,259.71713,714.40216,232.5495,721.0306,253.00897,731.6301,276.00992,743.38824,284.71756,773.9183,280.1156,792.01154,268.71817,-55.754,316.41287,-64.863625,259.9364,-69.00654,193.68689,-56.521103,156.1869,5.353537,112.536575,54.024925,103.186424,0.026121333580910285,1.0,0.8211866,0,0
756.65906,253.80643,818.85297,203.19272,795.4855,319.86612,856.51886,259.69278,716.01044,232.438,723.1045,252.97473,733.64996,275.96716,745.6519,284.4363,775.57715,279.9975,793.17554,268.80817,-54.77668,317.44528,-63.206173,259.4949,-67.500114,192.881,-54.221966,155.19456,6.7503586,111.89551,54.400337,102.854546,0.02614781089954219,1.0,0.8211866,0,0
757.63855,253.91046,819.4837,203.20102,796.3249,319.12454,857.03546,259.69852,710.1505,228.58313,721.2057,245.91246,736.784,266.59683,746.3853,272.29,777.4493,273.21713,792.04724,269.00824,-63.809723,338.87323,-61.51997,280.8303,-54.37924,209.29643,-42.438248,180.72684,16.299479,123.776855,50.328037,105.84772,0.01576720545473283,1.0,0.8211866,0,0
759.2756,254.0046,819.6219,203.16008,796.91797,318.3542,857.5817,259.22437,702.6379,221.92104,715.29047,231.46059,733.8674,243.00468,747.951,250.62994,771.29675,261.18198,787.2064,265.77646,-78.91742,379.913,-63.72781,333.42758,-38.9714,272.01172,-19.12399,228.57832,15.9254,161.88554,42.837284,122.25435,0.002959972572253725,0.0,0.8211866,0,0
759.885,252.46585,820.3536,202.4465,796.8579,318.18518,857.7045,258.7049,688.0968,223.27098,696.5198,228.1172,714.32336,239.23756,728.0262,245.1721,756.32556,255.31752,770.97424,260.9815,-114.91405,398.94708,-102.78061,371.89572,-78.297356,313.16776,-56.878326,274.61246,-10.560732,200.20512,12.861088,160.91565,0.0023172501428111803,0.0,0.8211866,0,0
757.6613,251.71468,819.5381,202.75636,796.3717,318.20038,857.16797,259.0832,660.5964,217.16942,676.8383,226.83566,695.7224,238.2629,710.60803,243.56383,737.4582,253.35947,753.655,258.12607,-148.60779,437.79517,-127.941864,389.45663,-104.168564,332.9806,-81.726654,296.9441,-41.114338,230.81264,-15.112238,193.00018,0.0023349655813933697,0.0,0.8211866,0,0
757.0699,253.42232,818.8716,202.86197,795.2652,318.9564,856.4662,259.8102,643.6469,215.64507,661.8133,225.97208,679.4219,235.39995,694.72986,240.77728,723.0157,252.92682,739.43097,257.65533,-179.18893,479.22177,-155.07848,424.92468,-131.21739,373.84348,-107.646385,335.95984,-66.21116,260.6546,-39.55856,221.88643,0.0015305557445838534,0.0,0.8211866,0,0
756.15796,253.63666,818.57623,203.58133,794.7252,319.2003,855.8545,260.4748,635.88055,215.10568,655.9694,226.42764,674.6984,236.92198,689.9873,242.41568,718.39734,253.38,734.63306,257.7993,-184.95343,481.95547,-159.66287,424.8733,-135.98067,371.69485,-113.54943,335.08398,-72.175865,264.6055,-46.277866,227.87471,0.0018610822223075682,0.0,0.8211866,0,0
756.4037,254.14299,818.31586,203.67201,794.8191,319.48138,855.8947,260.37448,638.4972,216.40172,657.1442,226.92305,675.9622,238.09758,690.3722,243.55688,720.1908,255.05212,736.2865,258.87207,-185.07457,483.98676,-160.8075,429.1694,-136.91902,372.6851,-115.56355,336.56683,-71.29855,260.9101,-44.64306,224.96576,0.0021331272812179286,0.0,0.8211866,0,0
756.43713,254.07524,818.10736,203.9266,795.06433,319.3453,855.8372,260.36234,648.4241,218.7356,665.8676,229.19838,684.79974,239.15605,698.0557,245.77455,727.418,256.62747,745.5003,260.81,-168.79965,462.17532,-146.7384,409.34866,-121.4747,355.43076,-103.43121,318.4965,-59.335613,244.92297,-29.170097,204.63472,0.0022573195614565525,0.0,0.8211866,0,0
756.1703,254.33638,817.53986,204.11131,795.01355,320.32877,855.96124,260.97443,663.44586,221.9094,679.8203,230.94122,700.095,243.46002,712.8643,249.0178,740.27496,260.46332,758.5658,265.10236,-145.96652,433.12094,-123.720146,384.35284,-97.72986,321.2717,-79.02174,287.05066,-38.358154,214.69739,-7.7801843,172.72284,0.0021798963980854454,0.0,0.8211866,0,0
755.75977,254.79706,817.51935,204.9897,794.7224,320.31036,855.35114,261.24457,687.1139,228.31363,700.7589,237.88998,718.50415,248.5922,731.8329,254.79544,759.62836,267.5064,775.23596,272.54486,-102.861244,375.64963,-87.17433,331.13785,-65.01624,277.49402,-46.399612,241.30304,-7.175774,166.02773,17.41864,127.90909,0.0022894116570401895,0.0,0.8211866,0,0
754.82477,255.50249,816.62726,205.1065,793.284,320.45425,854.3675,261.68488,706.00305,234.20721,720.2826,244.71552,739.6917,256.05585,752.56146,261.85815,778.6316,275.94083,794.67706,281.4994,-71.80307,332.99356,-55.60966,284.45096,-30.474201,225.50076,-11.885084,190.23726,23.048618,113.86512,48.283043,73.25671,0.0017938341014395204,0.0,0.8211866,0,0
753.92834,255.46498,815.7597,205.37062,792.27344,321.1145,853.1747,261.7423,715.00214,241.1047,725.03235,259.92673,738.5912,281.25464,749.05676,287.8937,780.5291,290.25082,799.2929,284.39456,-60.00002,299.42972,-60.903297,240.39395,-57.80378,171.98242,-45.214943,140.36996,12.125278,80.116295,55.9635,57.623463,0.016978270885401218,1.0,0.8211866,0,0
753.09625,255.80263,814.4104,206.12077,791.15466,321.65732,851.9098,262.22668,719.2018,243.22438,726.34076,263.1359,737.9462,286.85135,748.5406,295.2529,779.7837,293.72775,798.4706,284.77786,-53.059986,287.74173,-60.463898,230.7736,-63.08882,160.64912,-51.915344,125.37854,9.22907,73.31158,56.62178,57.035603,0.023740659219127335,1.0,0.8211866,0,0
751.50433,255.93423,813.30896,206.6452,790.0046,321.66016,850.8206,262.40378,716.12714,243.53062,723.6804,262.54416,734.8101,284.82776,746.68964,293.16937,778.7049,293.0475,797.06226,285.05353,-55.028286,288.6508,-60.84766,233.34824,-63.204956,167.34084,-49.916744,130.19217,10.452139,74.49902,55.783653,57.16105,0.021402958668288917,1.0,0.8211866,0,0
750.3667,256.78784,812.0656,206.82097,789.3919,322.47858,849.7957,263.03995,706.53125,239.47598,719.41785,253.94832,737.42413,270.06888,758.0993,272.44397,777.6147,284.66675,795.5868,284.59784,-65.25786,313.30447,-56.425735,259.34958,-39.887123,194.08769,-3.0362973,153.1933,20.65827,93.495094,56.16988,60.901398,0.0058122064881579024,0.0,0.8211866,0,0
750.8921,255.85568,812.2049,206.06187,789.3652,321.42465,849.7332,262.46536,695.07306,235.66415,709.37177,244.24979,728.822,256.5286,741.11084,260.7771,767.2562,273.62552,782.21387,276.63916,-86.72441,341.25247,-68.365746,297.57755,-44.133736,237.04271,-24.95197,206.50603,11.704572,133.07759,37.918415,99.84565,0.0023188086680960454,0.0,0.8211866,0,0
750.4966,256.0707,812.2481,206.02518,789.0192,321.46,849.8137,262.15616,676.3066,230.13622,690.3492,239.39207,710.5232,252.51196,723.3244,257.71088,752.0662,269.48532,768.33203,273.15222,-114.649734,385.20026,-97.69892,340.4547,-73.30142,276.94052,-54.545902,243.68698,-12.321577,168.40456,15.206669,131.77307,0.002919874960213529,0.0,0.8211866,0,0
750.8276,255.79407,812.0726,204.8667,789.385,320.705,849.97363,261.44095,663.67017,233.2652,678.40375,241.5161,697.6568,251.99962,710.16473,257.23563,738.31177,266.71228,757.855,270.64157,-144.28212,402.04184,-124.865974,358.20322,-99.26771,301.77908,-80.99753,268.67206,-37.214466,198.91196,-3.5296104,155.6852,0.002532343644951186,0.0,0.8211866,0,0
750.74786,255.26134,812.4054,205.52606,789.29944,320.50195,849.72723,261.3719,649.46594,231.37729,667.336,242.24763,687.8611,252.53133,702.53534,258.46722,728.6305,267.36697,746.87024,271.33646,-165.12741,421.92334,-143.30257,368.61072,-116.1279,312.41412,-95.221695,275.24326,-56.00419,212.17528,-25.785269,172.30779,0.0023320769948213674,0.0,0.8211866,0,0
749.91766,255.14032,811.99615,205.9205,789.22534,320.52966,849.2281,261.8571,646.7194,231.83113,665.71106,243.5679,685.6964,253.5735,701.1866,259.88483,727.8212,268.48077,745.4526,272.56537,-163.39626,414.73364,-141.80444,360.3175,-116.70596,307.91812,-95.639206,270.0579,-56.496693,208.74031,-28.30027,170.67697,0.0023740688734492964,0.0,0.8211866,0,0
749.9673,255.73415,811.2743,206.64272,788.318,321.4651,848.6895,262.66632,652.522,234.17361,671.3554,244.34068,691.7385,254.83206,706.6292,260.4417,733.83936,270.14752,750.4124,273.8909,-163.3298,411.04633,-138.41188,357.44165,-110.975,300.65082,-88.85297,263.67944,-47.558285,196.80093,-19.78647,160.25505,0.0019319501588938935,0.0,0.8211866,0,0
749.3589,256.2833,810.5178,206.35957,787.63184,321.72794,847.92365,262.60788,666.9205,234.22311,681.9852,242.37045,702.25476,254.06842,717.076,260.54074,745.1765,271.83142,762.1804,276.16144,-135.68974,390.60004,-115.51877,346.89813,-89.179756,286.54147,-67.77629,247.07716,-25.96408,174.05704,2.3520553,134.79434,0.0019598741215480103,0.0,0.8211866,0,0
748.92596,255.12833,810.0429,206.57634,787.18164,321.82208,846.9566,262.76773,688.09906,237.46289,702.03455,245.80214,722.2369,256.89267,734.08466,261.94635,762.3653,274.95065,779.226,279.32495,-98.70308,340.69763,-80.85994,299.28302,-53.967194,241.4699,-36.62174,210.63359,4.059569,134.47429,32.44993,95.54572,0.0018181159594180675,0.0,0.8211866,0,0
749.15955,256.68964,809.3157,206.65152,786.34576,321.17383,846.59845,262.8331,704.63385,238.22769,721.6551,248.58621,739.5751,259.2971,751.6031,266.02438,779.3647,278.84015,794.59503,283.83212,-70.17361,323.7901,-47.040672,268.74,-22.724096,211.84018,-6.0061235,174.98877,35.479343,96.381645,60.632442,57.641838,0.0018690989036863532,0.0,0.8211866,0,0
748.6741,255.47765,810.5873,206.09387,787.1521,320.76138,847.08905,261.81445,719.1434,244.52972,731.6879,261.25613,746.4142,279.3499,758.1499,286.64966,788.3276,290.5875,806.49963,287.75424,-44.5203,274.28323,-38.977314,216.5754,-30.935871,153.33936,-16.87414,118.01843,36.704395,55.807964,76.54319,27.39584,0.012063597209352139,0.0,0.8211866,0,0
750.1945,254.0396,811.19257,205.0138,787.997,319.7028,848.21405,260.83276,729.38617,248.1413,737.67,268.94125,748.9023,289.70187,760.5284,298.52045,791.5046,296.11227,808.06055,287.6201,-34.799187,249.7201,-41.27844,189.59879,-41.875187,126.93653,-29.195742,89.03668,33.398495,38.20908,76.93925,24.139675,0.022990113013071568,1.0,0.8211866,0,0
750.90955,253.63275,812.14355,204.45326,788.7188,318.89856,849.2178,260.08118,731.2045,248.19878,739.3502,269.04852,749.96985,290.55252,761.9233,299.89774,792.27734,296.39072,809.0402,287.0837,-32.987606,246.90475,-39.957535,186.75807,-42.6659,123.47322,-30.037802,83.89236,32.296364,36.27754,77.08515,23.4766,0.02451219902249428,1.0,2.2366362,1,1
750.9177,253.00308,812.48486,203.99608,789.30023,318.23254,849.00256,259.29938,729.3853,245.49142,739.2418,265.38068,752.3831,285.5663,763.54724,293.54956,793.0225,293.37527,808.73596,286.1105,-33.246662,253.57515,-36.231674,193.40794,-33.349262,128.89174,-21.149393,93.391846,35.417103,40.463757,75.675156,25.271708,0.01981143639056095,1.0,2.2366362,0,0
751.01984,251.87001,812.185,203.24362,789.75543,317.6117,849.33386,258.70383,721.6528,236.70139,733.7389,248.66127,793.0354,282.73932,787.3745,277.31262,796.51,283.6119,809.3234,284.5745,-40.17583,284.02502,-30.07875,236.74307,46.667473,60.353146,41.95467,81.60616,52.550602,52.216953,77.266106,26.399803,0.0045587666321420875,0.0,2.2366362,0,0
750.68835,252.92747,812.38025,202.5894,789.49835,316.9483,848.96515,258.29877,708.1377,229.27075,722.98627,239.96727,742.1509,252.4442,753.477,258.19296,780.0386,271.56378,793.8609,275.5905,-54.327656,324.8533,-38.26411,276.15204,-15.941971,215.99728,-0.78257126,183.75177,35.30917,107.49999,57.990406,73.33625,0.0025848885803543883,0.0,2.2366362,0,0
750.9818,251.82184,811.67035,201.94623,788.7604,316.14438,848.7992,257.78326,693.49304,226.37846,704.66705,233.77713,722.0136,244.63899,733.30914,250.49841,761.41364,263.80548,775.83875,267.62592,-85.849785,360.2066,-71.89843,323.36478,-49.672413,267.93402,-33.889942,234.71999,6.8071175,154.96031,31.349995,120.34144,0.002584869844368094,0.0,2.2366362,0,0
750.9879,250.53218,811.5482,200.791,788.4652,315.64334,848.9651,256.54605,668.5126,218.54616,683.08234,226.81378,705.0124,239.78838,716.78015,244.66992,746.0989,256.6804,762.0969,260.95703,-130.66833,422.2885,-110.23908,376.51657,-80.34136,307.027,-62.20864,274.874,-16.975838,195.30568,10.310602,156.88138,0.0020981439316715383,0.0,2.2366362,0,0
750.24384,248.77637,811.46094,199.86389,788.3468,314.39056,848.39844,255.61719,654.13605,214.92233,670.6863,224.80402,689.9435,236.67188,702.2569,242.09735,730.0857,251.85587,747.07495,256.7295,-148.62524,437.5984,-127.49466,387.8182,-103.32304,329.15204,-85.703,296.62216,-42.94958,228.1595,-15.328503,188.21324,0.0026012553242025518,0.0,2.2366362,0,0
750.8281,248.73438,811.2272,198.9857,788.6172,313.41653,848.2455,254.7744,646.82434,212.09563,665.3894,223.60155,685.91565,234.40598,699.89264,240.54028,725.932,250.00183,743.25616,254.84358,-164.29863,464.7314,-140.35274,406.15628,-112.06623,346.2207,-91.546814,308.25464,-51.057278,241.69435,-22.284878,200.27766,0.0021778552636094414,0.0,2.2366362,0,0
750.3048,246.98312,811.8162,197.83195,788.3922,312.44485,848.51355,253.50378,650.07135,210.96863,667.4335,222.16226,687.14343,233.40453,701.80066,239.19926,728.66254,248.62659,746.4452,254.13055,-152.27892,447.73322,-131.30814,394.05444,-106.10862,336.61087,-84.74652,299.63217,-43.908318,233.77747,-15.678768,191.1739,0.0023689522807811797,0.0,2.2366362,0,0
750.77625,247.24797,811.9697,197.32361,788.8089,312.16058,848.5798,253.58267,661.27386,211.78455,677.12994,220.77878,697.9268,233.42827,711.2302,238.84152,740.58527,250.23322,756.4601,254.79721,-133.82631,430.78522,-113.34891,384.35443,-87.31024,321.35373,-67.76889,286.9722,-23.559864,211.4875,2.5028136,173.56955,0.002143756451281069,0.0,2.2366362,0,0
751.58276,248.14255,811.45233,197.26724,788.72015,311.9932,848.9637,253.04332,687.60834,218.88947,699.0352,224.80962,718.2016,236.17966,731.2079,242.88472,758.4224,255.202,774.576,260.16833,-98.251854,388.67526,-81.28125,352.904,-54.71096,290.0571,-35.724663,250.21999,5.6077995,171.52351,32.79713,130.21478,0.0017604060116275773,0.0,2.2366362,0,0
750.1434,246.34125,811.2676,196.55138,788.7496,311.29584,848.5135,252.5994,703.94916,216.7612,720.66077,227.48965,738.58923,239.11446,751.2988,246.17294,777.9298,258.75204,794.48474,264.25824,-56.933712,346.52133,-36.33738,293.37317,-14.415392,236.20296,2.4947975,198.31726,40.71268,123.40812,67.54993,81.29987,0.0021999622207905527,0.0,2.2366362,0,0
750.0014,246.50987,811.57916,196.25818,788.56506,311.14957,848.295,252.23653,719.3506,224.15053,730.7687,242.57227,745.3204,259.9899,756.0222,269.12424,786.4639,271.79688,803.93445,267.64545,-33.977108,302.64615,-32.769382,242.06763,-24.507204,179.45827,-14.366459,141.55928,41.953144,80.74089,82.587364,56.258877,0.014326568426253218,0.0,2.2366362,0,0
749.95575,246.33061,811.1997,196.97197,787.6636,311.18936,847.94904,252.26466,727.2714,226.86397,734.82947,248.34615,745.95966,269.59286,757.6025,278.6021,787.7319,276.4129,804.77,268.81494,-22.888306,284.6352,-32.096024,222.31163,-33.84742,156.88919,-21.396324,117.62348,39.926807,67.36005,83.88712,50.836548,0.023808178405861184,1.0,2.2366362,1,1
749.6645,246.3493,810.8339,196.66043,787.79047,311.17386,847.5557,252.27422,724.993,226.08868,733.15125,246.72614,746.05316,266.84238,757.12646,275.69244,787.5512,274.97104,804.2725,268.29233,-25.463432,288.89328,-32.7898,228.2242,-30.253391,162.52827,-18.872688,124.63471,41.48091,70.6921,83.835724,52.728973,0.020787465132589576,1.0,2.0948989,0,0
749.982,246.58296,811.7076,196.70299,788.62,311.23688,848.52405,251.88121,715.2152,221.08476,730.1753,237.55653,744.676,247.1062,762.53705,258.57092,789.1882,267.01593,804.18506,266.738,-38.111893,317.4558,-27.903378,254.42491,-10.878324,208.1849,10.441332,151.85764,52.867073,85.38443,83.597336,57.579243,0.006577200259991481,0.0,2.0948989,0,0
751.0185,246.46141,811.9631,196.64722,789.4684,311.20276,849.4277,252.11523,700.391,217.87561,715.18,228.30571,734.21545,239.3325,748.40045,246.74564,773.48,257.92325,789.4771,262.72736,-67.155754,354.16678,-49.824196,304.17462,-24.952782,245.72948,-5.5311985,204.06644,31.13061,134.52402,57.505898,94.83399,0.0024040832346080066,0.0,2.0948989,0,0
753.21466,245.05434,813.0869,196.22357,790.35614,310.55258,850.3379,251.89943,686.8106,219.79207,698.3389,225.25125,714.9042,234.58298,727.1852,240.74039,755.2915,252.0122,770.7955,256.92923,-107.93763,378.3472,-90.27812,344.68207,-66.63082,293.03174,-48.414124,256.8155,-3.8282247,180.7963,22.23503,141.7796,0.001692247190230048,0.0,2.0948989,0,0
752.09155,244.80832,813.952,195.54971,791.029,310.15402,851.1362,251.29985,659.9992,207.56837,676.1087,216.76855,696.8989,228.5655,709.7888,234.30037,738.64166,244.48692,755.0578,249.07307,-132.86543,434.33865,-112.83269,387.93237,-86.812386,328.01273,-68.96048,294.28253,-25.629885,223.77736,0.82766986,185.61096,0.002221657934541964,0.0,2.0948989,0,0
753.95276,245.76515,814.7719,195.37404,791.33264,309.67917,851.47363,251.25214,645.5291,199.60655,664.8088,211.37677,683.8554,221.89767,698.8264,227.69362,724.3419,238.40419,742.20514,244.08566,-163.40933,498.28925,-138.20265,436.86752,-112.257645,379.1032,-89.251945,339.56372,-50.793007,269.97192,-21.681007,225.12268,0.001805594671055654,0.0,2.0948989,0,0
753.6064,244.56277,814.0499,195.12404,791.0612,310.0194,850.81055,251.13954,640.0335,195.18199,659.37317,205.5285,676.2703,216.0105,689.0411,221.87132,718.66425,232.73764,734.9909,237.64243,-172.0052,511.3554,-144.7829,453.80154,-122.490906,400.1177,-103.626045,364.64658,-56.855522,288.50266,-29.68599,248.69368,0.002068597200403954,0.0,2.0948989,0,0
752.34863,245.07669,814.1803,194.91817,790.5661,310.04422,850.67065,251.1327,642.177,191.56348,661.95044,201.13638,674.5744,209.51541,688.099,215.09602,718.7247,227.31906,735.10956,232.21071,-150.8921,502.53696,-124.33338,449.42584,-109.56142,409.9189,-90.197334,375.42242,-45.294624,297.1773,-19.033524,258.3544,0.0016506970599135227,0.0,2.0948989,0,0
752.059,244.95427,813.5096,194.80946,790.16425,310.25513,850.13525,250.86588,647.0874,185.91832,663.72797,196.07356,683.99084,208.36371,696.4393,213.9038,723.6253,223.41583,739.8461,228.85074,-138.19919,512.1994,-117.243904,461.0823,-91.628365,398.96985,-73.74907,365.50873,-31.478834,297.74033,-5.6186614,257.2718,0.002440734076349223,0.0,2.0948989,0,0
751.8667,246.01746,811.95844,195.97581,789.4331,310.7172,849.3937,251.58557,665.3359,186.84558,677.76227,192.66008,696.46094,204.79813,708.7612,210.62602,736.807,222.49744,752.89374,227.3991,-110.22265,501.22833,-90.95666,463.70435,-65.93305,398.847,-47.17484,361.99506,-2.929174,281.78342,24.740562,240.33824,0.001999794078889372,0.0,2.0948989,0,0
751.4337,246.61688,812.0501,196.41714,789.15906,311.69238,848.5244,252.5187,688.8029,186.71512,697.8473,194.63321,716.954,206.47995,729.76917,212.85324,757.03455,224.99927,772.3869,230.17252,-57.51295,450.01053,-48.18829,414.90042,-23.025976,353.10745,-4.3012033,315.41797,37.477005,238.08577,63.30725,197.9534,0.0028930028077030832,0.0,2.0948989,0,0
750.11597,246.8801,811.3459,197.10301,788.7777,311.947,848.12384,253.02922,706.00134,187.47223,723.22186,199.78468,740.89185,211.13797,753.6863,218.94136,781.05554,232.20363,795.70636,237.718,-17.941841,413.17374,2.2161202,354.24088,24.468996,296.8269,41.13928,256.13632,81.45128,176.34703,105.405014,136.64772,0.002273215234004697,0.0,2.0948989,0,0
749.6656,246.96545,810.7351,197.08797,787.9423,311.28525,847.6934,252.1933,722.0361,195.55794,734.01276,213.9485,749.5085,233.94681,760.16864,240.67305,790.84546,245.69295,808.71576,242.70924,6.122195,370.08932,8.136429,303.79443,15.244707,229.38518,28.593811,194.89488,85.48552,126.59072,127.64282,98.57285,0.01323130375144484,0.0,2.0948989,0,0
752.76843,248.59367,809.8159,197.83566,787.2092,311.58096,846.6614,253.32866,726.8171,199.06439,736.12756,220.45956,748.1623,241.6906,758.9264,249.92319,789.6116,250.68445,807.87067,243.47125,2.6971931,379.16257,-2.9144752,302.94073,-1.8740642,225.64235,12.097979,184.31322,79.09707,120.087456,129.06682,98.77912,0.02064854940861202,1.0,2.1128249,1,1
749.57806,248.7749,808.6314,198.53085,786.2142,312.1896,845.7295,253.36185,725.6073,199.65663,734.6311,220.92413,746.56665,240.35197,757.3103,249.7836,788.73035,250.80026,807.2199,244.36243,9.708706,365.77414,2.4573808,294.38818,3.9051075,225.03186,14.927875,182.85449,80.009315,119.43966,128.60403,96.79855,0.01975236121280283,1.0,2.1128249,0,0
747.117,248.54697,807.71313,199.50017,784.84753,313.39093,844.68176,255.08054,719.71533,196.73883,731.26154,215.4,746.7735,233.08147,757.8114,241.44188,787.64703,247.40796,805.57806,244.83153,5.829772,372.39114,7.169032,305.33737,17.849737,235.60413,30.466326,196.50551,85.575165,127.86047,127.80598,99.194664,0.01263990456913412,0.0,2.1128249,0,0
746.51953,248.75328,807.006,199.62082,784.93744,313.66962,844.0513,255.2497,711.6774,189.28233,727.2997,201.81442,746.2178,214.38446,757.74347,222.38332,785.41125,236.2309,798.48505,241.71387,0.74239975,401.64438,17.914116,343.08975,41.863903,279.0376,55.96739,239.33458,96.88889,156.38948,117.78906,119.33477,0.0026017341427569895,0.0,2.1128249,0,0
746.4558,248.16245,807.74725,198.59486,784.3966,313.22504,844.11676,254.7247,692.43024,186.12833,709.11835,197.85359,726.71545,209.84076,738.69434,215.97517,766.0742,229.34804,780.2712,233.71513,-36.61014,437.84982,-16.395693,380.97852,5.3403926,321.9987,22.60164,286.6272,63.163456,206.6786,87.74385,170.60634,0.002628127572036552,0.0,2.1128249,0,0
746.8519,248.3734,807.5569,198.42947,784.92334,313.17734,844.2092,254.11299,700.02167,204.95192,714.0682,212.00197,701.93066,206.85533,712.5648,212.09921,740.4744,225.2949,756.69763,229.85631,-43.255608,382.04047,-23.203342,340.9665,-41.61445,374.16928,-26.342932,343.3278,14.644843,263.25098,42.540012,223.4114,0.0025451353449709143,0.0,2.1128249,0,0
746.63403,247.83871,808.56354,197.45105,785.29224,312.37195,844.611,253.54863,654.6937,195.2022,665.61597,199.38501,676.92883,208.0878,687.04535,212.1707,716.7837,224.43533,732.71735,228.0476,-113.61356,465.30124,-98.33132,439.42627,-86.92592,402.2428,-72.75951,377.30997,-30.577782,301.96112,-4.024448,267.24997,0.0026210412862705144,0.0,2.1128249,0,0
747.65173,246.96918,808.7384,197.4882,785.63116,312.12772,845.0838,253.3745,623.0438,187.32594,639.15,195.81891,658.12305,207.72284,671.0707,212.89934,701.23303,223.97418,717.34906,228.11528,-173.92982,541.36694,-152.71474,496.31818,-129.45782,438.37833,-110.60364,405.77505,-65.046936,331.0972,-38.343475,294.6174,0.002290595298781655,0.0,2.1128249,0,0
748.6669,245.89313,809.46826,196.68306,786.30786,311.45358,845.67395,252.51265,614.25073,186.26439,633.7451,196.39113,651.81116,207.2873,666.59033,214.47653,697.71027,225.4723,712.6524,228.9953,-194.81686,558.5776,-168.61708,504.15234,-145.6521,449.78937,-125.182686,409.407,-77.47543,333.31982,-52.332333,300.2649,0.0021159229905725013,0.0,2.1128249,0,0
748.7564,245.6573,809.3104,196.10378,786.29663,311.19595,846.06726,251.75928,621.1536,188.20341,640.2525,198.44232,658.22327,209.08798,673.51166,216.14783,701.42535,227.0763,717.44806,230.59238,-189.58122,554.62946,-162.90396,497.62628,-138.83229,441.5783,-116.46568,398.96738,-73.5032,325.64896,-45.695553,289.7025,0.0020744534873442986,0.0,2.1128249,0,0
747.4321,245.77483,809.0205,195.25084,786.0111,310.0338,846.1035,251.39615,637.5549,190.61226,656.72986,201.2641,674.36884,212.8737,687.3256,218.41237,715.724,229.23715,732.3022,234.55339,-148.81839,510.1125,-124.26973,454.27356,-103.53088,398.4784,-85.076324,364.3971,-42.75531,291.95276,-16.569603,251.36281,0.002170610578070162,0.0,2.1128249,0,0
747.19354,248.18353,807.16364,196.183,784.71063,310.7655,844.509,251.64743,658.0359,194.28154,673.8566,203.50671,694.23065,216.0835,707.2574,221.73216,734.6237,234.98033,752.20514,240.56491,-118.15695,495.68756,-96.42431,443.1193,-69.4751,374.28885,-49.565166,336.31046,-9.5492115,253.60805,19.666502,207.28535,0.0017021579919648986,0.0,2.1128249,0,0
746.2346,246.22704,806.3866,196.96353,784.1908,311.42648,843.28326,252.58054,686.68207,201.42459,698.2972,209.21487,716.053,220.0957,728.43787,227.65419,755.39185,240.40099,771.7818,245.57913,-68.711754,408.91916,-54.066074,369.9385,-30.611547,313.0905,-14.265635,273.63196,25.684671,196.27467,53.30579,154.66077,0.00240212916367977,0.0,2.1128249,0,0
744.83093,247.26932,805.94366,196.6143,783.7809,311.97394,843.1162,252.3307,698.91583,203.3219,711.31256,215.9497,742.94354,243.60443,753.5729,247.08485,774.3083,249.4453,790.35864,251.60617,-38.680717,379.40918,-29.000093,328.6401,0.62543607,211.29378,17.441679,184.6872,56.22519,141.53856,86.51553,106.64624,0.0077365015085113405,0.0,2.1128249,0,0
746.1541,247.81958,806.60077,196.98088,783.91595,312.1067,843.4914,252.59105,711.83936,212.55519,720.2727,231.81358,732.9119,251.90863,742.0702,259.97772,774.65924,260.604,792.5283,253.37611,-27.873787,343.3998,-33.19058,283.01248,-31.018332,215.24895,-22.171219,181.20021,42.22612,119.33244,88.3588,100.34559,0.020037548782739518,1.0,2.1128249,0,0
746.3883,247.13431,807.2709,197.25505,784.6247,312.31454,844.20374,252.79091,723.2889,215.6416,728.3029,238.82889,736.7494,260.63364,747.5493,271.44043,777.08514,265.63278,792.5332,255.34486,-9.390453,312.7502,-26.146482,250.3961,-34.021896,188.04292,-25.235435,146.39946,39.318516,104.75021,83.88494,97.12639,0.03507213882255222,1.0,148.1481476,3,3
747.2885,247.28957,807.963,197.16794,786.01135,312.25473,845.44995,252.89168,725.786,215.45842,731.68024,238.43704,740.14966,260.06396,751.01697,271.1496,780.4413,265.6647,793.73755,255.20287,-5.14639,310.3709,-20.519487,247.24054,-28.711576,185.36066,-20.299034,142.99767,44.072308,100.631195,84.66971,97.28798,0.03669871114081785,1.0,39.370079,1,1
748.2019,247.80557,809.3478,197.81612,786.7464,312.41168,846.6764,253.18517,719.3167,213.40207,729.9597,235.63103,741.6127,254.98347,751.2845,261.92322,779.98694,261.80023,794.9591,254.54485,-16.892082,330.03485,-21.740765,259.4991,-21.193802,196.12746,-10.390024,164.09389,46.482533,112.04417,86.39714,99.17109,0.02236604573696615,1.0,7.3126144,0,1
748.6565,247.67332,809.657,198.54686,787.3706,313.62006,846.944,253.90051,705.86163,209.35153,720.01166,221.16908,739.993,234.94562,751.5912,239.57224,777.86066,250.37968,794.55286,253.56631,-40.79733,362.1425,-26.159739,309.8395,-2.3740327,243.50723,15.3612175,212.70212,55.468777,141.61597,85.98867,103.756485,0.004166605669954724,0.0,7.3126144,0,1
748.687,249.50291,810.3437,198.72034,788.1935,313.9389,847.76355,254.44872,695.02136,215.7085,704.0072,221.593,720.92316,232.63777,734.89197,237.13554,762.88184,248.52391,777.2248,251.48431,-63.29875,366.2927,-52.99983,338.0547,-33.538708,284.87177,-12.031129,250.99657,28.929874,176.75523,53.865112,144.24368,0.0030113109273402386,0.0,7.3126144,0,1
749.7032,249.57878,811.16675,198.58989,789.0106,314.01648,848.5093,254.58188,667.6924,214.42445,681.5947,220.86702,701.12726,232.00766,710.5838,235.75632,745.92,247.86488,766.19104,235.7652,-114.874,415.48035,-96.30725,378.5875,-72.27394,321.6353,-58.769756,297.5717,-5.315831,210.37341,49.77402,200.29826,0.00563254597323795,0.0,7.3126144,1,1
751.53015,248.6265,812.26825,199.28075,789.77563,313.9372,849.4622,254.6116,650.9393,212.30408,667.43805,222.89787,687.0225,233.66632,700.68427,237.99976,728.6461,248.0978,745.28674,252.97514,-154.90392,454.4553,-134.43741,402.18274,-108.483505,344.70477,-87.14204,311.949,-44.333736,241.44777,-17.346441,201.57643,0.002285417751047188,0.0,0.1204007,0,0
753.34143,249.00893,813.0516,198.27003,790.6213,313.5949,850.6905,254.74512,645.45215,212.28334,664.20264,223.59027,683.4106,233.04677,696.49664,239.26208,724.1973,249.0115,740.6464,253.37625,-181.21944,485.3484,-154.59137,423.26126,-125.46392,365.59995,-105.5308,327.15137,-59.915634,254.11627,-31.2881,214.03459,0.00211805575923765,0.0,0.1204007,0,0
753.335,247.90929,814.1879,199.15376,791.8294,313.55106,851.71484,254.44255,652.09436,214.35103,670.0508,225.40712,690.26807,236.34895,704.50354,242.06287,730.64874,251.74506,748.4608,256.51013,-158.84628,447.38718,-136.10117,391.93295,-109.16308,333.3848,-88.21104,296.7806,-48.659386,230.99803,-19.46059,189.79419,0.0022198654990323425,0.0,0.1204007,0,0
754.2366,249.47295,814.7595,199.5025,792.5534,314.66373,852.48724,255.25873,666.3241,217.93988,682.1747,226.52046,702.1276,238.78746,716.53455,244.63312,743.87787,255.85083,761.3237,260.44702,-138.139,426.25778,-116.381836,378.8049,-90.66095,315.96323,-68.99779,277.70496,-27.951532,204.70274,1.2669237,163.476,0.0020627640427570803,0.0,0.1204007,0,0
754.8011,250.69612,815.85266,200.51703,793.6481,315.41962,853.01697,255.75699,687.6306,224.09743,702.0387,233.15144,720.1028,243.92297,733.5467,250.16537,760.7516,262.27444,776.008,267.17474,-98.40907,374.43268,-81.15393,329.86255,-58.8979,275.28528,-40.355812,238.49562,-1.936493,164.57327,22.063118,126.65128,0.002038817102545332,0.0,0.1204007,0,0
755.89056,251.0462,816.45276,200.63611,793.89905,315.59476,854.0146,256.4479,704.7735,227.17699,721.1576,237.74617,740.1749,249.25505,751.17377,255.24052,779.7737,268.52667,794.6674,273.53217,-74.948166,346.44504,-54.1655,292.66806,-29.398155,232.51611,-14.387674,199.41454,27.16836,118.56487,51.127403,80.45264,0.0020223631307824948,0.0,0.1204007,0,0
756.03674,251.07431,816.9427,201.16699,794.5539,316.56046,854.4421,256.81815,718.00226,234.58499,730.4866,252.06479,745.7866,269.9929,756.73785,276.5943,786.31445,281.66638,803.7993,278.51218,-56.026833,303.65988,-50.9401,242.77254,-41.140385,177.72874,-27.501451,144.8261,23.90741,81.38255,62.49931,55.254105,0.012268237563415415,0.0,0.1204007,0,0
756.90814,252.45973,817.6329,201.83899,795.03796,317.24115,854.7364,257.45068,724.7974,238.14137,733.52277,257.3558,745.9282,280.05032,757.5366,288.19812,787.4664,287.02786,804.6853,280.3568,-47.00429,289.41168,-51.233692,231.22055,-52.09714,161.30661,-38.964584,124.08144,19.883947,71.80932,62.204617,52.69047,0.02094316777006047,1.0,0.1204007,0,0
756.49115,253.01273,817.50433,202.9077,794.8728,317.61887,854.6716,258.35507,727.30023,239.40991,735.6412,259.10828,746.61176,282.2182,758.48956,291.21918,788.2848,289.37195,804.779,280.94644,-41.681988,281.99228,-47.462444,223.63477,-51.77558,155.67885,-39.249386,116.500755,19.745453,66.269295,62.68917,52.25492,0.024082655036952894,1.0,0.1204007,0,0
756.48413,253.02069,817.4595,202.87549,795.53394,317.8818,855.0681,258.56818,724.8335,238.09851,735.4114,257.0571,748.22015,277.3408,758.5806,284.67288,788.8629,284.9665,805.144,281.15103,-44.455532,288.31137,-45.40724,228.23944,-43.601852,163.32243,-32.2358,130.24602,25.496475,75.086296,62.506798,52.360386,0.017882764159619265,1.0,0.1204007,0,0
757.7886,253.1075,818.0742,202.83388,795.82153,317.92313,855.6544,258.28766,716.67975,231.22229,731.60956,243.05461,749.38116,255.51724,759.2982,260.0303,788.522,273.73166,804.05634,278.813,-57.30875,324.41354,-40.82012,270.1171,-19.640764,210.05353,-5.1018906,182.13332,37.162193,99.20372,62.304016,59.665092,0.0032319574120271985,0.0,0.1204007,0,0
757.967,252.0658,818.1258,202.28638,796.49304,316.8806,856.31586,257.97607,702.5875,230.34088,716.2825,238.41164,736.0043,251.01242,747.4682,255.9788,775.0947,268.48715,791.013,272.66522,-85.95318,348.54095,-67.70838,305.50717,-42.77037,241.87253,-25.691042,210.39098,14.724632,133.56413,41.680977,95.62963,0.0023525380255408446,0.0,0.1204007,0,0
757.7516,251.65038,818.7439,202.08205,795.921,316.9893,856.21857,258.1275,679.0384,227.53557,694.0644,235.4805,713.87964,247.90172,726.496,253.76405,754.65765,265.21036,770.9231,269.26657,-127.65674,390.45395,-107.0336,346.72153,-81.94589,284.7934,-63.883133,250.11983,-21.70776,176.17375,5.701853,138.63852,0.0022568362860380877,0.0,0.1204007,0,0
756.9888,250.93141,818.8951,201.1995,796.67487,316.0618,856.2019,256.7418,657.4608,227.32927,674.75745,237.12303,695.0214,247.73244,710.33307,253.82771,734.62354,262.17072,752.62616,266.1451,-154.3199,409.9879,-134.24724,362.50967,-109.700386,308.34177,-89.03525,271.14896,-54.31907,213.9954,-25.6264,175.3747,0.0022733753196535786,0.0,0.1204007,0,0
758.3263,250.60783,819.5953,200.47792,796.79175,315.96887,857.0716,256.2945,637.13074,224.0209,656.6093,234.18367,674.5616,244.8689,691.97736,250.76749,718.073,260.72983,736.42255,264.08102,-200.06544,462.93588,-174.4376,408.30994,-152.0598,354.9877,-126.13486,313.3514,-88.081345,247.96873,-57.27977,209.42177,0.002153538313866799,0.0,0.1204007,0,0
758.42566,250.52414,820.0369,199.9104,796.9377,315.4578,857.17975,255.73865,627.23364,224.93681,647.62616,234.60837,665.6305,244.60533,681.3054,250.31622,709.1289,260.31506,726.2609,263.30508,-214.54732,473.24646,-187.93373,419.67892,-165.66106,368.877,-143.42319,331.17905,-103.37913,263.82635,-75.16277,228.58446,0.0018976376389506072,0.0,0.1204007,0,0
758.2405,250.55568,819.76526,199.9421,797.0204,315.80603,857.7635,255.67642,627.34564,223.48723,647.6633,234.50285,666.82794,244.88043,682.9669,250.7392,710.94836,260.949,728.3106,263.65646,-216.66504,482.02924,-190.30511,423.5541,-165.52332,368.63553,-142.00046,328.98425,-101.05316,259.761,-71.7415,224.30457,0.0021771102652262567,0.0,0.1204007,0,0
758.498,249.63472,819.47,199.75256,797.0496,315.04837,857.3765,255.43639,640.5899,225.3655,659.908,235.46399,678.9093,246.03105,694.6939,251.20844,721.5615,261.81662,739.6202,265.6264,-199.0779,455.4372,-173.05807,400.2446,-148.16092,344.7138,-124.08831,306.85724,-84.7057,238.13187,-54.630222,198.83649,0.001867362102358335,0.0,0.1204007,0,0
758.5576,250.84515,819.0004,200.59271,797.0422,314.91132,857.00214,255.4203,659.737,228.4041,677.422,238.39207,699.6688,250.0516,714.98566,255.88557,739.76324,264.91635,758.27435,268.5426,-166.7892,426.36966,-143.42955,372.3073,-113.35732,306.91608,-90.46666,267.03885,-52.953968,203.34541,-21.311499,162.24399,0.0022028911530114427,0.0,0.1204007,0,0
757.71924,250.02637,819.2313,199.88179,796.68243,315.3051,856.9541,255.55946,681.29065,231.10791,697.0446,240.1808,718.2551,252.28099,730.3973,257.83005,759.415,269.28836,775.5547,274.52094,-124.12618,371.7991,-104.3571,325.36325,-77.66121,263.1908,-60.933903,230.60066,-18.772545,156.11183,6.1848326,116.65931,0.0018872774156769526,0.0,0.1204007,0,0
757.9742,249.96481,818.9093,199.74234,796.8827,315.31708,856.24896,255.33485,704.6266,237.69699,720.70844,246.28374,739.2895,257.552,751.29425,264.1697,778.6456,275.88147,795.2927,281.10696,-88.22449,318.62198,-67.28976,272.6421,-44.50378,216.49681,-29.054325,181.61844,10.118086,108.72147,36.45929,67.69202,0.001851260584584193,0.0,0.1204007,0,0
757.2923,249.84122,818.52356,199.09904,796.0067,314.5864,856.17035,255.03185,723.2153,240.816,736.108,251.54385,756.566,261.5103,767.5002,271.05145,797.6652,284.05243,812.969,287.96506,-56.060535,280.06613,-43.205757,233.90974,-15.006217,176.30379,-4.8001013,136.74411,38.759254,55.24647,64.29419,18.887638,0.0027056390951764446,0.0,0.1204007,0,0
757.4285,249.8925,818.71326,199.32782,796.34766,314.29578,855.89496,254.96083,736.13525,249.58064,745.0063,270.82608,756.58545,290.56644,767.6001,299.44617,799.01117,298.03635,815.6454,289.46378,-40.657715,238.07501,-47.495113,177.62846,-47.534225,117.374756,-36.908596,80.44752,23.875004,25.772936,67.008705,10.845711,0.02203216100235078,1.0,0.1204007,0,0
757.79486,249.8281,818.2336,198.74803,797.0913,312.6104,856.0173,254.34703,745.52875,251.35246,749.8666,274.38803,758.4879,298.85605,770.072,307.6484,801.9522,299.90695,815.6819,289.0173,-25.936455,218.90579,-44.861073,162.52701,-56.760212,97.680084,-45.199703,59.52217,24.854103,15.229444,65.9197,10.238139,0.03642115045370125,1.0,0.1204007,0,0
756.9865,249.46718,817.9246,198.62474,796.10864,313.45566,855.46106,254.33534,744.2407,252.36324,749.70844,274.8581,759.12646,298.82257,770.2578,307.46317,801.49115,300.24432,815.1709,289.14377,-28.19779,216.49399,-43.418354,159.63432,-52.40644,95.099686,-41.40711,58.55411,25.828852,14.889259,66.47667,10.31167,0.03464867050369119,1.0,0.1204007,0,0
756.3763,249.49263,817.7262,198.8047,795.3158,313.2116,854.8053,254.36607,736.6947,249.13301,745.76044,269.5443,759.2405,290.62866,768.9679,297.37442,799.61,297.01398,815.5931,289.1061,-37.507736,235.47136,-43.45148,176.26591,-41.83191,109.53056,-31.309647,78.772575,27.257193,22.97142,68.57931,7.936679,0.02106424841191522,1.0,0.1204007,0,0
757.0311,248.69307,818.0252,198.6235,795.4181,313.9832,855.2318,254.46709,723.6847,239.74939,738.3134,250.83339,755.91455,261.76114,768.3974,269.89316,795.80676,282.44165,811.7427,287.41885,-55.10789,278.19864,-39.048805,228.37138,-17.17602,173.97049,-2.1402645,134.70036,37.011887,59.307503,62.731304,19.737902,0.00285651161665882,0.0,0.1204007,0,0
756.2534,250.30392,817.83167,199.4623,795.53455,314.8215,855.47614,255.39803,704.60114,238.39238,718.2708,245.18732,737.2392,256.79578,750.11584,264.22833,778.5672,275.54156,793.93024,280.01657,-84.554825,314.77036,-66.537796,276.892,-43.850536,219.41849,-27.928503,181.30437,13.3749895,107.15835,37.922424,69.921555,0.002075507729392938,0.0,0.1204007,0,0
756.41187,250.03812,817.9984,199.68399,795.1856,315.48694,855.6858,255.53656,680.0437,230.07457,697.2157,239.82932,717.506,251.97475,730.17914,257.87363,759.9038,268.95532,774.9171,273.6372,-123.63674,374.88428,-101.71214,324.26257,-76.50543,263.21722,-59.024063,228.83157,-14.828578,153.63884,8.729542,117.21385,0.002120827049353007,0.0,0.1204007,0,0
757.0288,251.63367,817.4382,200.35915,795.2602,315.53513,855.4586,256.42264,666.4952,226.43607,682.963,236.06789,703.34796,247.27615,717.78,253.46388,746.6627,263.89374,762.95953,269.55893,-151.19914,421.1994,-129.25912,369.37872,-101.55589,307.3881,-80.14763,267.66495,-35.174484,192.55856,-9.529369,150.62422,0.0018402405740914783,0.0,0.1204007,0,0
756.8474,251.36977,817.5207,200.37592,795.41235,316.07227,855.4664,256.6856,663.3978,224.1493,679.7572,233.71614,700.6342,245.0225,715.0774,250.73347,743.1776,261.39944,760.6508,266.09857,-152.23065,425.61725,-130.90373,375.45007,-102.8847,313.80896,-81.29172,275.96786,-38.671818,203.10838,-9.827044,161.68585,0.001975132426006052,0.0,0.1204007,0,0
756.7718,251.43553,816.89594,201.08553,794.9589,316.6493,855.35254,257.1692,668.4953,223.15523,683.9809,231.77037,705.02234,243.54495,719.5044,250.26427,749.30975,261.0419,766.5074,265.48804,-146.78908,425.62674,-124.75829,377.04285,-95.26552,311.68335,-73.70915,270.36853,-26.298006,192.72357,3.0299814,151.8433,0.002088422713731093,0.0,0.1204007,0,0
755.4113,253.79732,816.6554,202.64812,794.65894,318.20218,854.2859,258.31308,689.619,228.4183,703.0546,237.25351,721.3862,247.55971,734.5032,253.15813,762.5585,265.26392,778.8953,270.18683,-96.37175,369.76807,-80.91031,327.31168,-57.91468,273.28897,-39.42822,238.38893,0.30837402,162.80347,26.240162,122.745094,0.0020896518138738157,0.0,0.1204007,0,0
755.38666,254.67923,815.977,203.86987,793.70874,319.17776,853.64166,259.93713,702.9375,230.58118,720.46466,241.63147,739.0158,252.89812,750.444,258.0181,779.6812,270.8474,795.44165,276.32935,-76.55551,348.34732,-54.36476,291.93222,-30.545654,233.57784,-13.819094,201.74512,29.324657,120.82169,54.394974,80.06836,0.0019931667645332446,0.0,0.1204007,0,0
756.69507,256.1796,814.91235,205.26727,792.6246,320.61893,852.2902,261.5,721.87915,238.07921,738.5772,249.932,757.9708,261.10016,770.1573,268.45636,797.63025,280.82086,812.7853,286.27225,-54.24267,310.95328,-31.693514,249.83972,-3.1417952,186.5408,14.054996,146.78665,57.06855,67.88235,82.07897,27.861135,0.002170662697485253,0.0,0.1204007,0,0
754.4009,256.3654,814.37787,206.51665,791.4321,321.69376,851.33795,261.8712,738.648,248.2962,750.7555,262.5495,807.49054,292.76688,799.81696,287.69443,810.78357,294.31726,826.9617,292.8636,-22.922792,247.29698,-14.468758,193.04352,64.84779,24.63151,55.42732,49.11378,69.639824,15.378545,104.6283,-12.827562,0.006365071124844016,0.0,0.1204007,0,0
754.1712,260.4373,814.23346,207.31093,791.2554,322.56183,851.4162,263.1587,750.9151,258.59393,760.2618,281.43683,770.7023,302.18613,780.30396,309.59042,812.0555,305.2425,826.18823,294.7022,-4.407235,210.4058,-12.947468,142.8766,-16.60303,79.79597,-6.3245726,46.487953,62.11486,-6.36624,104.18025,-13.288179,0.027333860032043612,1.0,0.1204007,0,0
753.85425,259.7937,813.1562,207.80324,790.48,323.61996,850.9084,263.58417,757.4226,260.40842,764.8553,286.48856,773.5775,310.33685,786.05145,318.38724,814.0447,309.31015,826.881,295.19775,6.714942,191.65578,-8.75768,121.31,-18.349,56.820015,-2.798817,18.066727,63.23942,-17.307735,106.76432,-14.983892,0.03831825437676175,1.0,0.1204007,0,0
753.3349,259.91483,813.03644,208.41925,789.4531,325.88824,850.2599,264.15527,759.76495,265.24136,765.2501,287.991,773.91974,313.0479,787.2842,321.52682,813.32153,311.12894,825.9301,296.3679,7.243103,175.86382,-6.910249,117.399185,-16.475113,52.091187,0.4205048,11.8551,62.658592,-17.459162,105.6628,-14.171395,0.041428786333770125,1.0,0.1204007,0,0
753.0368,264.14856,812.05566,209.915,789.66766,325.29642,849.39594,264.92532,753.3487,265.45807,760.67816,285.90314,770.7142,307.1672,783.5694,315.27933,811.0337,309.30457,824.3816,297.64517,-0.9747271,196.46573,-10.927375,137.37823,-16.120384,73.27325,-0.19309464,31.61881,61.790825,-11.039754,103.585594,-14.820141,0.02996015144808012,1.0,0.1204007,0,0
750.80457,260.5478,811.1135,210.94514,788.52466,325.92682,848.34625,266.22742,741.0559,257.4736,753.339,276.16467,767.65314,292.67474,778.2731,300.68658,807.1321,301.69806,824.29034,297.771,-16.0701,224.52649,-12.813538,161.56538,-3.29199,101.52897,8.373528,66.28534,64.25001,10.734596,104.10672,-14.513007,0.014251419469458916,0.0,0.1204007,0,0
749.98175,259.53857,810.7974,211.27864,788.44324,326.33878,847.8739,267.26254,725.1144,249.0553,741.89954,259.87302,759.39014,271.73236,772.63293,278.55383,800.9173,290.4465,814.3255,294.5338,-37.373695,265.61417,-16.396145,213.17946,4.7191744,157.48378,23.156706,119.917015,65.974625,44.634674,88.42906,11.604656,0.0026682681723081366,0.0,0.1204007,0,0
750.3533,261.41858,810.94653,211.83351,788.26483,326.57556,847.66815,267.83646,705.6505,242.46327,722.56415,253.42319,741.1554,263.6338,753.38947,270.28976,782.3842,282.5553,797.2458,286.67252,-67.176636,320.48358,-46.0895,266.58258,-20.901789,211.51303,-4.2383456,175.3753,39.553627,96.78852,64.88289,60.56984,0.0021850615274728253,0.0,0.1204007,0,0
749.8927,262.2024,810.1092,213.03682,787.87634,327.59204,847.1797,268.64166,692.3283,237.93716,708.48193,246.65071,727.7334,257.07727,741.7812,263.86954,768.3921,275.29672,785.1329,279.8936,-87.24095,355.8092,-64.93087,307.84207,-38.432713,250.67548,-18.198818,210.82045,21.888952,138.27278,50.413506,97.78116,0.0016371211640278948,0.0,0.1204007,0,0
751.1258,262.43546,810.7616,212.85518,788.04376,327.43573,847.7365,268.7743,688.1987,232.59972,702.1727,240.92123,721.541,251.91005,735.5579,258.19717,762.1213,270.11664,779.5477,273.84067,-96.34062,384.74094,-76.633644,339.30023,-48.989838,278.22803,-27.265507,238.20357,13.697526,162.71333,45.455456,122.10993,0.002185681116373207,0.0,0.1204007,0,0
751.1704,265.84332,810.9865,213.10872,788.7069,327.50003,848.4732,268.5144,692.6898,229.04779,704.87726,236.50343,722.6502,247.50795,737.11743,254.30383,763.56396,265.71484,780.9069,269.59244,-74.66725,397.77695,-58.65413,356.54343,-35.642147,296.56952,-14.403793,253.04774,25.497463,176.12234,56.214897,133.63359,0.00264956970514988,0.0,0.1204007,0,0
750.95825,263.16415,811.3073,212.29623,789.3233,326.88522,848.9818,268.12115,694.0372,223.55084,709.76764,233.29924,729.8001,244.77216,742.87933,251.39061,769.8407,263.1771,787.31226,267.68256,-67.50251,394.01413,-47.250904,342.68015,-20.483711,279.84732,-2.010394,240.9372,38.348892,164.88014,68.605515,122.17095,0.0021798091576150772,0.0,0.1204007,0,0
751.44824,261.62335,811.9698,211.97507,789.8422,326.85626,849.30084,267.3502,704.19745,222.61124,721.7247,234.88902,739.93823,246.07109,754.277,253.04637,781.13513,264.595,796.4236,269.06744,-49.377953,373.70078,-28.313925,313.67148,-4.7581067,255.44626,15.9130335,213.88614,56.60893,139.17166,82.623726,100.85181,0.00258431244878395,0.0,0.1204007,0,0
752.15234,260.6575,812.8667,210.50432,790.2323,325.3889,849.8147,266.51065,720.3611,225.82855,737.6359,238.57765,755.39154,249.51465,768.74915,257.01395,796.5982,268.94656,812.07733,275.29684,-23.090553,335.90274,-3.1095483,275.53156,19.918797,218.75046,38.11376,177.70738,80.828995,99.898895,105.107666,56.9378,0.0024030506730123896,0.0,0.1204007,0,0
752.6298,259.57507,812.93536,209.91844,790.866,324.94498,850.5958,265.69986,739.53094,233.03972,754.70856,246.63412,775.291,259.11984,789.948,266.89734,814.05084,278.93213,829.47314,284.3291,5.0235944,284.174,19.827154,225.09491,46.902206,159.50223,67.459526,115.502,102.10683,45.002926,127.331314,4.5482936,0.0027888985402000745,0.0,0.1204007,0,0
751.87415,259.42697,813.6297,208.67282,790.9495,324.21555,850.98126,264.7913,751.2914,244.93982,761.1661,266.18674,774.1368,284.6368,785.3778,293.96265,816.4226,292.42392,833.5179,284.9628,16.135,232.70076,10.153084,169.04788,13.595667,107.4532,24.365788,68.22607,87.93428,12.851307,133.23714,-5.7572227,0.01915719274628738,1.0,0.1204007,0,0
753.51337,258.24417,813.73236,208.18071,791.30695,322.9601,851.50415,263.49872,757.2848,249.63321,764.6181,272.2563,773.24335,294.4689,785.80396,304.38382,817.2585,297.3657,833.97144,284.69662,18.092918,212.32243,5.8511815,149.04828,-2.784435,87.43749,10.371641,44.994553,81.15526,-0.07646789,132.10225,-7.6132545,0.029258195005464546,1.0,0.1204007,0,0
754.14624,257.04785,814.13104,206.8691,791.5027,322.09192,851.39996,262.16028,760.92255,249.38116,765.1935,272.35434,773.59186,294.77084,785.1256,304.9112,818.45526,296.91043,834.8742,283.73804,23.07106,204.49791,4.5246906,146.30476,-4.340024,84.85138,6.7721586,43.85106,82.460594,-3.4120212,133.55177,-9.87717,0.03283880984363201,1.0,0.1204007,0,0
753.3758,256.62793,814.22455,206.24603,791.5354,321.50064,851.48206,261.67557,755.52527,245.77644,762.3699,267.1406,772.5857,288.3017,782.7189,297.9971,818.945,293.25308,834.9489,283.38663,17.221222,220.18944,5.5455384,160.92142,1.1195184,98.49947,9.635298,60.711903,87.07258,1.7266426,133.14279,-10.297737,0.026025737999740495,1.0,0.1204007,0,0
755.2726,254.96164,814.7709,205.18062,792.18317,320.62143,852.3445,260.52426,746.37463,236.67186,755.6144,253.99615,773.2685,275.15756,783.69714,282.81247,816.31964,285.54633,835.62524,281.91452,2.9340215,259.07565,1.8346196,201.52571,13.449225,122.733864,25.666576,87.639244,88.835495,20.92062,133.68967,-9.055693,0.013517139982665084,0.0,0.1204007,0,0
754.78644,254.70462,815.28326,203.62471,792.8132,319.07178,852.6272,259.37238,732.16113,223.88037,747.72626,236.6626,764.8805,249.02435,779.5896,256.73035,808.09375,270.2855,826.18146,275.96198,-9.0650625,311.68045,7.340728,253.34128,27.294554,193.71562,47.855934,149.27463,89.36895,66.24101,119.6007,19.429382,0.003195765040782739,0.0,0.1204007,0,0
754.50287,252.74619,815.3798,202.0399,793.06885,317.72574,853.19073,257.71606,711.1661,214.55797,728.8824,227.37329,746.334,239.1512,759.3416,245.85341,786.6491,259.47482,801.72394,263.97595,-41.976616,365.67175,-21.320473,303.56897,-0.20118731,245.01512,17.92554,206.3109,56.43873,126.23093,81.55119,88.335945,0.002612650239245745,0.0,0.1204007,0,0
755.5161,251.80424,815.6982,201.32306,793.47375,316.32306,853.40204,256.91684,695.97217,207.40228,710.2328,217.84912,729.04285,230.19319,742.17053,237.1024,768.6956,249.39905,784.07416,253.76064,-69.54618,413.56494,-52.328835,361.8144,-28.266397,297.92053,-9.624722,257.73334,29.828331,180.76917,56.116776,142.28807,0.002886719990075048,0.0,0.1204007,0,0
754.5319,251.29626,815.59393,200.51419,793.11224,316.50696,853.17267,256.4167,690.1862,203.20747,700.51624,210.9086,719.8148,223.10754,732.1884,229.78032,759.7577,242.69244,775.91675,247.68779,-72.31157,424.53897,-60.498222,387.96872,-36.128063,325.36276,-19.245356,288.05542,20.679508,209.36342,47.33647,168.70021,0.0026725018779001687,0.0,0.1204007,0,0
756.4073,249.21165,815.7418,199.2419,792.90076,315.2961,853.01447,255.45497,687.76166,194.83049,698.6472,204.30356,716.8199,215.72842,729.8533,223.23932,757.68475,236.33572,774.4952,241.80063,-85.42284,463.93054,-72.19288,417.90063,-45.742588,354.07367,-26.312185,310.75476,17.910639,226.79492,47.26747,182.27359,0.002995439989589869,0.0,0.1204007,0,0
755.1479,247.98445,816.20746,198.07443,793.37134,313.6955,853.4188,254.30093,690.7215,189.10486,704.40564,199.14954,723.5141,211.23633,736.9474,219.26033,764.98956,231.76224,780.9581,238.33316,-62.096027,450.59424,-45.798393,402.18124,-20.98136,339.80914,-3.0482135,297.25815,39.504078,218.29578,64.54866,174.33055,0.002318544827020501,0.0,0.1204007,0,0
754.8084,247.89659,816.10504,197.50385,793.5215,312.9009,854.1159,253.56065,701.2823,185.53792,718.99316,198.73819,738.12714,211.77277,750.84625,218.86528,779.738,233.37163,795.268,239.88495,-34.06725,442.9488,-13.507959,378.41647,9.92975,312.5349,27.34516,272.79758,68.79727,186.5602,92.73995,143.11014,0.002213682875068343,0.0,0.1204007,0,0
754.7843,247.5549,815.6013,197.43582,793.7223,312.72192,853.5088,253.23512,720.33606,189.6798,738.15564,203.47752,756.07416,215.57266,768.59296,224.00163,798.0474,239.57158,813.37775,245.878,0.27711758,397.23367,20.140474,331.2933,42.15613,269.9823,57.463505,227.4794,98.90942,137.59506,122.9469,94.682396,0.0022703335952355907,0.0,0.1204007,0,0
753.9471,246.79106,815.0005,196.61095,792.44507,311.52197,851.9774,251.64558,740.65625,195.38141,757.09814,208.79752,776.59735,222.49603,786.50165,229.67848,817.0002,246.08426,831.1789,252.7271,35.866276,344.05814,53.16717,281.42294,76.3918,213.02301,87.83747,177.92107,130.75798,82.7192,152.18065,40.37067,0.0023997760209192504,0.0,0.1204007,0,0
754.13336,245.6743,815.3924,195.12111,792.8009,310.13666,853.4283,249.93881,756.42584,204.67294,767.7292,224.53963,782.9144,245.82861,797.50287,254.10555,824.2832,256.21277,841.8719,254.16365,55.919376,291.2757,53.526012,222.6668,57.291748,146.42836,76.29572,101.1789,128.67688,45.197544,168.75636,14.643187,0.01439942675770737,0.0,0.1204007,0,0
755.2073,243.247,816.5816,192.46988,793.75024,307.20514,854.7134,247.50645,770.13763,209.85757,776.0739,231.14148,785.11163,254.87306,796.2861,265.298,826.6244,262.3959,844.2056,252.70459,72.72796,248.8693,57.041866,188.30257,45.234394,119.56673,54.495842,76.971504,119.571976,25.085308,169.83257,10.335732,0.029733260514411677,1.0,0.1204007,0,0
756.5368,240.36455,817.7556,188.96284,794.8909,304.66064,856.0908,245.0158,777.8154,207.66307,781.89825,230.79263,790.1972,255.40778,800.87036,265.9116,829.33777,260.79272,844.3431,250.98483,85.41204,234.07336,63.431923,173.75272,49.157047,105.423744,57.483154,63.97779,121.74897,20.341442,166.44064,11.012012,0.039070412064156845,1.0,0.1204007,0,0
757.2615,238.38623,819.04443,187.50157,795.95496,302.9293,857.11285,242.19212,779.0841,203.14177,785.7961,226.19917,795.80975,250.3745,806.287,261.09842,832.7936,257.6208,846.7865,248.52786,88.84001,240.50871,72.07586,174.19939,61.387184,102.92099,68.730095,61.13894,126.66407,17.225273,168.54054,7.898796,0.03523786975970271,1.0,0.1204007,0,0
758.2226,236.45801,819.38354,185.92264,796.72736,301.05347,857.6651,240.81956,770.82806,193.75592,781.48096,214.64703,795.0218,237.36739,804.92816,246.53984,833.272,248.97714,846.305,245.93947,80.39509,276.33017,74.773224,205.98535,72.95411,129.47789,81.26457,91.21938,136.37547,31.687366,168.08714,12.26206,0.02062818518906171,1.0,0.1204007,0,0
759.1316,235.40462,820.2832,184.73894,797.57294,300.06003,857.80707,240.09856,756.9263,180.51614,772.9473,194.8198,790.3734,209.02054,800.952,216.80605,829.5222,234.29396,843.30884,240.81662,64.31953,332.96777,79.53171,267.73727,97.636955,201.1525,109.645424,163.08557,146.6654,69.016495,167.1687,27.879044,0.0029465902277464665,0.0,0.1204007,0,0
759.19836,234.5826,820.77057,183.97806,797.87714,299.40164,858.4387,239.69423,734.54987,171.89688,750.7828,185.48584,768.7147,199.4761,779.8737,206.576,807.86035,222.02826,822.25134,228.23624,26.668892,392.42828,43.362392,329.08734,62.883648,262.50317,77.03917,225.18678,115.54842,137.33789,137.74011,95.99904,0.0029662398881415385,0.0,0.1204007,0,0
759.69574,234.08128,821.44946,182.6047,798.601,298.3943,859.3559,238.26163,710.85266,162.73827,727.7213,176.03606,745.7744,189.18057,758.86676,197.53511,786.53467,211.90056,800.924,216.97073,-11.710686,456.95392,6.4298916,393.1184,26.991486,328.22488,43.289375,284.3284,81.862335,199.56621,105.161316,160.83452,0.002865225914928951,0.0,0.1204007,0,0
760.393,233.26782,822.24384,182.33401,799.61884,297.73764,860.17523,237.20929,695.2152,156.71251,711.37256,169.91364,730.824,182.50305,743.443,190.7761,771.8714,204.86552,787.7706,210.8299,-37.86356,499.82828,-21.190557,437.3301,2.658812,371.34747,17.921274,328.4981,57.957317,243.1879,82.94945,199.75447,0.0026271697570865705,0.0,0.1204007,0,0
761.26434,232.60333,822.85724,181.50084,800.07166,297.201,860.40955,236.74774,690.35815,152.19647,705.86597,165.20523,725.2849,177.71965,737.9858,186.12094,766.2267,200.98685,782.1094,206.40869,-46.322163,519.2283,-30.376099,458.37613,-6.1127496,392.6383,9.423511,349.29208,48.616287,262.42862,74.53773,220.28592,0.002664607449269584,0.0,0.1204007,0,0
761.21124,232.61263,823.1956,181.49165,800.16095,296.84482,860.1458,236.7685,693.47144,149.79446,710.17694,163.21375,729.7957,176.25203,742.24884,184.41121,770.9338,199.08603,786.3212,205.21713,-35.075584,512.1844,-17.885757,450.46216,5.521067,384.97504,20.543509,343.63303,60.520355,257.75604,84.48279,215.22256,0.002464362681405521,0.0,0.1204007,0,0
760.8446,232.10115,821.94275,181.7172,799.6868,296.62363,859.87524,236.38843,704.4699,148.93365,721.6781,163.31996,741.1394,177.38051,753.12024,184.51807,780.9158,199.85724,796.92334,206.0043,-13.374831,508.47372,4.704696,438.2866,27.60857,366.1107,43.537624,325.9954,81.877815,236.51779,107.58811,191.47932,0.00273669750352563,0.0,0.1204007,0,0
760.4721,232.14066,821.3807,181.62785,798.942,296.98523,859.2865,236.60905,723.184,153.64803,738.6515,166.67294,756.1231,179.75078,769.2674,188.47813,796.8804,204.49498,812.7388,210.87047,20.04297,463.00626,36.412483,398.95068,56.716892,332.20624,73.27639,285.4643,110.80226,194.04984,136.17755,148.44373,0.002727795293036699,0.0,0.1204007,0,0
760.3404,231.95386,820.8138,181.3493,798.68695,296.76102,858.585,236.28786,743.12415,158.05527,759.6395,171.44382,776.42255,185.63051,788.45575,194.292,816.9202,211.43394,830.34674,217.59967,57.87067,413.1159,75.90421,346.054,93.069275,277.7531,107.28795,233.26474,145.18611,137.34262,165.70537,96.78618,0.002708948258648362,0.0,0.1204007,0,0
760.3977,231.99857,821.44916,181.37424,798.46265,296.64258,858.98267,236.63965,760.1939,168.53928,769.031,189.22406,781.7101,210.74207,791.8224,221.53113,823.9088,226.4301,841.71796,222.66159,80.3164,352.57495,71.43239,283.46436,69.93764,208.22147,77.053375,164.54031,138.49428,91.646065,182.75604,64.31217,0.01926413153286807,1.0,0.1204007,0,0
760.2705,231.88078,821.8737,181.6867,798.64246,296.58423,859.7468,236.42831,772.33966,171.59064,773.91815,194.70695,779.65857,219.79466,790.2021,231.45473,823.4684,232.42366,842.515,222.28268,103.10596,322.98758,74.468704,261.456,53.651226,191.52296,60.364597,145.8207,127.96745,80.26302,183.5827,64.48415,0.03506980326579302,1.0,0.1204007,0,0
760.68835,232.04437,821.978,181.73206,799.20404,296.73248,860.21826,236.5114,776.1912,171.34944,776.27216,193.40114,780.7949,219.61761,790.3802,230.61972,823.7025,232.60982,844.7243,223.08347,112.10652,317.0647,81.10442,261.07266,55.817604,190.69548,61.33264,148.18918,127.681145,80.24505,186.57706,59.13137,0.033540389124318705,1.0,0.1204007,0,0
761.2745,231.86653,822.5065,181.81215,799.8598,296.4392,860.7026,236.27615,771.84033,165.23389,775.8514,187.8605,782.8733,213.52283,793.0369,224.57469,824.6674,228.24869,844.6859,222.81242,110.10174,343.16568,86.49932,276.71445,66.61473,201.5892,73.13639,157.29102,134.34216,88.41424,185.52963,60.480232,0.030939651432888134,1.0,0.1204007,0,0
761.4965,232.41649,822.9273,182.4582,800.65326,296.26407,860.22107,236.84685,762.8972,158.02763,772.89777,176.1386,824.21985,219.21138,821.0178,217.05618,827.9141,221.73636,844.2909,222.56479,100.2499,376.97754,96.34251,311.7741,146.52379,111.36322,142.65762,122.5088,150.92622,98.42389,186.10097,63.538677,0.01042223278512817,0.0,0.1204007,0,0
761.0626,233.3015,822.4509,182.59256,800.1451,297.43433,860.04565,237.56041,746.4587,148.44366,760.35974,160.8812,772.9709,175.16417,776.42523,179.1381,779.5475,192.13972,799.41583,201.7488,79.38129,432.3141,92.36807,373.96844,99.76312,314.0595,101.678215,297.68616,90.276634,260.11536,119.597336,199.70113,0.003935261198488289,0.0,0.1204007,0,0
760.71344,233.92105,821.6241,183.6813,799.02185,298.92242,859.4925,238.60043,725.79626,142.65291,741.4859,155.98907,758.83136,171.50394,770.80206,180.02414,797.75793,196.81268,810.16187,203.86707,41.88385,497.0047,58.624474,429.5091,75.644035,354.5169,90.19748,309.47122,125.83054,215.60077,142.99583,174.53358,0.002712677080180695,0.0,0.1204007,0,0
760.4865,234.7558,821.6404,183.77946,798.99225,298.59952,859.5207,238.95763,707.6145,136.54578,722.42487,149.73178,739.73206,164.38483,752.2037,172.5216,779.65356,189.7614,794.37866,195.6335,13.801227,543.3902,28.432716,479.34155,46.22945,407.87045,62.13928,363.36728,97.70838,268.10873,121.387985,225.53242,0.0031957063267216645,0.0,0.1204007,0,0
760.6255,234.69577,821.72437,184.0894,799.106,299.2057,859.1943,238.9831,691.7537,131.01025,707.69226,145.66895,727.40454,160.02817,738.64136,167.4911,766.96716,184.62636,781.9152,190.4331,-15.146131,587.3231,0.36698395,517.173,24.027493,442.36856,38.33011,402.05954,76.332275,305.5659,100.76072,262.86057,0.00284035460050452,0.0,0.1204007,0,0
762.0197,234.48668,822.45496,183.5098,800.05383,298.85666,860.21625,239.31853,685.15845,127.19319,701.76416,141.95203,721.63477,155.70833,733.2007,163.93414,761.5181,179.73732,777.3888,186.42804,-29.880161,615.43225,-12.250086,542.31354,13.424695,467.35843,27.898693,423.68457,68.621376,329.29413,94.22751,282.18085,0.002677601856921037,0.0,0.1204007,0,0
762.65436,234.5725,822.9921,183.59505,800.6156,298.9646,860.99426,238.73518,685.46063,125.21517,701.94324,140.12962,722.0337,153.4936,733.8992,161.97157,761.7934,177.61923,777.05676,183.46486,-28.750244,633.51654,-11.217863,556.9191,15.83838,479.841,30.78744,433.4242,71.03621,337.64792,96.56214,292.79602,0.0027345252612762435,0.0,0.1204007,0,0
762.30426,234.67693,824.2576,183.92421,801.4881,299.44458,861.6645,239.04842,693.0407,126.75865,708.96265,140.83061,728.0592,154.27931,740.47003,163.20526,767.3192,178.64491,783.4981,185.59084,-8.294295,587.5344,7.1291823,521.9455,29.819439,453.33783,44.273643,408.41348,80.628265,321.3163,105.88619,274.43195,0.002640588409948613,0.0,0.1204007,0,0
763.406,234.65553,824.7997,183.89584,802.16,299.47302,862.53906,239.27547,706.9182,128.80867,722.6504,142.07803,740.74054,156.85728,754.1541,165.64857,780.45123,181.10988,796.7527,188.2609,14.742358,568.2613,31.422167,502.57718,50.944225,429.52408,68.1753,381.739,104.16965,293.24173,129.87617,244.54686,0.0028683690946753326,0.0,0.1204007,0,0
764.29456,234.96771,825.60767,183.76099,802.8277,299.73312,863.6107,239.479,724.4171,131.97775,739.9944,146.76443,759.06274,161.0383,770.7789,169.81825,797.6216,186.05705,812.5382,192.99225,47.207047,532.23035,61.482166,461.57297,83.859825,387.2081,97.41321,342.09756,133.53598,249.81508,156.48302,203.97652,0.0028895713990655454,0.0,0.1204007,0,0
765.60046,234.20515,826.2204,183.48315,804.10547,298.88568,864.4184,238.48778,744.9133,138.2069,760.5767,152.37776,777.2389,166.46677,790.07306,175.77986,816.03705,191.87408,830.2457,199.15544,82.150024,482.59625,97.20733,411.89337,114.271225,341.1893,129.43199,291.76068,163.66061,200.31065,184.47946,154.52856,0.0029558726890377804,0.0,0.1204007,0,0
766.0406,233.57593,827.80835,183.1722,805.066,299.02448,865.61584,237.9729,757.8953,148.9824,768.0646,169.28314,781.587,189.9803,791.4482,198.69052,822.05786,207.00746,840.31696,205.5589,91.95987,424.54898,85.720375,350.59625,86.400505,272.76965,95.57592,233.13397,150.22821,154.70023,193.3082,121.61106,0.01589678104725509,1.0,0.1204007,0,0
767.1273,233.11462,828.6438,182.92781,806.107,297.88025,866.37994,237.66905,766.8388,155.20647,770.96924,177.40704,779.30774,201.57248,789.3644,212.86281,823.25903,213.12567,842.0513,204.73871,100.96475,391.04712,78.637764,324.8381,63.766346,249.88417,69.84857,204.83142,141.68797,139.47095,196.2815,121.15867,0.03006391730993668,1.0,0.1204007,0,0
767.9231,233.40952,829.6499,183.34282,806.6386,297.87714,867.6326,237.52455,774.2533,159.59605,774.6688,181.85577,779.74,208.2589,790.57697,218.8616,824.0173,216.04633,843.43335,204.34688,110.36365,371.18723,79.39938,311.02304,54.683174,236.17517,63.213146,191.18338,137.3773,133.52328,197.87349,121.62382,0.03491060089317094,1.0,0.1204007,0,0
768.0224,233.10118,829.6879,182.8683,806.6631,297.91547,867.7026,237.3899,776.16907,159.99362,774.94977,182.69606,780.1943,208.51718,791.09155,219.05716,824.80304,215.4106,843.93695,203.81854,113.0233,364.99182,77.96883,307.22797,54.62733,233.93341,63.469875,189.11066,139.47173,132.77731,199.19,121.092545,0.033547867035794335,1.0,0.1204007,0,0
767.96173,232.25783,830.0753,182.00099,806.8064,296.8029,867.66644,236.63597,772.7223,156.3498,774.71606,179.35045,781.72845,205.10385,791.85583,215.33278,824.83984,214.0322,843.9128,203.8128,108.51081,376.9071,80.454865,312.8739,60.871433,236.95407,68.44251,194.48071,139.79948,134.63379,197.3426,120.120186,0.03421742736075525,1.0,0.1204007,0,0
767.6647,231.50784,829.8419,181.13545,806.7783,296.24576,867.29,235.77716,764.67535,150.51172,772.10315,171.0834,784.4817,193.5616,793.9306,203.40201,824.10736,207.86893,843.4915,203.36052,98.111244,403.41296,85.422264,335.3903,81.16412,256.7229,87.79717,215.8269,146.26622,147.8347,196.38515,119.593445,0.021283690850151055,1.0,0.1204007,0,0
767.1021,231.4,829.10675,181.24455,806.06934,296.68127,867.0352,236.39622,753.78076,138.8221,769.5617,153.50323,786.33527,168.6308,797.1983,176.76074,824.336,192.58604,839.8118,199.79692,91.96478,455.9913,106.24725,386.0745,121.80587,314.55893,134.1663,273.20917,171.39395,181.98344,195.32391,134.43967,0.0038215236209837053,0.0,0.1204007,0,0
766.06067,232.2885,828.00574,180.72676,805.10455,297.65796,865.27295,236.47842,733.2147,131.12418,748.32306,146.52411,766.635,160.77408,778.021,169.21558,805.5076,184.73222,820.9834,191.67409,58.614025,504.40753,70.639656,436.34314,91.00873,366.44907,104.187065,324.27228,142.81027,234.53363,167.2989,187.98538,0.0036854933432482126,0.0,0.1204007,0,0
765.10114,232.37279,826.6017,181.0024,804.1781,297.08734,864.90546,236.37335,711.0423,125.50797,728.1737,140.08188,745.5351,154.34169,757.871,162.26521,785.6212,178.07954,801.7618,185.13887,22.762064,568.4118,40.485405,495.57477,58.802937,424.5273,74.672554,380.56488,112.85959,287.68808,138.0295,239.21304,0.003006695911482442,0.0,0.1204007,0,0
764.20886,232.32742,826.35236,180.97484,803.3451,296.96545,864.1603,236.49336,693.0922,121.57101,709.15967,135.77513,728.04517,149.0241,741.8826,157.86725,768.35376,172.82477,784.33813,179.45744,-8.538565,600.6359,7.128646,533.4437,29.735275,464.78534,47.3392,417.0347,83.5421,330.9589,108.74354,284.8659,0.0026611048676692486,0.0,0.1204007,0,0
764.6187,232.20209,825.5906,181.08194,803.4722,297.12396,864.0163,236.79866,683.96576,119.22764,700.7379,134.14941,719.4749,147.62537,732.59314,155.60625,759.84375,170.45961,776.236,176.7451,-28.73282,637.3063,-11.325531,562.95276,11.821206,490.65973,29.727047,444.6629,68.8531,354.63034,95.90005,307.54395,0.003001104011848674,0.0,0.1204007,0,0
764.5799,232.30951,825.5752,180.85435,803.0357,297.17468,863.4195,236.77385,684.5169,119.891945,701.1717,134.45486,720.31964,148.09396,733.45593,156.41241,760.00476,171.15025,776.59845,177.64244,-29.29054,630.25244,-11.667374,558.4527,12.175924,485.9557,29.70483,439.53027,67.57681,351.85526,94.85364,304.10168,0.002835992187513731,0.0,0.1204007,0,0
763.3136,233.06628,825.651,181.65372,803.1554,298.0919,863.3403,237.24666,696.3637,123.9547,713.4576,138.12999,731.67883,151.9351,744.03094,160.17513,770.5179,175.27934,787.09125,182.15495,-0.19682807,578.07495,16.957653,512.1064,36.819206,445.5974,51.716446,403.46777,87.18592,319.28357,113.131165,272.4346,0.0027460838851611547,0.0,0.1204007,0,0
763.2757,234.33392,824.16455,183.17236,802.15967,299.1208,862.561,238.16487,715.8875,129.84207,733.718,144.44043,750.9355,158.81795,764.0166,167.4353,790.2675,183.41539,804.92316,189.68004,34.031384,556.1753,53.554455,479.95633,71.59499,407.217,88.30623,359.08368,123.24535,267.21613,146.45532,222.97379,0.002729146400210962,0.0,0.1204007,0,0
762.62506,234.62991,824.5644,183.4555,800.81104,299.73438,861.589,238.81279,736.67944,144.22653,747.5455,164.13846,761.74225,184.39667,771.2154,192.08627,803.2185,199.32956,819.1288,200.79529,58.245434,470.1272,55.419178,396.52902,59.288105,318.7108,69.343124,282.28256,128.41658,204.1449,161.4862,169.48303,0.014349640286092858,0.0,0.1204007,0,0
761.93,235.58809,824.4933,184.80168,800.5794,300.28397,861.6246,239.29419,751.4074,154.6164,755.7938,178.76202,764.1366,202.75563,773.6716,213.35359,804.2329,208.99367,819.9269,199.95657,80.11678,418.23172,57.07217,346.0851,43.59558,271.43045,49.644814,229.0263,118.97748,181.7598,166.3091,172.34085,0.037487517477348,1.0,0.1204007,0,0
761.75256,235.94135,824.10126,184.79538,800.1425,301.25546,860.5707,239.85583,760.9389,160.80438,762.0954,184.20874,766.5341,211.53084,777.96985,222.00975,804.2081,214.39647,818.80927,201.8357,91.49123,381.71423,62.90569,319.549,37.880302,246.08041,48.144066,201.40752,112.39745,169.23677,162.09343,169.67699,0.052722267243835996,1.0,0.1204007,0,0
761.52356,236.44102,823.9582,185.14487,800.5671,300.29306,860.50684,240.05908,762.7915,159.9056,764.6351,183.74593,768.9348,211.39447,777.9812,221.5554,803.6869,214.37009,818.2018,202.27005,99.57672,378.17294,71.285835,315.24356,44.591736,242.37636,49.98511,203.03905,112.37607,171.08614,161.08145,170.67563,0.060394402118243484,1.0,0.1204007,0,0
761.3401,236.93773,824.029,185.95587,800.0624,300.7799,859.9991,240.82684,756.967,157.32236,760.57635,181.5745,767.80145,206.50426,776.7948,217.0408,802.69775,212.39767,818.7911,201.84258,90.52793,396.26517,66.00391,328.90256,49.07164,256.75726,54.032494,216.46938,113.89439,178.918,164.12141,172.25662,0.04601068682120611,1.0,0.1204007,0,0
761.1052,237.27664,823.8163,186.28859,800.1599,301.46497,860.1807,241.24074,743.75024,149.91034,752.94116,172.56297,763.54803,192.83751,773.42773,202.46675,801.38806,205.78781,817.556,202.41515,73.57623,438.51,62.987717,364.69174,58.69407,296.66412,66.58838,256.35434,120.98915,197.05833,161.35101,173.77547,0.02323500260086784,1.0,0.1204007,0,0
761.8472,237.8989,823.4665,186.32288,800.9006,302.42996,860.58966,242.1081,727.9378,137.32487,742.3677,152.10446,758.85376,165.11163,770.7631,174.32973,798.3381,189.72957,813.65094,197.63371,56.858723,501.24463,68.04857,437.17892,85.96489,374.59753,99.11422,329.96698,137.91998,241.01508,160.57098,192.77406,0.0036158492663098804,0.0,0.1204007,0,0
762.5011,236.95512,824.62683,185.86711,801.7448,301.59467,862.0015,241.18762,699.65045,128.9239,715.63605,142.04936,733.1257,155.92561,746.321,164.55313,771.9408,179.09195,787.8852,186.18152,5.6918626,574.1407,22.288433,511.5337,40.949337,444.79965,57.39006,399.46497,92.34362,316.92285,116.9547,270.0739,0.0027967494681325816,0.0,0.1204007,0,0
763.3243,236.60606,825.3041,185.23546,802.74414,301.01202,862.5496,240.457,682.8281,127.52659,692.66785,136.16197,710.1413,149.5956,722.3402,156.74696,749.5232,171.32928,766.5201,177.6945,-27.84377,601.02496,-18.573135,562.00037,0.1455725,498.0797,15.982215,459.30615,53.25408,375.77448,80.49446,329.81873,0.00336934225131824,0.0,0.1204007,0,0
763.821,236.34789,825.5461,185.61491,802.4368,301.15326,862.6012,241.10585,695.16455,144.4644,705.2543,152.44624,695.34576,145.28969,706.7196,153.95741,734.02075,168.75507,749.88257,173.93779,-28.757654,542.4049,-17.68769,504.149,-29.373465,539.84985,-16.509436,497.66507,21.65522,412.48505,48.336403,371.42972,0.005464955064058345,0.0,0.1204007,0,0
764.0147,236.42862,824.85785,185.74268,802.52405,301.212,862.28986,240.98676,687.5535,140.89777,698.09265,149.8663,688.71173,142.24521,702.22455,152.9656,729.31476,166.45634,747.2416,172.94046,-41.77666,573.851,-30.570269,530.58,-40.976295,568.04645,-25.697912,514.8772,14.555242,430.8427,44.42647,381.4914,0.005196935076381566,0.0,0.1204007,0,0
763.90735,236.94287,825.45917,185.70361,802.7604,300.93582,863.09753,240.69423,691.95447,141.14336,708.61127,151.32805,694.8664,143.39594,708.09705,153.68936,733.93304,166.8142,750.4413,173.12332,-28.757874,564.5607,-6.9032617,507.73505,-25.514387,553.29626,-10.922598,502.20706,26.1774,421.69998,52.67333,375.4973,0.0035689451066744046,0.0,0.1204007,0,0
764.7781,235.61928,825.67426,184.49773,803.0242,299.69562,863.24677,240.07158,676.2165,122.30429,688.57446,133.01424,706.8782,147.09172,719.87897,154.53734,745.0279,168.89235,761.2559,176.27957,-45.444275,648.22217,-32.28565,595.369,-10.841581,523.198,7.480569,479.40826,42.794277,395.28427,67.98592,346.0352,0.0027857856034601866,0.0,0.1204007,0,0
765.13055,235.42151,826.2328,184.29353,803.7023,299.88745,863.706,239.6788,688.29285,125.74711,704.39923,139.90358,723.8057,153.37862,735.8152,161.26822,761.80176,176.74495,777.0451,183.05775,-24.039568,612.7738,-7.616717,544.63776,16.44519,473.47986,31.818558,430.9331,67.01107,343.47806,91.38064,299.1732,0.002528781910271349,0.0,0.1204007,0,0
764.55,235.5534,825.9449,184.44958,803.7042,299.62366,864.0515,239.47954,709.30896,134.25336,724.98755,148.49364,741.8419,162.04457,754.3705,170.59933,780.4825,185.59343,796.52936,193.10942,14.25332,552.56335,28.923456,484.78375,46.780018,417.82867,61.962063,372.54678,97.27481,285.99908,121.31469,237.10329,0.0031786385696003752,0.0,0.1204007,0,0
764.80255,235.55853,825.98566,184.32906,803.5279,300.31238,863.7025,239.70404,722.677,149.6515,731.60004,171.24464,742.89606,191.52884,753.88696,200.92996,784.08624,202.40198,801.024,197.18561,19.70472,486.23215,10.952997,412.70227,9.041366,341.31406,19.90998,298.66385,80.90444,239.01512,124.59127,218.78198,0.021352848410495145,1.0,0.1204007,0,0
764.1997,234.78764,826.3035,183.5666,803.4638,299.46152,863.965,238.83607,735.09985,156.28662,737.3408,180.75415,744.5489,204.25206,754.84784,215.38666,787.6128,206.85022,801.2417,196.1303,38.43074,439.24133,11.953252,372.64774,-2.1837518,303.42865,4.734746,259.62967,81.567924,219.64539,125.23141,218.90968,0.042884183937384746,1.0,0.1204007,0,0
764.7965,234.27287,826.74866,182.71103,803.5533,298.93396,863.9103,238.00165,742.0884,159.54518,740.707,181.89496,745.3566,208.49297,755.83466,219.3706,787.18915,210.782,802.4418,195.76405,45.838833,418.3797,14.727303,364.07144,-7.8095155,292.32916,-0.057815623,248.93877,73.47755,210.98735,126.139984,216.75142,0.04618618708502068,1.0,0.1204007,0,0
764.92004,233.59995,826.4321,182.03331,803.7218,298.02896,864.15955,237.52403,743.56903,158.1571,741.85443,180.88031,746.0655,207.66104,756.8543,218.84996,788.12915,209.46071,802.3651,195.2524,50.804745,418.96008,17.790516,364.14682,-6.4296775,292.3173,1.614565,247.2557,76.87917,210.60544,126.617775,216.1796,0.047682798435606515,1.0,0.1204007,0,0
764.56323,234.22127,826.12146,182.48253,803.4039,297.9962,863.8117,238.03502,738.50006,154.80933,740.50275,177.57802,746.87665,202.88539,756.3017,213.8801,785.84814,207.90973,801.7385,195.0765,46.818295,436.3471,21.375727,374.92746,2.7941093,302.61725,8.196227,260.21362,75.928276,219.04437,127.2313,218.30309,0.04593610200374414,1.0,0.1204007,0,0
764.19904,233.6178,825.477,182.35197,803.2448,298.19498,863.3825,237.8047,728.3907,147.93977,737.10547,169.3242,749.5751,190.58577,758.49396,199.87743,786.06085,200.86424,801.2826,195.48613,33.95852,472.20984,24.47473,400.3251,23.236416,324.9665,29.79395,286.58047,85.88524,233.05879,126.067696,216.51996,0.024186367191547542,1.0,0.1204007,0,0
764.01404,233.68988,825.1038,182.27538,802.8997,297.70328,863.05927,237.54228,714.74005,137.69594,729.35474,151.09076,745.7029,164.68074,757.91473,172.82776,782.8034,186.37076,797.26044,192.08598,19.366829,526.6042,32.98066,463.43008,49.823467,397.5495,64.96669,353.99835,99.836525,273.37546,123.100784,231.77701,0.004000747162268876,0.0,0.1204007,0,0
763.4579,233.42207,825.0797,182.53632,802.99445,298.0027,863.0803,237.18918,693.9638,133.89906,708.86163,146.52716,727.05475,160.53825,738.99756,167.92949,765.0123,182.09296,781.5531,188.11409,-17.851364,569.89886,-2.8971872,509.21194,16.92475,439.8558,32.168156,399.43375,67.87053,316.50323,94.73327,270.99448,0.003319483606178948,0.0,0.1204007,0,0
763.4607,233.52621,824.77075,182.3107,802.9613,297.69833,862.12103,237.58975,686.50146,139.94025,694.66425,145.62851,709.8227,157.93474,722.4303,165.98396,748.5344,179.55664,764.3939,185.89682,-38.94879,553.28784,-29.572344,525.3524,-14.283161,469.00125,1.0956584,427.73886,37.01947,349.48923,61.575237,306.0349,0.003305978418284503,0.0,0.1204007,0,0
763.46924,233.50443,825.236,182.56525,802.9799,298.01266,862.7373,237.53798,698.43713,156.82416,710.62366,166.32776,699.95245,158.77878,712.2356,167.3429,738.0097,180.66855,754.0152,186.523,-36.040516,492.94165,-23.297838,448.51834,-35.36315,485.39368,-21.327427,443.27158,13.8068,366.4331,38.881172,324.21494,0.0046965305475893905,0.0,0.1204007,0,0
764.7366,233.43614,826.06836,182.73628,803.61487,298.70627,863.8941,237.60327,679.78674,144.65808,684.96515,150.32516,697.27576,161.33992,709.9889,169.10846,737.3738,182.47137,753.5273,189.24744,-66.75693,571.48926,-62.71341,546.64056,-50.426888,495.17514,-33.71557,452.3809,6.143097,369.42715,31.046356,323.2578,0.004667992379044407,0.0,0.1204007,0,0
765.0853,234.37155,826.78265,183.19856,804.32715,299.02457,864.22864,238.42902,705.14417,165.06065,715.9414,173.7868,705.83923,165.87506,717.1064,174.62383,743.743,188.0355,759.2456,193.55336,-35.727882,466.60016,-24.672892,426.46008,-35.310093,463.36197,-23.35979,422.4027,13.58095,343.68323,38.121624,302.99976,0.005427978088103717,0.0,0.1204007,0,0
765.30347,233.9144,826.633,182.76376,804.69495,298.38486,864.5966,238.02583,693.11743,151.54807,700.8009,158.87566,717.59863,171.42044,729.32,179.27599,756.3183,194.69661,772.18304,200.88475,-44.63894,524.1454,-37.94671,491.8021,-19.29185,430.7457,-5.2583923,390.6591,30.285378,305.16772,54.90421,261.6519,0.0033422673365431413,0.0,0.1204007,0,0
766.17426,233.74695,827.39276,183.07283,804.73834,297.96063,864.95306,237.7619,699.66614,152.10796,716.27057,166.08015,734.179,179.51186,746.58435,187.21043,773.1094,202.1928,787.9772,208.93315,-36.515984,520.81226,-19.204853,453.7465,1.1866243,386.77795,17.17734,344.88644,53.056297,259.43988,75.286,215.5913,0.0026555494923140377,0.0,0.1204007,0,0
765.4638,234.65016,827.86346,183.53021,804.97833,298.99265,864.9699,238.79405,712.3704,164.77531,723.82385,184.01988,738.53174,203.72748,751.03564,212.00452,779.2963,215.38547,795.569,212.1013,-19.962831,451.60962,-20.43143,385.82422,-15.237957,315.07745,-1.0008175,274.9632,50.354744,217.61761,87.83969,195.21722,0.014815710262018065,0.0,0.1204007,0,0
766.2351,235.33008,827.1016,184.43842,804.7069,299.81482,865.0073,239.69542,722.2482,172.87964,728.34814,195.35152,738.37476,217.98033,749.9285,227.22185,781.6188,222.91798,796.8243,213.19366,-14.120076,430.30167,-28.700508,362.0581,-34.976868,289.79773,-22.785442,247.77391,46.290726,198.98793,90.828545,192.11,0.029254649358440958,1.0,0.1204007,0,0
767.1928,235.87442,827.8064,185.13985,805.4014,300.57953,865.83594,240.75282,730.09216,177.31827,733.88727,199.14915,741.6502,224.30255,753.63727,233.47343,782.7809,226.81873,797.8896,214.73695,-5.369332,408.8435,-24.077501,346.6057,-37.688454,272.69208,-24.303633,230.14467,42.832825,191.05617,90.350105,189.55927,0.0380738021293047,1.0,0.1204007,0,0
768.59814,237.17119,828.77716,185.15945,806.36395,300.78958,866.8121,241.06104,731.6981,176.95102,736.36646,199.14627,745.0055,224.4539,759.38806,232.08183,784.3713,226.81601,798.63403,215.35649,-2.4771442,414.0695,-20.292822,349.53162,-32.862854,273.2651,-12.625797,228.76016,45.30936,192.68175,90.3722,190.58612,0.03612595427585329,1.0,0.1204007,0,0
768.2366,235.70883,829.59674,184.49194,807.0215,299.933,867.5739,239.85931,727.0842,174.09558,734.93823,195.7713,746.98444,217.4519,757.16394,226.16267,786.48474,222.38797,799.7044,213.43674,-8.15291,420.6084,-18.559994,352.29376,-20.279354,279.38342,-10.475152,241.23865,52.982277,195.71783,92.19871,190.88278,0.027796662324682468,1.0,0.1204007,0,0
767.6894,235.4259,830.58105,184.13095,807.665,299.99567,868.2564,240.04333,715.66565,168.35864,727.54596,183.95439,743.38196,203.92409,758.6444,208.26495,786.8732,213.47514,799.3826,212.99518,-20.458689,440.56094,-16.009567,383.69235,-9.213477,311.00366,15.018638,275.28128,64.477516,213.98708,90.67048,192.331,0.011091479378218302,0.0,0.1204007,0,0
767.97345,237.03975,829.8712,185.39494,806.89124,301.1267,867.37164,241.02597,700.10944,165.22202,711.8486,175.92352,729.04376,187.65213,741.00305,195.36052,768.6481,205.72716,782.6681,209.36908,-48.66806,487.57968,-37.993927,440.69058,-17.834051,382.24945,-3.3100834,342.78577,39.530647,268.87936,63.575264,234.7026,0.004652477961088538,0.0,0.1204007,0,0
767.1799,237.02547,828.7376,186.56982,805.75635,302.12186,866.1908,241.8346,706.8883,186.17673,717.6732,193.98413,707.7978,187.62425,718.2147,193.77267,746.3051,206.25758,758.20715,208.97662,-60.495823,424.9888,-48.003067,387.08923,-60.314705,419.78568,-46.699543,386.68997,-5.3013544,307.4857,15.421475,279.84384,0.005512465798142777,0.0,0.1204007,0,0
766.1518,238.66788,827.84064,186.78049,805.2979,302.82004,865.80396,242.31139,655.8859,166.39243,669.57367,175.93262,683.44916,186.22636,695.35114,193.15375,724.4505,205.1388,739.9888,209.59448,-130.27165,561.9453,-114.49068,514.9638,-99.24959,466.03564,-84.17033,428.94894,-41.718456,350.0931,-16.613253,312.2382,0.0036262564984273255,0.0,0.1204007,0,0
766.2746,238.93779,827.5065,186.81158,804.81757,302.96317,865.5069,242.59569,632.5626,163.58134,650.4015,176.13895,667.1683,187.27318,682.52386,194.64952,711.13245,206.96957,727.29895,210.64296,-178.09145,619.8544,-156.49203,556.28314,-135.70743,498.8659,-113.81527,453.69437,-71.55003,373.15933,-43.889435,335.3751,0.0029486947059211327,0.0,0.1204007,0,0
766.4529,238.375,827.76434,186.56708,805.35425,302.496,865.4582,242.8639,625.28723,164.77435,644.9698,178.49448,662.97095,189.68158,678.92896,198.29929,711.5329,212.81131,724.35364,215.72563,-188.36176,611.18524,-165.80128,545.6652,-143.85165,489.29227,-123.04898,442.46664,-77.04939,353.689,-55.69106,324.89206,0.0024046039464896253,0.0,0.1204007,0,0
766.9754,237.5182,828.5753,186.08574,805.9889,301.95746,865.9176,241.98505,630.07996,166.9721,648.6943,180.44931,667.4194,192.22206,683.1099,200.93721,712.65234,214.60245,726.1476,218.13583,-179.46005,589.2558,-159.31319,527.68097,-137.30917,470.17102,-117.672874,424.633,-77.57939,344.71704,-56.113136,313.9809,0.00248218943135042,0.0,0.1204007,0,0
767.9202,237.53516,829.56226,185.5084,806.7425,301.19913,866.9381,241.66777,646.1642,172.26878,663.73846,184.16351,681.1458,196.73813,693.8662,203.02621,721.08105,216.18134,739.26855,220.77142,-158.18935,556.8396,-138.19498,499.91965,-119.2547,441.73755,-102.318436,406.0195,-65.5444,329.8398,-35.961666,287.91037,0.002900512696888016,0.0,0.1204007,0,0
769.1128,236.64006,830.17065,184.89694,807.56335,299.86734,868.11615,240.26654,671.0743,176.50452,684.36975,185.1447,702.38464,198.77188,714.97424,205.3649,740.48224,218.99936,758.24805,224.21422,-124.45707,520.69635,-107.810326,475.18613,-87.596245,409.30862,-70.29451,370.7919,-35.717915,292.45837,-6.6158104,247.84534,0.0028083203116259954,0.0,0.1204007,0,0
770.6527,235.21504,831.564,183.87189,809.3739,298.9949,869.42505,238.75449,704.61206,181.73222,711.0713,186.97237,727.34174,200.6241,737.9108,207.44728,765.35944,222.41663,781.86255,229.19284,-67.83547,445.52637,-61.04338,420.8817,-44.62382,358.30624,-31.695436,322.9896,4.9287305,238.23698,29.614685,192.4006,0.0037290139320977824,0.0,0.1204007,0,0
772.8057,231.83765,833.40234,182.10622,811.0516,297.0513,871.3644,236.85562,715.57916,184.65381,721.4136,202.48528,732.3431,224.84047,742.0581,233.56793,773.6884,234.159,788.18445,230.0143,-61.287323,417.3077,-69.25423,361.32452,-71.75816,288.31793,-62.233868,251.25914,-0.9530043,193.25114,33.198433,175.74199,0.02527611037585822,1.0,0.1204007,0,0
775.1431,231.48387,835.03094,180.4246,812.83264,296.07,873.7544,235.48055,730.8598,183.67041,734.68463,204.96964,742.1692,232.64029,751.478,243.1448,777.8694,238.88695,788.91675,231.01324,-35.484493,402.62674,-52.536255,340.2334,-68.19227,259.72137,-60.99738,218.63588,-3.2273073,178.46754,28.823736,174.71588,0.05307384311615039,1.0,0.1204007,0,0
777.23474,230.6864,837.3939,179.14447,815.4349,294.5667,875.7428,234.2904,737.77454,183.29256,744.2186,205.99504,753.1291,232.06068,761.8634,242.0242,783.1177,236.36092,792.2422,228.94965,-23.421305,387.27863,-37.444027,319.00684,-49.68482,242.07184,-43.755543,203.9616,4.988023,176.49525,32.546036,175.30273,0.0535276695092503,1.0,0.1204007,0,0
778.4292,228.67424,838.41125,177.58849,816.50415,293.5605,877.7407,232.91963,733.2045,181.87044,741.4689,203.92209,752.2364,227.14368,762.8111,238.1315,784.9141,231.87984,793.1362,227.84462,-38.49026,401.5454,-47.162598,328.83905,-51.56,252.96431,-42.57607,208.4284,9.374786,180.62662,31.1559,173.85829,0.03785165407592524,1.0,0.1204007,0,0
780.12085,227.64749,840.39716,176.4112,818.1607,291.82413,879.13007,231.21599,721.3003,177.2164,731.9485,195.79103,745.97986,214.74863,755.0658,222.36531,780.7881,225.29674,795.2228,224.35632,-61.57898,436.11844,-60.932304,367.27905,-53.9163,294.21542,-44.267838,259.27475,4.1733756,203.9897,34.717392,178.53542,0.017032362614742697,1.0,0.1204007,0,0
780.94025,227.39847,841.574,175.73529,819.4964,291.2656,879.9687,230.78653,732.144,192.92316,747.7824,201.26813,734.0598,195.17087,748.60406,203.07568,773.95636,216.16806,791.10333,222.00946,-56.86011,370.75998,-35.18552,321.63757,-55.613518,361.72534,-35.66345,315.80893,-0.4101533,238.14041,26.949928,192.74051,0.00217837590327996,0.0,0.1204007,0,0
780.9047,227.77295,842.4322,175.30032,819.5976,291.0282,880.4859,230.48607,687.1789,175.70084,698.03406,183.01163,712.1175,194.28494,722.9666,200.26663,751.54553,213.7108,767.5313,217.83713,-122.402885,491.77972,-109.46009,454.42487,-94.74376,401.9589,-80.52689,368.33423,-40.60854,285.4687,-14.315952,246.7895,0.0038503987109249883,0.0,0.1204007,0,0
780.1944,226.48827,842.7223,175.22412,819.4607,291.1946,880.34955,230.55975,660.2199,169.41011,676.85126,180.44066,694.37933,194.22292,705.33527,198.87035,733.1905,211.98834,751.8123,216.9675,-159.97171,530.26575,-141.18735,477.5521,-123.572754,417.00418,-108.6462,388.62,-71.75833,312.90802,-42.77275,270.325,0.0031859676015500173,0.0,0.1204007,0,0
779.22833,227.17929,841.5127,175.8781,818.9556,291.2866,879.2069,231.41478,645.9146,169.45659,662.68494,180.9375,680.8231,194.06125,693.6962,199.84726,721.75604,211.73067,735.3191,216.60468,-179.25125,546.15405,-161.5564,493.9795,-143.10638,435.88052,-126.46669,402.70273,-89.03357,331.22302,-69.77691,298.16638,0.0028610123538471816,0.0,0.1204007,0,0
778.51,226.98001,841.3001,176.07758,818.07324,292.11758,878.49146,231.54164,639.1718,169.31258,657.9069,182.71175,675.9317,194.65637,690.0126,200.86922,721.155,214.75551,732.94653,218.73346,-187.02887,547.36536,-168.11208,489.30902,-149.02153,435.579,-131.12059,400.56296,-91.067474,321.60794,-74.36936,294.08148,0.0024904615428056895,0.0,0.1204007,0,0
778.2083,227.65489,840.2892,176.67572,817.15656,292.328,877.93976,231.64597,643.9362,172.53891,662.869,185.81639,679.75507,197.96289,694.1395,205.19403,723.71967,219.00903,737.26996,223.90819,-190.67046,553.50867,-169.38947,490.7763,-150.8331,434.496,-132.13661,394.2145,-92.54661,313.6169,-72.85351,279.7449,0.002488437361361331,0.0,0.1204007,0,0
777.7883,228.19986,839.9997,176.99408,816.81824,292.6725,877.4701,232.2831,657.0822,176.97655,675.6121,189.48558,692.07916,201.90234,707.9224,209.13188,735.0947,222.58484,751.7032,227.28528,-168.26535,518.8046,-147.47748,459.6185,-130.33765,404.1299,-109.20714,361.82602,-73.81927,286.41345,-48.2557,247.75119,0.002607796350755832,0.0,0.1204007,0,0
778.45386,229.12152,839.45105,177.61911,816.62646,293.03793,877.29987,233.04921,674.29626,181.48946,691.4198,194.70662,710.1279,207.21666,724.3798,213.88774,749.8182,226.85316,766.0557,234.09709,-152.05933,500.6919,-132.49763,437.47617,-109.429756,374.10812,-88.96927,333.0117,-53.769497,257.56076,-30.25838,211.94112,0.002148243194841759,0.0,0.1204007,0,0
777.8527,229.88765,839.02527,178.78851,816.5288,293.82193,876.94995,233.75961,708.3135,191.77084,713.59875,197.8919,729.3144,211.22363,741.6394,217.53918,768.49524,230.94833,784.03,237.85054,-92.156555,412.98486,-88.6136,388.79556,-72.95641,329.4956,-56.244793,293.0767,-19.53369,214.73688,2.6575189,171.37253,0.0041425191403053774,0.0,0.1204007,0,0
777.24054,230.38841,839.0001,179.59526,816.198,294.88116,876.52466,234.5121,717.2662,206.55055,724.8297,216.82564,737.24774,232.63686,748.1329,238.72305,778.4568,244.12508,794.9293,242.86063,-87.04022,357.6711,-83.82871,321.22488,-77.55807,264.8544,-64.040146,233.02756,-13.472152,168.3637,19.57118,141.23775,0.012281397010360753,0.0,0.1204007,0,0
778.34064,231.63373,838.68054,180.75035,816.58356,295.92474,876.5255,235.49017,721.79016,199.01292,726.8764,217.95451,737.8862,243.53697,748.24786,251.85416,779.39636,250.83275,795.9897,243.78395,-75.13931,379.76468,-85.708755,324.94598,-91.494316,247.30878,-80.629845,210.92241,-20.16835,156.74152,20.63213,140.77583,0.027383370441187844,1.0,0.1204007,0,0
778.77277,233.049,839.2499,181.51656,817.3393,296.39697,877.422,236.17075,723.9035,199.12932,728.6532,219.11311,738.542,244.02484,748.59296,253.01828,778.524,253.30054,796.96643,244.69913,-68.9853,380.48822,-82.10974,323.96573,-90.22884,249.74188,-80.933685,212.19171,-24.35203,156.9437,21.890305,140.58022,0.02900856522992621,1.0,0.1204007,0,0
778.9045,233.19603,839.91833,182.431,817.6954,297.44128,878.0589,237.31168,720.3162,205.45897,727.0669,217.95264,739.3475,237.79607,749.5217,245.06186,780.62384,248.94612,797.1875,245.68787,-82.71929,368.76227,-83.26257,327.23624,-81.178635,260.59293,-69.825005,226.82756,-15.055889,162.94205,21.026295,139.46953,0.017067984852640935,1.0,0.1204007,0,0
781.5146,233.73943,840.4128,183.32446,818.2128,298.16385,878.80115,238.10513,718.387,204.71289,724.0275,206.57864,739.13074,217.64262,750.8386,223.99889,778.4449,238.17747,793.4736,244.26385,-101.57261,395.86688,-91.39118,379.68494,-71.17957,321.41272,-53.411674,282.77017,-11.688982,195.91058,12.363981,153.44374,0.0019366737180687163,0.0,0.1204007,0,0
780.3316,232.94565,840.8809,183.52177,818.5742,298.12027,878.6568,238.31902,690.6884,197.13995,704.3642,205.85379,719.89624,218.55585,732.06537,225.29263,757.9522,237.27821,775.46497,243.1908,-137.10713,441.9556,-119.46051,396.93256,-102.463234,339.56833,-86.051674,302.79373,-48.885178,230.37914,-21.37288,186.30269,0.003233854155962075,0.0,0.1204007,0,0
780.63025,234.19667,841.7461,183.301,818.9645,298.01718,879.2415,238.38115,670.13477,195.35492,686.6179,205.87407,703.55286,218.04504,716.9589,224.83781,743.411,238.25424,758.8991,242.74925,-169.46098,483.2755,-149.24582,430.09067,-129.98286,372.579,-111.94266,333.94736,-76.406685,257.79,-51.940937,220.54472,0.0024347431485104904,0.0,0.1204007,0,0
780.3619,235.13947,842.6675,183.77,819.63196,298.81448,880.3165,239.48915,654.1189,194.4615,670.3695,205.58737,690.9981,219.54387,703.0884,226.36404,728.0869,236.38232,741.395,243.59267,-187.21979,500.39008,-169.75407,449.3711,-147.44305,385.05954,-133.00328,350.41357,-98.77498,287.39056,-82.39154,249.49902,0.00226805901171343,0.0,0.1204007,0,0
781.11163,235.27815,843.46564,183.71616,820.68176,299.78104,881.61334,239.44365,647.0623,195.34396,664.95026,207.41962,684.7365,219.6029,698.5634,227.0362,725.4638,239.79994,740.31256,247.03265,-201.81694,511.74664,-182.15688,455.7008,-159.37885,396.62482,-142.4335,357.8131,-107.693405,285.84534,-88.62477,245.54324,0.001523110083345481,0.0,0.1204007,0,0
782.186,235.0634,844.4454,183.89726,821.4916,299.38278,882.2117,239.40254,652.5717,197.05147,670.9228,209.60895,689.20245,221.24867,703.98303,228.99423,730.9409,241.59012,745.0936,246.1723,-195.83571,499.35617,-175.8952,441.71765,-155.2676,386.45743,-136.98604,345.53217,-101.969345,273.92297,-81.3587,240.41753,0.002249546613014566,0.0,0.1204007,0,0
783.3452,234.26137,845.0949,183.40964,822.3256,298.56003,882.98083,238.53918,665.08984,199.5338,683.0609,211.78297,700.89636,223.62936,715.4245,230.87062,742.9858,243.79236,758.33636,248.7236,-183.40523,480.20975,-162.91449,422.0307,-142.42412,365.42032,-123.44808,324.98724,-86.58538,250.00854,-63.60183,212.9815,0.0023516821811679824,0.0,0.1204007,0,0
784.0499,233.03285,845.6156,182.73605,823.54315,297.60956,883.66675,237.7026,682.65594,201.77998,699.63495,213.59753,719.6229,226.388,735.60565,234.78029,758.2745,244.80933,775.57196,250.782,-154.49799,440.87918,-135.7772,386.0794,-112.75721,324.51147,-92.53541,279.49805,-61.81727,219.56248,-36.397934,177.08803,0.0024231033066888477,0.0,0.1204007,0,0
784.59906,234.0911,845.36487,182.66281,823.54175,298.32794,884.218,237.66608,700.46173,203.35161,715.1639,212.10806,736.2858,226.43716,748.4377,233.36069,774.43463,246.80618,791.9962,252.97202,-130.27385,424.82816,-111.00896,377.14743,-85.57367,305.46854,-69.71732,267.81824,-34.658527,191.15698,-7.846256,145.9795,0.0019164433062084073,0.0,0.1204007,0,0
784.5457,233.60495,846.02637,182.70705,823.79205,297.77145,884.3655,237.50304,720.3356,206.96849,732.7083,216.09624,750.9743,231.26039,762.82996,237.4694,790.41254,252.3678,806.6945,257.78534,-92.86087,374.1096,-79.357704,331.27213,-61.48663,264.9226,-46.025078,230.37393,-10.691188,149.30945,14.062307,108.525,0.003303688431820857,0.0,0.1204007,0,0
784.56696,233.51282,845.83093,182.9972,824.03906,297.95084,884.3184,237.62065,728.53986,213.75803,737.007,230.94037,750.53076,250.33545,760.2489,258.3007,790.7453,262.00732,808.897,258.53888,-84.71118,343.20755,-87.1602,289.18314,-82.64079,223.59149,-73.29639,190.10501,-21.19813,128.90364,17.178185,103.104004,0.016666688204215033,1.0,0.1204007,0,0
784.9849,233.86209,845.8163,182.75734,824.0084,297.878,884.2693,237.42867,733.7948,211.53879,740.6771,231.19241,751.248,256.02676,761.6256,264.57043,790.7504,265.74838,808.91693,259.10367,-74.04996,343.7184,-82.31095,285.89954,-88.82151,212.967,-78.677704,176.86057,-25.89015,122.34207,16.461912,102.459755,0.025615424391115648,1.0,0.1204007,0,0
784.9698,232.49457,845.5659,181.83664,823.3292,296.77908,884.06445,236.46214,735.96814,211.64818,742.6526,231.9477,752.31213,256.84842,763.12604,265.62952,791.7792,265.62424,809.36346,258.09402,-73.67609,338.7842,-82.538246,278.67932,-90.09657,206.2708,-78.87863,168.58772,-24.832436,117.112404,17.765532,100.15259,0.027962924497230902,1.0,0.1204007,0,0
783.7174,231.87152,845.25586,181.16545,823.3236,295.548,883.87854,235.48735,729.7894,214.04568,738.1831,229.46542,751.79865,249.84727,761.53345,257.8822,791.4699,261.1906,808.44415,256.96475,-82.10865,335.62906,-83.186104,285.7184,-80.003296,217.56279,-70.8985,183.75922,-19.622513,124.03844,17.323837,101.8253,0.017320884483898458,1.0,0.1204007,0,0
784.0429,231.06766,845.05145,180.16917,823.1623,294.79938,883.4855,234.84326,720.4428,207.65332,728.8975,214.23671,749.24176,228.27412,761.0675,235.16791,787.74866,248.3854,803.3112,253.81389,-96.206764,367.35114,-87.25367,336.99518,-63.98615,268.92178,-49.18341,232.55197,-13.326193,156.0166,10.226377,116.22521,0.002899454047733061,0.0,0.1204007,0,0
783.9402,230.78082,844.6325,179.8172,822.97186,294.64307,883.37305,234.54414,698.1953,209.705,710.0945,216.60434,726.1014,227.78935,740.017,234.70016,765.9582,246.30663,782.98816,251.85246,-142.49576,402.62473,-127.03482,365.28473,-108.40316,311.08102,-89.41831,270.83734,-52.867214,199.08688,-26.630281,156.54944,0.0024922634813243825,0.0,0.1204007,0,0
783.92303,229.71696,845.28406,179.01752,822.7036,293.93045,883.1216,233.66165,670.4057,204.31592,686.21277,214.08595,703.2992,226.34091,718.6605,233.48715,743.0386,244.49481,762.25586,249.35872,-184.99701,453.1221,-165.8539,404.05356,-146.89449,347.44452,-126.262726,305.66504,-93.17241,240.0603,-63.044827,196.31438,0.002822531775407362,0.0,0.1204007,0,0
784.22174,229.33864,845.8808,178.42555,823.2285,294.0694,883.78204,233.10924,652.7378,200.58492,671.61475,212.83731,689.02246,223.31046,704.3514,230.79578,731.32263,242.71835,747.9415,246.90327,-210.80142,486.9315,-188.85649,427.89194,-168.02905,375.7387,-148.17934,333.91638,-112.04799,263.01675,-86.56707,225.90218,0.002333228578175746,0.0,0.1204007,0,0
784.5327,228.78587,846.2485,177.77246,823.8777,293.10754,884.2309,232.54419,646.66046,198.34027,666.0409,210.45386,682.8588,221.58366,699.5822,229.79579,727.0143,241.44278,744.6218,246.34956,-217.86931,498.22754,-195.5926,439.6304,-176.8946,387.5693,-155.7512,342.39462,-119.21359,272.03632,-93.030235,232.02399,0.002353398570925342,0.0,0.1204007,0,0
784.52356,228.56647,846.2215,177.6601,823.8385,293.27243,884.2473,232.52785,650.3299,197.8143,669.5332,210.24677,686.67285,221.3995,702.3469,229.05563,730.3937,241.65706,747.6348,245.7431,-212.12048,493.1642,-190.1549,433.86426,-170.71169,381.1083,-150.67592,338.7713,-113.69709,265.24292,-87.188354,227.56598,0.0024735326868648346,0.0,0.1204007,0,0
784.09174,228.3595,845.68915,177.6052,823.3036,292.98233,883.70557,232.18697,661.966,199.81453,680.03156,211.41243,696.19446,222.63324,710.7833,228.83185,736.8663,240.55544,755.5738,246.43442,-194.04645,470.85944,-173.0559,414.6178,-155.17001,362.6794,-135.45145,324.92242,-100.700195,255.7777,-73.108284,211.37146,0.0024249495229145307,0.0,0.1204007,0,0
783.34955,227.88089,844.99146,177.43022,822.77954,292.55,883.0672,232.22775,676.437,201.45969,694.19116,213.23232,712.1873,224.0721,727.7432,232.5048,752.58875,244.16855,770.2865,249.98134,-168.75638,439.0821,-148.65633,383.33307,-127.3457,329.61905,-108.05178,285.38608,-75.39214,218.59601,-49.386635,176.02483,0.0020551145882463048,0.0,0.1204007,0,0
783.35956,227.59857,843.8013,176.67496,822.1213,291.65222,882.67993,231.55629,696.6967,204.46277,710.7119,213.84735,729.79425,226.77927,743.50574,234.54175,769.4725,247.43831,787.6019,252.36479,-144.86026,412.0033,-127.35815,364.13757,-104.07495,299.66165,-85.978676,257.48907,-50.186638,182.55173,-20.8329,139.22743,0.002670158582416663,0.0,0.1204007,0,0
781.9947,227.72287,843.4347,177.08101,821.29126,291.68506,881.7249,231.75214,719.3173,208.29231,732.498,217.61435,751.0532,230.45561,763.40826,236.62239,790.419,250.6134,806.30975,257.16916,-97.426414,353.95514,-82.80078,309.824,-62.08958,248.88211,-45.767365,213.77742,-10.713826,136.07031,11.839777,93.827896,0.0021370716356475684,0.0,0.1204007,0,0
781.8828,228.59827,842.59875,177.3343,820.83875,292.39188,880.7921,232.30171,732.8224,216.72697,742.8237,233.14693,757.0162,253.06999,767.17926,260.40906,797.37823,263.64243,814.6679,260.31927,-81.4502,315.04846,-80.35926,260.5137,-75.2683,192.7168,-64.3155,159.49487,-11.256502,98.32524,25.901451,72.89754,0.015308967844625744,0.0,0.1204007,0,0
781.2525,228.82309,842.5428,177.6794,819.90424,291.83618,880.50806,232.1146,744.8477,218.49908,751.2458,239.54968,761.485,264.86847,772.2199,275.10043,799.88385,270.39642,814.8321,261.3681,-58.593018,289.54608,-69.789856,230.82753,-78.01276,158.87657,-69.27245,119.01936,-12.957433,78.34244,26.143867,68.69798,0.03303104939878141,1.0,0.1204007,0,0
780.7443,228.95857,841.7553,178.01877,818.9808,292.37515,879.68365,232.1253,749.3842,219.4779,755.09015,241.40369,764.8946,268.43906,775.52734,277.9987,802.9137,271.3476,814.0328,261.21985,-50.485863,279.4271,-63.64302,219.48564,-73.92151,144.65047,-64.395256,106.42413,-6.4025793,69.83898,26.611462,69.343666,0.04193455617636497,1.0,0.1204007,0,0
780.5262,227.98584,841.35046,177.14044,818.9524,291.54095,879.3314,231.39455,743.46204,218.49707,751.7192,239.0889,762.3481,263.7491,773.4977,273.6709,801.60547,268.4579,813.9208,260.24396,-61.500767,289.37656,-68.20953,228.03377,-74.50842,156.68884,-64.422195,116.74221,-6.428807,76.09656,26.766922,69.568375,0.03111217030483274,1.0,0.1204007,0,0
780.3131,227.50067,841.52826,176.50967,819.46136,290.98053,879.37695,230.65726,732.8956,215.51724,744.3597,232.04944,758.16705,251.35802,767.6215,258.68512,798.54095,262.25763,813.2652,259.96365,-76.25708,311.17734,-72.89141,254.14763,-68.311516,188.63419,-58.99301,156.82118,-6.015793,93.805275,24.554659,71.0507,0.014935786260984114,0.0,0.1204007,0,0
779.9171,226.90193,841.24396,176.17958,819.2501,290.98468,879.2754,230.5006,717.43726,210.24234,729.40717,220.06671,748.3468,231.9782,760.90454,237.68085,789.1519,251.86601,805.1041,256.42584,-98.99163,346.62094,-87.32761,303.81094,-65.21833,244.79515,-48.232246,210.54257,-11.461047,130.48401,13.363177,92.135796,0.002707796437578058,0.0,0.1204007,0,0
779.24493,227.5445,840.4158,176.29823,817.82153,291.41525,878.71814,230.47675,693.9354,209.27455,708.62006,218.24771,724.4088,230.25223,737.6271,236.71011,765.515,248.57727,783.20557,252.42343,-143.35944,396.1667,-124.842926,348.90323,-107.52953,293.23114,-89.57202,255.29065,-50.073235,179.553,-21.025469,139.32214,0.0033244638550306857,0.0,0.1204007,0,0
777.8389,227.65497,839.538,177.27234,817.27655,291.8895,877.3912,231.54387,669.4421,205.46248,686.3814,215.4912,704.9851,228.33076,719.64435,234.77837,748.25183,245.9674,765.0272,249.92557,-173.14671,430.715,-153.33795,380.85867,-133.35654,322.1094,-114.12657,284.05222,-74.92239,212.2404,-48.931107,175.11436,0.0027445752980835222,0.0,0.1204007,0,0
776.9959,228.42047,838.3981,177.43918,816.0634,292.552,876.3282,232.29997,653.9222,201.03685,672.6318,213.41887,691.3541,224.26535,707.0017,231.11998,735.5313,242.79189,750.7805,247.16075,-198.42172,471.3537,-176.98679,412.15958,-154.22052,356.82495,-133.0987,315.6141,-93.60662,241.97905,-70.42103,206.35867,0.0022439682998352654,0.0,0.1204007,0,0
776.05994,228.84056,837.4334,177.9225,815.19836,293.135,875.2111,232.80789,653.35626,200.43555,672.236,212.64471,689.8503,222.70647,705.61816,229.8088,733.94904,242.00433,749.4448,246.31126,-195.27493,470.59906,-173.67134,412.1876,-152.34985,360.93195,-131.437,319.31027,-93.10231,245.37112,-69.528076,209.654,0.002084717970239402,0.0,0.1204007,0,0
775.88763,228.21684,836.74805,177.98454,814.6325,292.8961,874.6735,232.60469,664.8443,200.94344,682.6595,212.04668,700.38116,223.54254,715.98083,229.84052,741.39075,241.26321,759.0926,245.97101,-180.92204,454.25183,-158.93163,398.2507,-137.66779,341.96362,-115.37214,301.4213,-80.17476,232.71222,-52.19325,191.71223,0.0023354390726996917,0.0,0.1204007,0,0
775.885,229.51186,836.3176,178.48247,814.0829,292.64285,874.5272,232.51076,683.57697,202.1818,698.33856,211.60756,718.99255,224.07048,732.9501,230.40044,759.11255,242.09877,776.5914,246.86043,-150.92088,435.28485,-132.03198,385.17358,-105.239975,317.82697,-85.12728,277.70743,-47.52881,203.44586,-19.093166,160.73166,0.0022597451469855917,0.0,0.1204007,0,0
774.95074,228.59799,836.0338,178.33217,814.2602,292.9854,873.7179,232.7125,707.17554,203.01234,720.7802,212.25168,740.46075,224.7541,753.3303,231.03856,780.652,244.72968,796.9162,251.13516,-99.26753,374.55344,-83.94533,330.45572,-60.955303,268.8876,-43.883797,232.85849,-7.893998,155.32304,15.676822,112.54362,0.00183238700986749,0.0,0.1204007,0,0
774.64166,229.51259,835.6539,178.35284,813.56085,293.10745,873.96014,232.69589,726.1684,206.05116,739.7662,218.3266,760.0116,231.41722,772.1728,238.69153,799.4675,251.65085,816.5505,255.9261,-67.12922,342.0573,-54.680405,288.81894,-30.6229,222.62477,-15.630059,184.5261,21.745073,106.72715,49.801575,65.90247,0.0035660099652366204,0.0,0.1204007,0,0
774.99207,228.64612,835.9741,178.41743,813.9457,292.58365,873.8321,232.40733,738.8679,211.69418,747.4727,232.1487,758.1958,255.61105,768.24945,263.45032,800.8773,264.72958,819.15045,257.73486,-50.272423,303.17975,-56.54318,241.42325,-61.856514,172.2888,-51.82868,138.50797,7.371357,77.05865,50.99643,56.857952,0.022505042784012903,1.0,0.1204007,0,0
774.9293,228.45439,836.1226,178.20595,813.72314,292.6209,873.86365,232.14247,746.9569,215.88249,750.8064,237.18967,757.99835,262.4569,769.6548,273.16107,801.454,267.7204,818.6173,258.14615,-39.589966,278.64853,-55.645718,223.86122,-68.917534,157.92485,-58.985153,116.051384,5.2244205,69.610435,49.442146,56.5773,0.03376570341880387,1.0,0.1204007,0,0
774.8288,228.85497,835.54095,178.02512,813.1145,292.13397,873.0322,232.25246,747.8922,218.25053,750.7268,238.85944,758.94275,264.11963,770.13763,274.44116,800.70483,268.55344,818.7812,257.63538,-40.44179,273.38263,-58.041546,221.99234,-69.82653,153.72754,-60.16743,112.77871,3.5442908,68.494736,51.830456,56.172997,0.033503008570905275,1.0,0.1204007,0,0
773.7567,228.96764,834.7158,177.5833,812.57043,291.71384,872.32935,232.18253,739.48346,217.60298,747.562,237.60632,758.6518,260.21933,769.66565,267.17752,800.598,265.82254,817.3801,258.66226,-52.926464,287.51843,-60.24689,228.73537,-64.6349,161.10088,-51.985336,127.06359,7.7269278,72.79845,49.11009,55.357224,0.023050144297841607,1.0,0.1204007,0,0
772.5787,229.31288,833.217,178.45702,811.6981,292.29883,871.51855,232.80432,726.4045,213.03601,740.62445,227.92714,757.7247,245.07394,769.309,248.58797,799.04205,255.57755,815.8297,256.93695,-70.60943,320.5143,-60.259163,261.1297,-47.224415,192.91542,-29.261713,164.4765,19.629421,95.127975,50.82148,60.726017,0.007862267453719958,0.0,0.1204007,0,0
772.2423,228.22983,833.01196,177.68144,811.5346,291.43802,871.0907,232.13231,712.4521,209.22604,727.3709,220.16118,744.5399,231.18515,756.56506,237.50566,784.65247,249.27481,799.60284,253.41327,-92.64212,348.60043,-76.66855,297.76065,-56.67991,243.15228,-41.139412,208.08588,-1.2935152,132.41171,22.622988,96.2664,0.0031617300452855936,0.0,0.1204007,0,0
772.31714,227.68175,833.25854,176.58401,811.22925,290.94275,871.1538,231.21371,691.7167,203.63979,707.2528,212.85938,727.5151,226.98796,740.6464,233.31339,767.88336,243.98114,784.4064,248.58046,-126.73687,397.39447,-107.5417,349.19287,-84.89107,281.88187,-67.222305,244.78587,-27.750053,172.98642,-1.4753004,133.09854,0.0028197322272146825,0.0,0.1204007,0,0
772.7997,227.56155,832.6657,175.90804,811.2713,290.39847,870.9843,230.21587,680.49664,199.86497,697.1056,211.41492,717.94684,224.12122,730.5651,230.11496,759.07227,241.08195,776.32275,244.93745,-150.28474,436.6136,-130.28592,378.22876,-103.68092,310.289,-85.89292,273.4473,-43.062126,196.37497,-13.951509,155.75862,0.0029820435974835095,0.0,0.1204007,0,0
772.7627,227.8718,832.1156,176.01297,810.8063,289.9472,870.3007,230.49548,677.35425,198.02077,693.9214,209.38138,715.9706,222.1063,727.81647,228.54387,756.30975,240.0879,775.07245,243.87453,-157.38887,452.32986,-136.73776,393.26517,-107.07088,321.59604,-90.86382,284.43933,-47.753475,204.70389,-14.975711,160.6933,0.0027931138119346812,0.0,0.1204007,0,0
771.6753,228.30234,831.4396,176.42761,810.0685,290.37274,869.76227,230.83128,681.49585,196.39186,697.33923,206.75475,719.4396,221.09714,732.8708,227.05656,760.1179,238.22025,776.63525,244.39888,-142.24158,444.9702,-122.4454,390.1962,-95.101494,315.15298,-75.55166,276.3895,-35.03568,200.24805,-9.882343,155.57184,0.002285946695966545,0.0,0.1204007,0,0
771.5565,226.65604,831.95605,176.58974,809.31946,290.33603,869.1734,230.9314,696.3269,197.58772,709.86865,207.10191,729.68976,220.20021,742.2316,226.3041,769.75305,239.42804,786.6717,244.63333,-115.77537,403.716,-99.51574,356.73615,-75.11189,290.711,-57.433804,254.29036,-18.461687,175.22101,8.791128,132.80406,0.0025614773590747447,0.0,0.1204007,0,0
771.3677,227.08023,831.5191,176.73244,809.61804,290.781,869.14087,231.16158,715.3072,201.59906,727.628,209.625,746.42163,222.60793,759.1105,228.68385,785.2102,242.65222,802.0692,247.81561,-81.62471,360.865,-66.362495,319.68842,-44.133583,255.76482,-26.186445,219.02202,8.864795,140.53847,36.106377,98.08454,0.0023320356733279785,0.0,0.1204007,0,0
771.53723,227.78905,831.4287,176.2345,810.18097,290.57178,869.64575,230.95816,728.3098,201.56721,742.70575,214.5962,761.8999,226.94601,773.1591,232.87985,801.2656,247.6711,818.0905,252.97784,-54.793312,340.81357,-41.536327,283.65875,-18.182695,219.99892,-3.008534,185.831,34.65077,101.13795,61.584354,57.944935,0.0030452825130928766,0.0,0.1204007,0,0
772.5989,226.59334,832.9639,176.39984,810.791,290.48392,870.076,230.41443,741.1486,209.80583,751.47894,229.86472,763.1954,251.02603,773.5287,259.197,805.0997,259.78406,821.77075,255.41757,-42.396904,295.344,-44.787613,231.10774,-45.677685,164.54848,-35.17225,129.05772,24.46274,69.502335,62.7523,46.39427,0.019456864727352828,1.0,0.1204007,0,0
772.88257,226.42293,833.238,176.1918,810.91766,289.78378,870.7108,230.07257,753.2053,214.68254,759.2385,235.96364,767.8076,259.20886,778.31244,268.95932,808.2874,265.50723,822.697,254.82053,-25.266571,263.23938,-37.807858,203.98174,-47.11092,138.8925,-37.996304,100.017975,23.025167,51.41737,64.54504,45.301937,0.034533539004079974,1.0,0.1204007,0,0
772.55585,226.74329,833.0291,175.22908,810.73083,289.0023,870.5504,229.09464,757.222,214.78539,763.4637,236.60753,772.0294,262.354,783.14636,271.95163,810.03955,266.04977,822.8592,254.30264,-15.920373,256.00082,-29.45944,195.36165,-42.430107,124.94446,-32.324978,84.87636,25.749437,45.80311,65.55497,44.558655,0.04055735793242143,1.0,0.1204007,0,0
773.3913,224.96204,833.4594,174.4858,811.04614,287.77017,870.5939,228.28519,753.04553,212.64058,760.5822,234.21132,770.34937,257.0536,781.70795,267.3285,809.16724,263.14673,822.7998,253.08469,-26.102522,266.3713,-36.120735,203.33815,-42.8456,136.38672,-32.62576,94.42206,25.070375,51.24775,64.57711,45.23915,0.032267510717822946,1.0,0.1204007,0,0
773.5699,224.09761,834.38416,173.52885,812.02795,287.51968,871.5148,227.63663,740.11597,207.25717,752.9036,226.17758,766.6924,245.6935,777.28687,252.56393,806.6815,255.9146,823.26465,252.4535,-45.439632,298.42136,-42.24,232.7999,-37.915604,166.02371,-25.677774,132.55966,26.602402,71.20001,63.53948,46.43767,0.014738902235589787,0.0,0.1204007,0,0
775.24304,223.51207,835.24225,173.39502,813.37054,286.51712,872.5549,227.04329,727.90283,200.75883,743.2094,211.57443,760.89703,224.26059,773.14087,230.70009,799.4795,243.78928,814.73285,248.54056,-67.00665,339.52844,-49.26271,286.2192,-29.20354,224.87773,-12.716118,187.98636,23.54279,110.53428,48.02487,71.57207,0.002836678657829506,0.0,0.1204007,0,0
775.9081,223.12285,836.42035,172.53882,814.937,286.14313,873.9117,226.26088,711.4417,200.39311,723.7932,208.81491,742.602,220.81758,755.1019,226.93536,782.3217,239.29532,798.2282,244.87961,-96.51865,365.7348,-82.6951,324.949,-60.834843,264.9687,-44.258003,229.29697,-6.9054823,153.3806,17.027802,112.146515,0.0023608594964830932,0.0,0.1204007,0,0
777.2872,222.30403,837.2664,171.21391,815.5024,285.079,874.99036,225.15384,692.6507,195.92543,707.5713,204.94568,727.73785,217.72017,740.73627,224.60475,768.63745,236.57782,785.3813,241.69815,-135.63126,417.14322,-116.518814,368.55634,-91.55611,302.14935,-74.14449,262.80637,-33.82737,184.97798,-7.2545953,142.72118,0.002266580797718157,0.0,0.1204007,0,0
777.7709,222.36287,837.50543,171.13985,815.8789,284.46246,874.99384,224.47461,684.0251,194.93529,699.86426,205.49103,720.9042,217.79047,734.24634,224.43114,761.26184,235.75497,778.3062,240.0889,-151.06815,437.6375,-132.0075,383.49835,-105.15302,316.4208,-86.99455,276.83484,-47.997604,201.66544,-20.137112,160.26622,0.0024794611711940378,0.0,0.1204007,0,0
778.3378,221.19328,838.1796,170.47447,816.23425,283.71506,875.72156,223.83817,686.28296,194.66206,702.2276,205.15703,722.9245,217.91087,735.6722,224.09831,763.40814,235.84503,780.73804,240.95363,-150.55234,432.9629,-130.762,378.3757,-104.51569,310.53326,-86.73941,273.00876,-46.387325,195.62297,-18.685722,152.18646,0.002419366899734446,0.0,0.1204007,0,0
777.8635,220.48595,838.4571,169.9019,816.257,284.46658,876.0699,223.8014,700.8749,196.74094,715.4204,205.35143,735.28076,218.43991,748.1395,224.7429,775.2085,236.97061,792.36755,243.32025,-121.797295,392.73593,-103.26436,346.82687,-79.544464,281.56683,-62.023914,244.55643,-24.092394,169.09619,1.5414364,124.20925,0.0019801579722321877,0.0,0.1204007,0,0
778.20197,219.99733,838.242,169.70288,817.0062,283.2736,876.11,223.1169,723.7932,198.3357,735.5389,206.26,755.43713,221.02307,767.6606,227.25578,795.0742,240.64185,810.71594,245.69746,-80.71832,348.80856,-66.95147,309.08664,-45.375336,239.46278,-29.047066,203.43384,8.146121,124.15804,32.48217,84.27223,0.002893927763972064,0.0,0.1204007,0,0
780.5788,219.14198,839.33685,168.64413,817.26276,282.12894,876.8228,222.3404,745.4794,199.08563,761.6812,211.88756,779.20154,223.25385,791.0399,231.35858,819.3359,244.98041,834.25586,250.30573,-49.52778,316.68344,-30.61031,253.84854,-7.782001,193.36334,6.8479486,152.32048,47.97746,68.50982,71.64993,28.747807,0.0028264385501236495,0.0,0.1204007,0,0
778.91785,219.4676,839.6278,168.62021,817.2041,282.2232,876.87726,221.83836,763.3063,209.09146,771.47864,230.07509,781.80524,251.40749,792.81146,260.9839,824.8641,260.68372,841.2059,252.74477,-18.196571,252.56721,-26.67182,190.40553,-31.165615,126.244736,-21.352331,86.52478,39.608948,26.491966,81.58364,10.176441,0.02410934082613113,1.0,0.1204007,0,0
778.8149,219.7553,839.2751,168.86256,817.066,282.49902,876.5995,222.07211,773.3562,214.98799,774.9656,234.65964,780.9329,259.35547,791.4691,270.37228,824.4946,265.77167,841.21313,253.48463,-5.019488,220.96707,-24.817757,174.51587,-41.088173,112.08024,-33.697376,70.84531,33.441208,17.505377,81.43325,8.80654,0.037927561086067804,1.0,0.1204007,0,0
778.0294,219.74278,838.44354,168.44086,816.8507,282.46356,875.9056,221.94913,774.38184,214.8888,774.4014,235.58745,778.71387,259.3446,789.1518,270.8551,823.2429,266.48407,840.86017,253.98756,-1.2558906,217.56238,-25.571327,172.51987,-44.191853,115.69858,-37.775208,73.860855,30.792305,17.884373,80.86555,7.5448513,0.03685288231575341,1.0,0.1204007,0,0
777.22894,220.0716,837.1789,168.75874,815.4423,282.29285,874.78314,222.18071,767.60834,213.534,770.6097,234.78304,776.8201,255.93317,787.3318,266.84183,778.94025,258.06628,799.2692,266.74405,-11.15091,233.04167,-30.38365,180.25862,-42.57728,124.215675,-35.06352,82.66758,-40.977413,115.918915,-12.544392,60.440853,0.1011114274122011,1.0,0.1204007,0,0
776.4188,220.12894,836.58887,169.65588,814.644,282.8475,874.01434,222.87473,753.0327,209.84743,763.6083,228.75034,777.5337,247.98003,788.5985,255.58713,820.14,258.50647,835.4943,253.8379,-33.83209,266.98294,-35.03177,204.67072,-30.233212,137.78993,-17.913465,101.648735,39.15332,36.147224,75.30527,15.517362,0.01615995091219173,1.0,0.1204007,0,0
776.21124,221.84114,836.2965,169.67331,814.1507,283.99194,873.4584,223.5898,735.8452,203.58014,750.4094,213.66759,768.36334,228.16399,780.6702,234.0822,802.9004,247.70354,813.663,251.0907,-57.881462,317.85266,-41.064243,267.32635,-22.934025,201.07326,-5.900535,164.79082,21.259842,93.28138,38.278206,65.354744,0.0025784005910886327,0.0,0.1204007,0,0
776.0601,221.13942,836.2232,170.69211,814.5174,284.0543,873.49475,224.2421,713.7568,201.12471,726.4178,210.5084,744.97156,224.27516,758.53516,229.69667,784.65826,243.632,797.60004,246.79155,-97.21799,358.05994,-83.45312,313.87555,-63.486904,249.69536,-43.848442,213.32388,-9.915027,135.58478,11.327848,104.79785,0.0030277563014547457,0.0,0.1204007,0,0
775.94806,221.94637,835.8838,170.92688,813.944,284.52408,873.12134,224.67758,695.8447,201.15358,710.5544,209.64728,727.56525,222.17737,740.81696,229.12045,766.2895,241.11885,787.25684,245.14616,-131.99521,394.55856,-113.03559,348.24872,-94.1175,288.79465,-76.49004,249.21877,-41.221493,176.31027,-5.409267,128.54291,0.0031767119122826665,0.0,0.1204007,0,0
775.47705,222.9343,835.48474,172.07208,813.57855,284.9783,872.737,225.36769,678.9942,198.60876,694.7587,208.51852,713.0701,220.40695,725.4124,227.32841,755.7044,240.18242,773.209,242.95035,-157.94127,431.892,-138.72691,380.42322,-116.96312,320.19815,-101.246475,282.366,-58.321335,198.94037,-28.13648,160.54634,0.003040004903171388,0.0,0.1204007,0,0
774.8509,222.62607,835.4042,172.695,813.8289,285.7785,872.6291,226.2632,673.7384,197.64575,691.1741,210.5686,710.12494,220.94177,725.07294,227.65244,751.90857,240.38008,768.43756,244.38701,-159.58875,428.7802,-141.5256,370.60135,-118.35961,316.0057,-98.54019,276.09842,-63.423733,202.46852,-37.39602,164.8059,0.0023679476485787897,0.0,0.1204007,0,0
775.3967,224.47069,835.495,173.50645,814.183,286.55,872.7466,226.96678,679.98846,198.84087,697.382,211.13658,716.7333,222.96301,731.7658,230.76541,758.43384,242.16724,775.7436,245.8984,-150.2679,427.10196,-131.54066,369.0039,-108.869514,308.88113,-89.79376,265.28665,-53.130627,192.92722,-24.903542,153.28053,0.002857237063949237,0.0,0.1204007,0,0
774.94147,223.99928,836.05206,173.80153,813.83325,287.74915,872.71436,227.40125,697.7857,201.67267,713.1298,211.03535,733.721,224.3117,745.97534,230.68161,773.6741,244.07791,790.5485,249.96964,-117.33014,380.92392,-99.66381,334.71588,-76.62365,270.9575,-61.285538,236.27919,-25.238098,159.36568,-0.4449559,116.6219,0.0018820823942575365,0.0,0.1204007,0,0
775.2591,224.48123,835.452,174.42957,814.0603,287.7159,872.7845,227.86969,723.3026,204.14781,736.00354,212.61546,754.7223,226.448,767.39264,234.54564,796.323,248.0441,812.25726,253.81047,-76.54049,339.16464,-61.856506,297.27557,-41.856598,232.86147,-26.985634,192.35037,12.728739,110.57201,36.750523,68.6907,0.002808278340851957,0.0,0.1204007,0,0
776.09015,224.69353,835.45776,174.96547,813.5389,287.8938,872.21893,228.51569,743.2568,207.08197,759.82684,219.20506,779.6858,232.06323,790.9067,239.6327,818.538,253.35281,834.1374,259.19525,-45.46998,301.92505,-26.238937,242.8912,-1.5464572,176.83244,11.917212,139.1847,50.7675,57.53372,75.05927,15.348209,0.002322139927560654,0.0,0.1204007,0,0
775.71027,225.46147,835.13983,174.86366,813.66925,288.116,872.2465,228.42398,761.54346,216.1475,772.05096,234.9687,785.5764,255.18805,796.6216,264.27026,826.60876,266.3995,844.3508,262.91974,-17.126919,247.78528,-18.592842,185.96245,-15.796384,117.716675,-5.019754,78.430466,51.08287,16.463074,91.24224,-11.882371,0.016424765168029633,1.0,0.1204007,0,0
776.808,224.85487,835.8919,174.69928,813.5991,287.51868,873.11066,227.55301,770.43994,219.26453,775.5019,241.03305,784.5389,263.3038,796.2681,273.752,828.286,272.81317,844.6317,262.3776,-6.352602,225.38991,-21.596004,166.2164,-28.849247,101.87604,-17.790121,58.860516,45.40968,-0.17830665,90.98785,-11.93051,0.02955859302674767,1.0,0.5733452,1,1
776.64813,225.52826,836.3946,174.14775,813.82404,287.49567,873.90204,227.20808,770.31006,220.6924,775.0549,241.31586,783.18365,262.9929,794.69324,274.1768,829.217,272.32153,844.7314,262.45258,-6.9637036,223.51208,-21.860653,167.86588,-30.720642,106.32838,-21.24857,61.932434,47.3286,-0.52576506,90.28957,-11.723089,0.030019690660839843,1.0,0.5733452,0,0
777.0907,224.6813,836.5546,173.9137,814.6635,286.2185,874.17725,227.16197,762.5654,217.8137,771.0977,237.96873,782.44183,256.9289,793.1536,265.80795,826.5842,268.36557,845.6272,262.08643,-21.006418,243.85759,-28.069641,181.79724,-28.00491,119.498085,-17.55245,80.89581,44.648186,11.769463,90.67286,-13.065681,0.018750924153816993,1.0,0.5733452,0,0
777.0466,223.0012,836.65814,173.60133,814.486,286.64453,874.18805,226.81708,749.12555,211.23218,764.51794,223.58311,781.9829,234.65262,795.64246,242.95044,826.2794,255.70493,843.2465,260.17426,-42.728767,279.94675,-25.891285,222.1886,-3.8250866,164.66284,13.59957,121.10968,59.1636,36.823147,87.538536,-4.5315943,0.0032994247358614907,0.0,0.5733452,0,0
776.653,223.47533,835.8387,173.1278,814.1753,285.40775,873.27405,226.25375,730.59296,210.83084,743.3852,219.17407,760.3042,232.10556,771.3999,238.1241,795.78656,251.37897,808.29553,256.47034,-77.77265,317.27957,-61.760956,273.36966,-43.045795,211.76257,-28.095963,177.38083,4.399826,102.51564,22.97956,67.986824,0.002411980041830714,0.0,0.5733452,0,0
775.1628,222.57446,835.48364,172.56105,813.3502,285.06705,872.741,225.93935,707.12646,202.73833,719.80396,214.13365,738.83435,227.597,750.8643,233.10088,776.653,245.53886,791.60034,250.60457,-109.091515,368.6233,-97.2734,319.35416,-75.90635,254.8133,-59.21702,221.01268,-24.157494,147.16618,-1.3337512,108.83244,0.003556300941743471,0.0,0.5733452,0,0
774.9903,222.5333,835.04065,171.98535,813.4843,285.30832,872.6546,225.90973,689.03564,198.57147,704.5724,209.39389,724.0454,222.89436,736.9726,229.9396,763.4406,242.29605,780.3982,246.10088,-138.88554,409.66406,-120.99698,356.93277,-98.73237,291.6469,-82.01339,252.9384,-45.596615,178.39496,-17.505537,139.20645,0.003131539369914365,0.0,0.5733452,0,0
775.21747,222.57506,835.0249,171.64789,812.9345,284.88953,872.437,225.2589,682.5686,194.20557,699.2874,205.77315,720.67926,219.3574,733.03094,225.6666,759.4876,238.42789,776.3751,242.29822,-150.6332,439.42996,-130.34824,380.5947,-103.49806,309.306,-86.50959,272.1039,-49.532852,194.6216,-21.141325,154.57495,0.0026406354437525613,0.0,0.5733452,0,0
774.5405,222.60127,834.8896,171.53592,812.7027,284.64212,872.10016,224.94124,687.78845,191.85289,703.1427,202.1791,723.1673,215.75572,735.7231,221.93431,764.6639,234.81668,780.57104,240.73679,-132.1046,429.65363,-114.15881,377.59286,-91.06709,310.00696,-74.14034,273.2496,-33.601963,191.55931,-9.921002,149.0638,0.0023763075497146295,0.0,0.5733452,0,0
775.3775,220.698,835.46967,170.7429,813.8574,283.99387,872.5949,224.74063,707.9313,197.46883,717.6425,203.36278,736.9351,216.05695,749.1511,222.41246,777.19275,235.59868,792.57056,241.63982,-103.7991,372.3648,-91.80317,341.90167,-69.1027,279.2817,-52.92045,243.53217,-14.094465,164.34465,8.707225,123.21726,0.002030965462872392,0.0,0.5733452,0,0
776.5821,220.39053,836.17377,169.62262,814.51105,283.17032,873.3971,223.75887,721.19794,194.3525,735.4096,205.00293,754.8577,218.94408,765.85693,225.12819,794.1686,240.57724,808.2086,245.9179,-79.8861,362.86206,-63.879692,311.6518,-41.516693,243.86575,-27.011602,209.65596,10.678265,123.08348,32.13089,85.12972,0.0024312641099233203,0.0,0.5733452,0,0
776.76263,219.67744,836.98334,169.05086,815.25726,282.53238,874.76666,222.77583,736.56854,199.47507,750.30835,214.75346,769.4051,230.44263,779.4847,237.52318,810.6508,248.67133,825.02454,250.47154,-55.312138,320.67606,-46.03792,259.98114,-27.138195,189.9843,-15.90913,156.12465,31.34576,74.427765,57.43947,43.26435,0.006686012843364768,0.0,0.5733452,0,0
778.03784,218.52635,838.57294,168.20119,816.36835,281.3298,875.82574,221.95892,750.5653,206.50055,758.4922,226.38152,768.4768,249.32124,779.034,257.83072,810.6072,257.76657,827.2304,250.65384,-39.626617,277.5039,-46.97738,218.29742,-53.556705,151.26463,-43.258533,114.72104,16.527817,56.390934,57.800266,38.86717,0.02473703801454915,1.0,0.5733452,0,0
779.1574,217.83899,839.4284,167.80952,817.6347,280.65863,876.92053,221.24821,759.1582,208.89572,762.8705,230.37004,770.03265,255.4735,781.14465,265.7529,771.9553,256.84616,829.0729,249.76054,-28.663343,257.04822,-46.108078,202.1517,-60.24214,136.32133,-50.90423,95.66518,-58.182255,130.07388,59.296047,37.91618,0.044459830503375555,1.0,0.5733452,0,0
780.0939,217.669,840.1837,167.34543,817.996,281.50485,877.6695,220.89565,759.7785,209.3902,763.97156,231.23456,772.31366,255.7059,783.4003,266.01443,814.859,260.3506,830.37274,249.38377,-30.679623,256.7442,-46.802223,199.86143,-57.080387,133.26945,-47.350803,92.68364,17.99101,45.631916,61.463352,37.519283,0.035358285577951516,1.0,0.5733452,0,0
780.4836,217.18422,840.9092,166.36777,819.02075,280.33804,878.11304,220.0873,751.03394,205.58247,760.6807,225.50964,773.62036,246.04288,782.913,253.43913,814.23627,254.83192,829.3598,249.23944,-43.554928,279.8479,-47.555668,217.94844,-45.990208,151.07684,-36.89711,119.08775,20.576965,57.861805,56.920868,39.81907,0.020116317363909484,1.0,0.5733452,0,0
781.119,217.74161,840.7199,166.62697,819.5122,280.0758,878.8723,219.9223,735.63715,195.99826,752.22626,207.37643,769.00116,219.03218,780.98267,226.79303,808.94604,240.31252,823.3623,245.30962,-64.58218,337.03644,-44.947735,278.66068,-25.579617,220.20938,-11.257887,180.26059,27.293722,97.984634,49.49863,59.89823,0.0025556682834111436,0.0,0.5733452,0,0
780.99677,216.84727,841.48267,166.1565,819.6808,279.90762,879.19885,219.67142,718.5677,195.20148,727.6802,200.68582,745.79694,213.53572,759.0817,219.93834,786.5882,231.89418,802.1687,237.62253,-95.4358,362.76138,-84.12755,333.65445,-63.906963,271.64517,-45.856785,233.3385,-7.013222,156.9011,16.270344,115.72246,0.002619632752394258,0.0,0.5733452,0,0
781.4816,215.82077,841.20135,165.66774,819.7188,279.03677,879.29614,219.05609,688.8694,184.20639,704.8757,194.39304,724.3532,206.2013,737.4073,212.22719,765.4327,223.71451,782.4653,228.53575,-147.58589,446.64124,-126.91014,391.99655,-101.52265,327.945,-82.69492,289.9769,-40.956707,212.33115,-13.204139,170.07132,0.0023969245169144825,0.0,0.5733452,0,0
782.1872,214.98555,841.6899,164.31062,820.15247,278.35345,879.8763,218.37636,670.1604,176.27272,689.4646,188.22597,705.8298,198.8948,720.69617,204.77554,748.5523,216.50723,765.8369,222.36732,-182.1019,503.7382,-155.78317,437.2626,-134.39343,380.52432,-111.26601,338.91464,-69.028435,259.873,-41.440952,214.41995,0.002100336946715564,0.0,0.5733452,0,0
781.76184,214.28406,842.41785,163.42299,819.8531,277.60745,879.6243,217.65228,662.74347,168.97668,681.0653,180.6668,698.62976,191.17426,714.13184,197.13245,741.96564,209.08597,758.78784,214.39053,-178.93689,517.4273,-156.34354,457.29462,-134.13918,401.75244,-111.23135,360.81293,-71.270706,284.09415,-44.92118,241.90628,0.00201573355839422,0.0,0.5733452,0,0
781.15106,214.46748,842.0578,163.4062,819.5631,277.60046,879.1638,217.74641,665.64984,163.9211,682.5778,174.6629,700.2881,185.88232,714.2965,191.56801,741.4418,203.54955,759.6019,209.19766,-163.41013,519.3246,-143.14554,464.88263,-121.99341,408.15332,-101.96048,370.91592,-63.93138,296.04593,-35.646072,250.95813,0.0021938486442280337,0.0,0.5733452,0,0
780.3763,215.45671,841.43396,163.2127,818.9134,277.65436,878.5589,217.42102,674.3871,160.21423,690.2759,170.1557,709.3372,182.13493,721.2368,188.87299,749.89557,200.27655,766.28735,206.08081,-138.31284,517.2278,-119.481384,465.88663,-96.98037,404.2584,-82.13434,367.5745,-40.79911,290.08804,-16.093006,246.98029,0.0023455233454704725,0.0,0.5733452,0,0
780.22974,215.50166,840.15186,163.52309,818.27234,277.47556,877.841,217.35222,688.6768,160.90733,702.0971,168.05396,722.9503,181.9151,734.7554,187.83218,764.4211,201.9082,781.56396,207.7648,-118.64847,505.46497,-99.91014,461.92673,-74.18968,387.8952,-57.53958,351.14532,-15.016405,261.2534,12.243146,214.76463,0.0018117681454710521,0.0,0.5733452,0,0
780.71,214.11214,839.92773,163.13562,818.8396,276.88205,877.7484,216.93555,716.64105,168.09924,724.7368,174.19981,740.9073,185.7234,753.2653,192.93982,779.5514,207.30745,796.40857,212.28516,-75.04143,432.00925,-65.63797,401.16953,-46.310184,341.97534,-29.82672,301.13388,6.043688,217.4962,34.18738,173.76154,0.0031304061492970596,0.0,0.5733452,0,0
779.8176,213.71341,840.0189,162.95673,818.46783,276.41504,877.76526,216.54085,721.4069,169.92369,733.20734,186.05447,748.1584,203.47112,758.90466,209.70822,792.60004,217.26675,808.70294,216.55742,-63.32191,411.21436,-58.75321,349.9005,-49.694843,281.57098,-36.09848,247.70103,20.929844,168.10388,54.159332,138.84747,0.01077292460249026,0.0,0.5733452,0,0
780.53815,212.3001,840.76355,161.93024,819.52924,275.4836,878.6868,215.43195,728.56274,173.00769,735.73816,192.3743,747.0755,214.17403,758.4728,222.4415,791.23126,223.33685,810.46356,215.8817,-55.502174,387.04193,-63.666214,326.92828,-66.34175,256.4982,-54.066307,217.91635,7.551157,156.12294,55.104652,135.77599,0.020643297023793875,1.0,0.5733452,0,0
782.1104,211.03847,841.9931,160.20293,820.31903,274.46118,879.9071,213.79523,730.8668,172.37059,737.23114,192.67928,749.5511,214.19719,760.38275,222.27477,792.2853,222.40364,812.26935,214.45366,-57.30568,388.82547,-67.598145,326.4765,-67.2712,253.55893,-55.301575,215.67859,6.554744,155.84564,56.497498,134.61601,0.020929422763690385,1.0,0.5733452,0,0
782.8288,210.56903,843.13257,158.88425,821.6582,272.91867,881.21747,212.5008,726.9463,170.28137,737.28436,188.5038,752.3526,207.83315,762.5259,214.43501,794.45013,217.90935,812.37427,213.88298,-61.659737,398.94934,-62.598877,335.5016,-55.74311,262.9879,-43.87318,229.46022,13.780632,161.89836,54.474842,136.04468,0.014499980131417782,0.0,0.5733452,0,0
783.60236,209.276,844.17316,157.42682,822.8016,271.71353,881.9351,211.42415,723.2615,166.48,733.9047,174.34108,751.3437,186.28944,764.0359,193.07982,790.39264,204.43727,807.2802,209.46555,-65.63189,408.0633,-54.317963,370.2928,-34.785744,310.9294,-18.343473,272.2448,19.25368,197.85661,46.382427,154.74753,0.0033312307111919453,0.0,0.5733452,0,0
784.03955,208.70107,844.21765,156.23152,822.5048,270.67325,882.12866,210.33891,699.17035,161.43303,712.5137,169.00835,731.6101,182.6028,743.24225,188.96817,771.3243,201.16322,786.8541,204.84007,-111.41019,470.95642,-93.83469,427.45718,-72.02396,358.98822,-56.644768,322.2053,-15.926855,241.10597,10.355297,203.11377,0.0029621628482926934,0.0,0.5733452,0,0
783.10864,207.00113,844.57495,154.88222,822.18835,269.9862,881.6239,209.27054,675.4481,155.0737,692.90424,165.56442,709.42645,177.03252,722.07056,183.30676,751.41315,194.7814,766.5945,199.60843,-140.70499,502.29932,-120.4903,449.3315,-102.9107,395.45175,-86.79146,359.9413,-45.59749,283.6661,-22.693195,246.07068,0.0026106282818348036,0.0,0.5733452,0,0
782.8837,205.46541,843.9564,153.93967,821.6751,269.07816,881.33344,208.32333,656.29474,147.97246,674.6461,158.52657,693.39404,170.62703,708.08417,176.47926,735.5106,188.33517,753.09796,192.13535,-174.76732,553.0965,-151.94467,496.99954,-129.98003,436.54202,-109.09467,397.9648,-70.80481,323.22906,-41.823578,283.5992,0.0023185357081075275,0.0,0.5733452,0,0
782.153,204.56683,843.63727,153.57013,821.0444,268.562,880.7344,207.60406,646.1107,142.81798,665.6721,153.81743,683.18616,164.78116,699.1001,172.2513,728.311,184.69737,744.7326,187.25917,-183.99228,571.9422,-160.10655,514.26385,-139.75153,459.77606,-118.81709,416.29962,-78.77337,338.8243,-51.21628,304.98996,0.0022918880471228557,0.0,0.5733452,0,0
781.5907,204.08159,842.9549,152.71492,820.46796,268.07898,880.393,206.7494,648.9891,140.3587,666.2391,149.85884,684.85956,161.68161,699.7722,169.07138,729.8745,180.42639,745.56726,183.99416,-178.7588,578.6612,-156.85602,526.6776,-134.76714,466.6634,-115.06642,423.88736,-71.41385,345.72137,-45.839825,310.057,0.0023955123547755764,0.0,0.5733452,0,0
781.31335,204.60593,842.58856,151.97412,819.6397,267.61072,879.8503,206.67685,661.90375,138.1543,679.79565,148.49655,696.397,160.04778,709.18066,165.72281,739.5946,178.76613,756.60944,182.75227,-154.5426,571.0025,-131.68503,514.1848,-112.605774,456.75705,-94.525276,420.584,-50.842827,335.30185,-22.43055,294.9953,0.0025029405176393254,0.0,0.5733452,0,0
780.5197,204.95206,842.0118,152.01758,819.4922,267.53424,879.5261,206.21289,682.2983,140.46928,695.9141,146.87706,715.26953,159.26923,729.40326,166.18231,755.9437,178.7767,772.88745,184.41826,-112.13963,526.8702,-93.68983,487.53757,-71.071594,423.3805,-52.1559,381.7632,-16.04665,304.22717,10.040442,259.952,0.001479365130614081,0.0,0.5733452,0,0
780.5363,204.64287,841.1774,152.89502,818.9287,268.19284,878.8038,206.96965,714.7869,148.3392,719.85657,150.68626,737.1052,162.57407,749.6094,169.06137,777.1573,182.45982,793.0999,187.80196,-64.48551,456.72397,-57.05258,441.4304,-36.384937,379.6124,-19.01906,340.46194,20.170303,256.69778,45.85173,213.87009,0.0024074186657674287,0.0,0.5733452,0,0
779.52325,205.10663,840.9519,153.32912,817.97974,268.24185,878.3452,207.4011,722.64325,142.48082,737.15045,155.03862,756.38605,167.78088,767.2704,174.49481,796.9555,189.07625,813.7459,195.1012,-37.8805,454.48773,-23.850214,396.1005,-0.80328053,329.37894,12.765756,293.04987,54.309498,203.03888,80.737785,157.0541,0.0030038434405366262,0.0,0.5733452,0,0
780.4785,204.31505,840.6812,153.4495,818.7489,268.2437,878.767,207.13297,736.1785,152.63348,745.55646,173.33926,757.57495,193.84444,769.46014,201.87921,800.17175,202.571,817.0722,197.30356,-27.97601,409.91876,-33.403,338.77527,-33.118576,266.79675,-18.920727,226.15279,41.603428,166.38022,83.143265,145.17697,0.019361079797383583,1.0,0.5733452,0,0
781.29877,203.75742,841.3382,152.24304,819.6689,266.9681,879.5433,206.55496,745.08093,155.75316,750.1669,177.68794,759.5844,201.36215,771.92316,210.61667,802.875,206.65735,817.65924,197.13156,-14.793429,383.21414,-31.164679,319.1241,-40.193714,246.24144,-26.687105,202.58951,39.7502,152.38435,82.494934,144.3549,0.031028310550163286,1.0,0.5733452,0,0
782.3855,204.43944,842.068,152.49611,820.4399,267.18997,880.56824,206.50122,745.49915,155.38733,751.7184,177.1551,761.86066,200.68954,774.62537,209.87837,804.0286,205.74419,818.34326,196.71751,-15.164382,390.93558,-29.197346,323.61487,-36.71752,248.16248,-22.068054,202.90646,42.164623,154.88837,83.46397,146.37688,0.02966245588330276,1.0,0.5733452,0,0
781.90625,204.46727,841.9823,152.55899,820.21515,267.34534,880.20605,206.65791,737.5853,152.42865,748.14905,172.23451,761.7836,192.2538,778.2685,200.96115,802.53784,201.16292,818.17346,196.79211,-26.36807,410.12332,-28.888208,339.81418,-25.434736,266.07263,-2.998208,214.77553,45.626232,167.43524,83.457085,146.32324,0.016813579911397248,1.0,0.5733452,0,0
781.2835,203.16951,842.5955,152.05472,820.3271,266.90237,879.92065,206.31572,725.4281,143.96028,741.1772,156.52493,759.7674,168.81435,770.7532,175.95178,797.3877,188.18,813.03815,193.2723,-38.931553,438.19156,-22.83381,379.61868,-0.9287397,317.12314,12.139531,280.5683,50.20503,203.5167,75.4971,162.51663,0.003221515442001169,0.0,0.5733452,0,0
781.7598,203.23643,842.441,152.023,820.4519,266.49026,879.98364,206.20569,714.3742,147.4989,722.5063,154.09534,739.2842,165.44897,752.0039,173.05905,777.5345,184.83107,794.0912,190.51097,-66.911865,454.11398,-58.494167,423.04297,-38.652977,365.05176,-22.519075,323.74768,14.039516,249.24278,40.288548,205.21269,0.0032670589534568527,0.0,0.5733452,0,0
780.42163,204.21735,841.02356,152.50287,819.5006,267.0632,879.64014,206.48503,695.4281,147.25534,705.073,151.70265,722.38776,164.33423,734.95465,170.37692,762.35394,182.6105,777.2951,187.04204,-100.37149,494.9724,-86.338326,465.77237,-66.66708,401.78082,-48.9037,363.63373,-9.247913,283.1652,15.099472,244.62811,0.002601911502385031,0.0,0.5733452,0,0
779.50195,205.52052,840.78064,153.18677,818.49756,268.24634,878.17773,207.746,674.6409,138.83917,691.173,150.42143,710.19904,162.03967,723.9987,168.98177,752.0266,181.35095,768.2515,186.45732,-122.51739,539.563,-104.32988,483.27908,-81.56507,422.82492,-63.36994,382.48074,-24.187382,304.0953,1.1734881,262.98477,0.0023915280006449532,0.0,0.5733452,0,0
778.5395,206.61627,839.617,154.01482,817.66943,269.13162,877.2686,208.25441,672.5907,137.91167,689.8537,149.37515,709.04846,161.44084,723.0124,168.27359,751.59064,181.27022,767.1551,186.54665,-122.20242,550.0797,-102.44048,491.94437,-79.78271,429.1942,-61.10859,388.2788,-21.563839,306.4932,2.3003867,265.7852,0.0021081822705954316,0.0,0.5733452,0,0
778.66583,206.516,838.54297,154.54109,816.75165,268.38788,876.1275,208.04245,684.9786,140.14687,698.9685,148.77962,719.27783,162.16287,731.5658,169.04034,758.9913,181.8714,776.3178,187.97165,-108.78285,540.8045,-90.55506,491.6896,-65.35255,418.91464,-48.81838,378.39734,-9.124369,294.71902,18.378683,246.75589,0.002135371127445529,0.0,0.5733452,0,0
777.62787,204.89134,838.10406,153.17752,816.0564,267.69528,875.4481,207.31798,711.22815,148.38303,717.07214,151.16571,732.26324,162.53554,745.5165,169.8884,772.5262,183.05804,789.5083,188.81001,-64.21013,455.8318,-55.864075,438.30493,-39.070965,382.46176,-21.465652,340.3276,16.583128,258.87823,43.76334,213.35509,0.0028016994876309776,0.0,0.5733452,0,0
777.644,204.46503,837.8747,152.6736,815.9543,267.55984,875.50037,207.40532,716.2973,140.90924,733.244,153.34938,751.9882,166.45337,764.3206,173.97404,790.28955,187.23865,806.3947,192.96738,-47.207714,466.17062,-27.5563,403.13303,-5.2803955,335.86594,10.614295,294.6344,47.143356,214.29926,73.017525,170.18727,0.0025863746990402283,0.0,0.5733452,0,0
776.31775,204.17596,837.2003,152.91307,815.543,267.72845,875.206,206.51576,733.5495,146.76505,748.15704,165.25775,767.0432,185.54565,779.52826,192.14699,806.676,198.65813,822.18134,198.92154,-14.878313,415.74863,-8.265107,342.32953,4.372423,259.16263,20.888151,220.85037,66.91081,154.7846,98.287445,123.98811,0.009677695529555387,0.0,0.5733452,0,0
777.1996,202.98419,837.17236,152.40459,815.48474,266.79068,875.0147,206.22588,746.4732,153.5372,754.6062,175.95721,766.09607,197.94196,775.45856,206.1746,805.96716,207.87572,822.7189,200.01591,-2.2204986,376.99197,-13.022543,305.2319,-16.090727,232.08841,-7.2333965,196.1895,51.814823,134.61284,96.79202,118.94863,0.02476620042021169,1.0,0.5733452,0,0
776.63837,203.3259,837.05664,151.44763,815.7523,265.6503,874.735,205.57909,754.50555,156.4137,758.47845,178.97722,766.7266,203.01025,776.35,213.80258,808.11035,208.94817,822.0989,201.08376,14.7951145,349.1722,-5.695891,288.34,-18.810917,219.1083,-13.21399,177.98386,55.164906,127.95225,94.17779,117.34901,0.03832164598534214,1.0,1.1461318,1,1
777.3978,202.3281,837.8367,150.5931,816.1321,264.85165,875.34656,204.77972,756.3744,156.775,760.2328,180.4936,767.99146,202.6861,778.0612,213.42027,808.7445,209.5963,823.0617,199.45789,14.666996,344.7116,-7.230884,281.12347,-18.748888,216.74164,-12.016963,174.78004,53.142857,124.56221,95.84911,118.23412,0.03911514489224827,1.0,1.1461318,0,0
778.38574,200.81328,838.3681,149.83817,816.3487,264.02414,876.3266,203.41597,749.60846,155.2757,757.3253,176.48965,768.99066,198.02893,778.61633,206.0561,808.4266,205.68608,823.8395,197.98422,-3.0062075,365.38913,-13.217881,297.1162,-15.429937,224.15747,-5.7896686,187.88405,54.493587,131.39397,96.4124,117.81289,0.02540676796375724,1.0,1.1461318,0,0
777.3301,200.6903,838.2854,148.99185,816.7695,263.93268,876.64624,202.52306,737.46875,151.67053,751.015,168.77823,768.54236,188.16676,780.9254,194.84763,808.948,197.94913,824.66736,195.30273,-18.623081,389.36575,-12.663818,322.1361,-1.9008617,244.30025,14.052572,206.18533,65.525604,146.00696,101.000175,121.00684,0.011441292611602661,0.0,1.1461318,0,0
777.4484,200.25276,838.0728,148.68996,816.2151,262.96082,876.0225,202.49606,719.0254,149.77603,733.1791,160.71045,751.0745,173.67061,760.3979,179.46268,791.4986,197.71811,804.33203,202.10695,-54.925976,428.2122,-39.76331,374.8113,-19.809317,310.2724,-8.347232,279.22723,30.869383,178.98851,50.94741,144.75568,0.0024518433429302705,0.0,1.1461318,0,0
777.30164,199.98048,836.92944,148.7541,815.20184,263.1601,875.09076,202.38611,714.8507,164.8977,714.1628,161.93958,727.1394,173.26851,738.51337,180.10405,768.5129,195.73366,781.5543,200.95012,-85.51885,404.33093,-83.60257,413.34055,-69.99369,359.56976,-54.780205,320.94427,-12.587224,226.52667,7.3846684,189.63147,0.0033477510851276514,0.0,1.1461318,0,0
776.3222,200.7851,836.1377,148.4316,813.836,263.31168,873.86615,202.66621,671.91766,152.50539,687.86316,162.55238,704.73706,173.9643,716.85345,180.20485,745.3942,192.98209,761.09814,197.61838,-155.91847,518.9519,-134.46819,462.2765,-112.94321,401.21994,-95.55601,362.7447,-52.89371,277.65475,-26.83584,236.70175,0.002545887732887884,0.0,1.1461318,0,0
774.6615,200.2715,835.77295,148.18784,813.4692,262.9973,873.0587,202.3256,654.81793,149.2009,673.52325,161.38274,691.0432,173.7416,705.87915,179.5876,733.71155,192.86122,752.1626,197.43585,-166.79213,527.3631,-145.47884,466.89676,-126.54442,408.17532,-105.74684,369.34015,-68.91382,290.6435,-39.583668,247.48053,0.0025329250741907027,0.0,1.1461318,0,0
774.6922,199.08499,835.90875,147.45155,813.15436,262.56076,873.3038,201.83852,657.0237,149.84415,673.7562,160.60954,693.44714,173.27563,707.5904,179.48972,734.4201,191.85902,750.91547,197.3275,-169.1007,522.5301,-149.01308,467.71637,-125.519325,403.622,-105.7694,364.62408,-68.8235,289.1112,-43.691723,247.3399,0.0021014999573552495,0.0,1.1461318,0,0
775.76025,198.86714,835.3813,146.7482,813.1382,261.66498,873.30615,200.80934,669.5375,150.98221,685.6229,161.0843,703.92737,173.28091,716.609,179.72652,744.166,192.86588,760.0446,197.62503,-162.843,525.91046,-140.50029,467.59714,-116.299324,400.69382,-97.65001,360.10312,-56.7604,275.26382,-30.279501,233.47406,0.0022814489558166434,0.0,1.1461318,0,0
775.0475,198.59467,834.4252,146.40895,813.1246,260.9107,872.81537,200.61935,686.66797,153.33304,701.49445,161.82883,722.57184,176.2292,734.60406,182.02539,763.43445,196.06891,778.5225,200.64514,-126.48112,481.04623,-105.762146,430.41928,-79.432686,353.84464,-61.832676,316.64975,-20.357819,228.25163,4.486658,188.68793,0.002045481641320545,0.0,1.1461318,0,0
775.1463,197.07103,834.7368,146.2155,813.58044,260.10046,872.7187,199.552,718.0363,162.93059,726.96295,169.16214,743.8328,181.94714,756.6303,187.867,783.01514,202.64052,800.0299,207.83887,-73.525734,388.09515,-62.875397,356.0087,-44.158493,293.70532,-25.747238,255.89404,8.860799,172.73665,36.33619,128.88252,0.002851752596858197,0.0,1.1461318,0,0
774.7639,196.96472,834.2605,144.8363,813.2432,259.53473,872.8989,198.70407,727.0928,166.24356,738.6129,184.09491,754.99817,204.28644,767.44324,211.47456,796.5316,215.08917,813.26715,213.66872,-58.970657,364.36203,-56.774357,299.10403,-47.83171,221.80061,-31.857044,182.43161,20.925844,118.91193,56.006683,89.2751,0.012641734650897837,0.0,1.1461318,0,0
775.04004,196.10733,835.327,144.25627,813.555,258.9166,873.1268,198.03967,737.4915,173.2065,744.26874,193.5773,755.3041,217.03879,765.5861,225.31073,797.7079,221.88771,815.1008,213.79237,-46.6021,322.8817,-56.68315,263.16238,-61.753723,191.57515,-51.628418,155.35089,13.206522,102.10986,57.320927,85.128235,0.025300007794056962,1.0,1.1461318,0,0
775.5122,194.91751,836.0574,143.33496,814.15247,258.06192,873.5894,197.0518,741.8265,173.67743,746.46234,194.45616,755.8024,219.09583,767.14813,228.50668,798.1836,222.81404,815.45496,212.42422,-40.564045,310.57623,-55.09601,254.52638,-64.45968,184.41795,-53.7634,144.44084,10.679799,98.33169,57.069035,86.37024,0.03070177765300004,1.0,1.1461318,0,0
775.83246,193.95346,835.9873,142.7074,814.35156,257.41852,873.65594,196.2985,739.24176,172.63028,746.2969,192.67537,757.4264,216.77327,768.05237,224.65028,798.66876,220.90076,815.6964,211.5368,-46.77961,316.83017,-55.60249,257.5114,-60.800705,184.85866,-49.570763,149.17351,12.436234,99.82302,57.277794,86.21388,0.026234586461081975,1.0,1.1461318,0,0
775.4767,194.06487,836.11316,142.36484,814.5823,256.53183,873.9399,195.62984,730.0312,166.40245,741.36926,182.90358,759.0115,200.9662,772.1775,206.48587,798.3279,212.76718,815.6461,210.2476,-54.64149,347.05978,-51.970093,287.90613,-39.37473,215.41228,-21.005754,179.22656,21.310545,116.7534,58.250507,88.51804,0.010720211858375498,0.0,1.1461318,0,0
776.71295,192.44244,836.9474,141.5615,815.3369,255.64528,874.7514,194.69734,719.3864,158.5839,732.32587,168.30115,749.6414,180.65,764.5021,188.22403,789.3511,200.54451,805.5881,205.4672,-72.728615,385.60632,-58.47185,338.18576,-38.915203,277.15,-18.834429,232.28696,14.988341,158.39728,40.887367,116.89018,0.003026814104494125,0.0,1.1461318,0,0
776.11163,191.45828,837.2658,140.63858,815.6836,255.00049,874.6671,194.12013,726.82513,167.59006,720.99915,162.26747,732.6309,172.43343,745.3219,179.97273,773.8783,191.33472,789.5426,196.58339,-64.80092,339.83862,-69.67435,362.1034,-59.46112,318.80652,-44.462692,279.9077,-4.0926147,204.30492,19.554289,164.36015,0.004665352585828624,0.0,1.1461318,0,0
777.29486,193.69588,836.96326,140.22577,815.98444,254.07106,875.3848,194.13278,684.43225,141.84264,699.4366,151.47691,720.2416,165.01001,732.8299,171.56909,761.42926,183.8046,779.9226,189.06413,-120.78985,502.92255,-102.44234,450.0351,-77.48318,377.06537,-60.542614,337.1713,-18.993237,253.21733,11.163921,205.02974,0.002559414009308689,0.0,1.1461318,0,0
778.33875,193.59154,837.9645,139.75383,816.31134,253.32135,875.9079,193.20837,681.1063,135.03633,696.11285,144.42064,716.9829,158.18254,730.523,164.96225,759.4407,177.60512,776.29425,183.20715,-123.25977,535.22424,-104.17037,481.28998,-78.7998,405.41965,-59.904385,361.96292,-17.59132,274.22263,9.169561,227.44153,0.00224489514718509,0.0,1.1461318,0,0
780.1176,190.35745,838.2847,138.36487,816.8598,253.02574,876.3847,192.47487,697.67053,134.02867,706.7661,140.7097,725.2166,153.18364,737.76,159.3368,766.0693,172.59338,781.7427,178.2684,-110.82112,514.24603,-98.37784,476.11716,-72.48891,403.53952,-52.54222,361.38867,-7.7784753,269.96436,18.538038,224.39185,0.002608037971421832,0.0,1.1461318,0,0
779.5111,188.98071,838.4668,138.60231,816.6548,252.33589,876.68475,191.98866,716.13367,136.03346,721.729,140.17181,739.23126,152.23105,751.3373,159.9134,778.17334,172.81158,794.9095,178.27513,-71.26791,461.75287,-63.945045,438.69193,-40.464565,370.45203,-23.825161,326.1138,17.18696,240.52333,45.546326,194.2854,0.003201572612593614,0.0,1.1461318,0,0
778.8036,188.67384,839.0601,137.9419,816.8171,251.74777,876.4005,191.46457,719.26013,131.31871,736.257,144.18922,754.82214,156.6986,767.57916,164.15431,794.48956,177.11317,809.68787,182.92621,-51.679924,451.0798,-32.302658,386.0997,-9.606678,320.10385,7.225085,277.98355,45.958412,196.23041,69.73591,153.57535,0.0025889516756744924,0.0,1.1461318,0,0
778.2763,188.88698,838.18634,137.48955,816.7265,252.04398,876.1179,190.87563,734.69434,138.00096,750.0679,151.6976,769.2992,166.2992,781.1224,173.42183,809.91907,186.92786,825.172,190.56728,-26.0997,405.59097,-11.399839,341.35852,9.673903,269.0166,24.749033,229.56175,66.01714,143.05174,92.48798,104.97084,0.004193277008103258,0.0,1.1461318,0,0
778.9645,189.27701,839.02637,137.4356,816.9567,251.72786,876.454,191.00568,746.40656,146.67152,755.4553,167.84866,767.00476,187.87123,776.4784,196.37227,809.72736,199.08421,827.67175,193.17903,-13.641661,363.16592,-21.045977,294.14905,-21.890503,225.96469,-13.33198,189.10666,49.22716,118.9389,93.48987,95.89576,0.020145237169912282,1.0,1.1461318,0,0
778.6984,189.10727,839.2857,137.255,817.80554,250.97717,876.85925,190.43745,755.415,148.53671,759.0283,169.80904,767.33484,194.43654,777.86346,204.94093,810.6681,202.71011,828.04663,192.66423,4.701345,337.3984,-14.5396185,280.18094,-28.000057,209.52809,-20.497437,167.40714,45.247448,109.56046,93.36011,96.49246,0.03251037927109137,1.0,106.9518738,3,3
779.15686,188.25928,839.8312,137.20526,818.04065,251.48172,877.6396,190.51862,757.89294,149.00565,762.0774,171.98888,769.9172,194.65076,780.53723,205.85394,812.1998,202.63124,829.1387,192.85747,5.8161225,331.70572,-13.879219,268.58325,-25.188034,203.01712,-17.903938,159.4304,47.006187,106.57644,93.81018,94.134705,0.033632010002054014,1.0,59.5238113,1,1
780.5872,188.88147,840.48956,137.0389,818.7714,250.61385,878.2054,190.1489,752.6006,147.70122,761.9606,168.55951,774.4616,188.6684,783.3302,196.42195,813.5963,198.64851,829.59576,192.39693,-5.169888,351.8267,-12.180704,282.76334,-11.825735,212.28624,-3.769665,178.03159,53.493797,114.13016,94.30616,95.560974,0.02123997805896164,1.0,45.3514748,1,1
781.2507,187.71341,840.6618,136.60815,819.1839,251.06476,879.0816,189.44469,740.404,140.22617,756.1165,154.0398,773.25354,165.75581,785.6707,173.40092,812.75836,185.67892,828.5476,190.16473,-26.442019,398.3676,-10.4142065,330.54858,10.653872,267.22525,26.661825,224.31256,66.50436,142.58627,92.980354,101.36727,0.0038651006341865572,0.0,8.7221975,0,1
781.2952,187.9801,841.556,136.2623,820.1282,250.22086,879.34265,189.14333,726.3269,144.44243,736.43805,151.0955,754.7952,165.16296,766.95276,170.31668,791.54456,187.69527,806.9245,191.85533,-55.317314,405.884,-43.337917,370.61057,-24.145008,302.32605,-6.5428514,267.34396,20.367056,181.0339,45.501686,142.14432,0.00211354134570878,0.0,8.7221975,0,1
781.58026,186.82324,842.1187,136.1001,820.8929,249.92932,880.04504,188.82776,734.623,162.15173,733.67535,161.67339,735.42755,163.84238,744.86487,167.25565,777.0172,184.67984,786.7995,187.86577,-60.92483,342.04132,-62.179504,344.86838,-61.2907,336.54095,-47.293976,311.6534,-6.208045,213.20184,8.808596,187.99092,0.0012984587940591495,0.0,8.7221975,1,1
783.0196,187.4571,842.3077,135.10237,820.5926,250.09277,879.99774,188.72292,685.11334,142.68758,696.0962,149.85164,711.7988,161.33896,724.02795,168.04333,755.0377,180.98396,770.2972,184.86853,-146.35704,499.29016,-131.86246,459.40836,-112.74755,400.01443,-95.67187,359.98282,-48.41469,269.36176,-22.447172,230.75792,0.0034565601447578823,0.0,1.3353809,0,0
782.88464,186.37303,842.6434,134.69522,820.7708,249.0244,880.0086,188.47636,669.8417,140.24832,686.9947,152.4589,704.6682,163.43555,719.14777,170.05733,748.1535,181.62885,764.26465,185.95604,-170.136,520.0684,-149.60327,458.1592,-127.07103,399.14746,-106.262566,356.87817,-62.835934,276.36182,-36.312,236.35872,0.0028371247265110535,0.0,1.3353809,0,0
783.39386,186.30077,842.87775,134.51346,821.02716,248.94005,880.5256,188.0769,671.5503,142.46265,690.4919,154.95947,706.5293,163.85133,719.9585,169.88376,750.0699,183.38113,766.24677,188.9699,-174.31358,520.297,-149.64581,452.25552,-127.34768,399.79962,-107.35702,359.74442,-62.88898,270.7745,-37.312756,227.14297,0.0018253153435033897,0.0,1.3353809,0,0
782.1403,185.64154,842.23,134.87956,820.0934,249.09265,880.3036,187.95822,685.12946,145.55022,702.35785,157.33951,722.3064,170.25713,735.1438,176.06914,762.525,187.23645,779.5604,192.85681,-148.05632,480.90378,-126.10073,417.981,-100.48169,348.5489,-81.638565,310.65924,-40.48182,233.46132,-13.554806,188.76147,0.002611635223868092,0.0,1.3353809,0,0
782.287,186.55745,841.5477,135.59909,819.97064,249.90631,879.20483,188.73364,722.99445,162.42122,726.00085,163.64496,741.0098,174.65376,754.61774,182.06154,782.1453,194.94524,797.76636,200.7132,-91.11057,370.3212,-86.45055,361.61017,-68.65146,306.4018,-49.939346,263.20087,-10.184648,181.6542,13.989177,139.13222,0.0027839513852349353,0.0,1.3353809,0,0
781.5317,187.32176,841.1713,136.13055,819.756,250.38116,879.0364,189.4812,728.03033,157.40129,744.2881,169.11104,763.3891,181.68373,775.6169,188.13068,802.04614,202.3525,817.8914,208.68668,-71.426735,371.63776,-52.485806,312.6115,-29.25421,247.21623,-12.687182,209.47258,22.434443,128.05067,46.003345,84.23378,0.0019590936789188928,0.0,1.3353809,0,0
780.0698,188.04971,840.94116,136.4941,819.0586,251.05115,878.7841,190.14679,744.59344,164.68367,758.18823,180.37053,773.3688,188.16505,791.6326,199.51616,817.38525,213.02147,833.9168,215.65836,-40.995266,318.4291,-33.027607,257.4472,-13.050037,212.17831,8.579336,153.5858,41.930782,76.655815,70.98202,39.310173,0.004171746450372195,0.0,1.3353809,0,0
780.61664,188.27931,840.87994,137.31203,818.95935,251.59164,878.31976,190.67345,756.1768,172.64911,766.02405,193.26405,778.5215,215.12514,789.46124,223.47014,818.4647,223.31421,834.40393,217.22493,-29.575983,281.16574,-34.0248,216.09004,-34.696068,146.33995,-23.460678,109.10019,31.8356,54.710167,70.64314,35.820618,0.021188391449709226,1.0,1.3353809,0,0
780.12665,189.8373,840.7183,138.36719,819.42725,252.68997,878.86005,191.85425,763.57306,175.5896,772.5292,196.29715,782.94226,220.05812,793.92645,229.9645,821.2607,227.1373,834.37585,218.64264,-14.916366,262.68756,-22.23242,199.98674,-30.008482,130.93265,-20.94771,90.82978,33.693066,44.9067,69.83228,36.220337,0.029490103970180023,1.0,1.3353809,0,0
781.3957,190.15251,841.85187,138.84235,820.3486,253.40855,879.817,192.30165,763.3113,173.73563,774.02496,194.65111,786.3386,216.5226,796.7364,225.27579,822.85895,224.63356,835.30365,218.88321,-15.689594,270.82138,-19.523264,203.83342,-21.283195,134.73544,-11.784634,97.751656,38.521297,49.655403,69.995636,36.860714,0.023850144903488607,1.0,1.3353809,0,0
782.15857,190.00659,843.05994,139.32158,821.38617,253.3683,881.05023,192.74632,754.0824,167.82825,766.7802,182.64052,777.64655,189.8071,797.68024,203.74779,822.30164,217.0584,836.13654,218.7357,-28.046156,301.7676,-20.901314,244.52777,-8.457061,208.70999,13.440042,141.61969,44.74142,67.84912,69.68111,37.929203,0.00547346884052324,0.0,1.3353809,0,0
783.44354,190.26118,843.72626,138.73509,822.44196,253.4293,881.9362,192.34099,736.2142,163.27904,752.6498,174.6325,769.99756,186.69318,782.98016,193.37831,807.2599,207.40276,823.32245,212.92807,-60.32348,349.7562,-41.469284,292.70685,-21.906853,233.06798,-4.6442785,194.0362,25.602913,118.24909,50.14938,76.09892,0.0020959638522864104,0.0,1.3353809,0,0
784.8571,190.02705,844.88214,138.8796,823.3729,252.92531,882.70447,192.47014,730.62384,174.70894,731.9398,174.37753,747.3576,184.58508,759.24896,190.05142,786.6433,203.47516,802.65497,209.19261,-87.8008,335.22867,-84.922264,333.6417,-66.62221,281.86588,-49.923252,247.67935,-12.528751,167.34644,11.789291,125.03678,0.0019181774273533956,0.0,1.3353809,0,0
785.5683,191.42499,845.28156,139.53221,823.8572,253.23705,883.51227,192.34128,694.74567,162.45303,708.15186,171.30507,728.2006,183.5953,741.3199,189.95085,768.55927,201.14433,785.4531,206.3645,-145.01358,443.0149,-128.40105,395.5486,-102.93591,327.96967,-84.651764,288.27866,-44.788006,211.14276,-18.2118,167.35236,0.002479234725815603,0.0,1.3353809,0,0
785.90424,190.07529,846.19714,139.44191,824.7679,253.90277,884.11993,192.9815,677.61304,158.53,695.3211,170.12276,712.4558,180.35773,726.8514,188.57318,754.1184,199.98195,771.7855,204.51048,-170.51216,464.8145,-149.33597,406.5044,-128.09572,352.97244,-109.98962,309.18292,-71.59632,235.89673,-43.559177,194.46214,0.0025604287927396907,0.0,1.3353809,0,0
786.7055,190.93033,846.40216,139.94095,824.85706,254.40208,884.3296,193.54013,673.78613,155.74931,692.22864,167.59567,711.3534,178.97498,724.297,185.66344,752.18585,197.67496,768.2516,202.21577,-182.528,492.42972,-158.75421,429.30255,-133.59164,367.0636,-115.72774,327.80496,-75.07325,249.43512,-49.17155,209.74292,0.00225390112385461,0.0,1.3353809,0,0
787.3718,192.06929,847.3397,140.4573,825.729,254.95744,885.32886,193.90884,681.0047,152.42438,698.1321,163.14375,716.1968,174.88559,728.6512,182.30373,758.9601,193.41129,775.6029,198.4862,-163.03706,492.53632,-141.13971,434.28503,-118.79234,372.57437,-102.8568,332.1387,-56.939987,250.60481,-30.57872,208.13599,0.0027350058194673156,0.0,1.3353809,0,0
787.71716,191.94077,847.2227,140.3038,825.8002,254.43257,885.5061,193.94014,700.21173,151.18436,713.8463,158.45982,733.83344,170.76227,744.8267,176.46599,772.4739,189.18721,788.94104,194.27765,-129.03488,467.13718,-109.54303,422.28552,-83.170074,353.3088,-67.657974,318.46484,-27.230179,235.66722,-0.4014871,192.4229,0.0018425910140764132,0.0,1.3353809,0,0
788.53357,192.20541,848.3804,139.83943,827.0292,254.1835,886.1353,193.92802,737.2558,156.16846,736.3342,154.37201,750.19037,167.06387,761.7745,173.25452,789.74774,187.66945,805.4482,192.29391,-58.095875,380.23346,-57.794827,386.32028,-45.429356,329.98605,-29.921242,293.70547,8.027766,207.66357,33.65182,167.07306,0.004674442701433317,0.0,1.3353809,0,0
788.90894,191.46066,848.89954,139.99405,827.47,253.93274,887.01953,193.48509,733.64325,142.10919,749.5106,153.96808,768.08246,166.45332,780.88696,173.23068,807.51196,187.59999,823.1915,192.44737,-50.94861,423.3606,-33.12328,363.24365,-10.901502,297.43503,6.514834,256.9092,42.061855,172.7492,67.5613,131.46303,0.0024884679650420483,0.0,1.3353809,0,0
788.81683,190.95222,848.9349,139.82166,827.4776,254.28851,886.94904,193.45209,749.80304,144.74738,764.5618,158.33316,783.843,172.29599,795.0509,179.60744,824.03723,191.2932,839.7058,195.27597,-22.208015,383.28394,-8.828406,321.6128,12.920965,251.81355,26.40369,213.62617,70.229866,131.70512,97.07603,92.36086,0.0045400251042914345,0.0,1.3353809,0,0
789.93964,192.91559,849.92816,139.65752,828.099,253.48236,887.68164,192.89961,759.1622,150.56372,771.5233,170.85303,785.7689,189.20155,796.47064,197.09885,825.4178,201.14998,842.16187,197.46918,-8.345068,360.0128,-9.050006,286.7301,-3.6178155,216.51378,7.6652107,177.87025,59.995617,111.33215,98.752716,85.2109,0.014839966329782583,0.0,1.3353809,0,0
791.2375,192.94418,850.41486,138.89168,829.1838,252.59265,888.2985,192.34259,764.08716,150.10188,774.75696,171.80035,787.75574,190.9124,797.9479,200.9604,827.73474,202.28218,842.9362,196.86513,0.21596296,354.75925,-6.1557765,281.39233,-4.38582,211.55518,3.2059968,168.84273,61.200825,105.41444,99.415276,85.649734,0.01964926409008176,1.0,454.5454407,11,11
791.8992,191.64322,851.1589,138.57489,829.9417,252.44055,889.3944,191.76909,763.1621,148.76865,774.5779,169.37747,789.44464,188.04591,799.227,195.73341,827.38806,200.26733,844.3554,196.45152,-3.9839165,359.5039,-6.9266634,286.02612,-0.40901735,212.97179,9.521614,176.3012,60.217014,109.916626,99.80483,83.54727,0.015635879664462934,1.0,192.3076935,5,5
791.06384,188.97234,851.61786,137.45946,830.0184,251.79968,890.04584,190.92308,756.5832,141.85394,771.56647,155.36642,789.7819,168.34297,799.97314,174.52098,827.5056,187.79385,842.62366,193.56537,-10.771822,377.47043,2.7094502,315.24847,23.088837,249.45049,35.73271,215.59535,74.01926,132.60847,96.96991,90.53458,0.003621801184512228,0.0,141.8439789,4,4
791.03595,188.20663,851.25146,136.92093,830.1686,251.17062,889.71765,190.065,740.6326,139.85532,756.83655,152.06148,775.48035,164.19131,788.74603,171.30609,816.0216,184.53514,832.25854,190.0659,-41.36267,410.60342,-23.643421,349.30173,-1.260029,284.627,16.382881,242.68477,54.165375,160.28925,79.660095,116.55734,0.002544946192897154,0.0,114.9425278,3,3
790.68915,188.34512,851.0475,136.06366,830.0287,250.58264,889.61584,189.49811,730.8536,142.66771,739.2322,149.34395,757.34894,161.91393,770.5664,169.13899,797.0259,181.4627,813.88806,185.8819,-61.74104,419.8516,-53.226234,387.6503,-32.81017,323.36865,-15.708583,281.52026,20.984678,203.09435,48.750244,160.73943,0.0035186419325676645,0.0,3.0665441,0,0
790.6113,188.21382,850.1685,135.578,829.0133,250.38263,888.4634,188.93314,741.6063,156.8848,753.59155,166.09834,743.24927,159.52663,754.89716,165.93738,783.40894,178.16728,799.62744,183.84167,-60.05525,368.86053,-46.963787,323.1491,-59.86698,359.15787,-44.169262,321.00226,-1.9950587,236.70073,23.4271,191.96791,0.0037704858354585726,0.0,3.0665441,0,0
789.7774,188.0289,849.477,134.92865,827.7261,249.72913,887.48,188.97469,698.7823,134.05566,713.32605,142.78766,735.1106,157.00226,747.6828,163.34807,776.79083,175.88489,793.5338,180.18443,-119.47223,508.29758,-99.974976,457.4012,-72.489426,379.38644,-54.65237,339.4591,-11.146996,252.9249,17.342054,210.0616,0.0024855467147359353,0.0,3.0665441,0,0
789.2137,187.97385,848.9098,134.56558,827.4928,249.43616,887.27673,188.51677,709.2133,136.25816,719.5103,142.36497,739.2602,155.21,751.5866,161.8329,778.8694,174.8339,795.92975,179.50804,-98.54046,481.41562,-84.823364,445.49936,-60.16971,374.60706,-43.30316,334.30435,-4.3543735,249.96243,24.152525,205.48003,0.0024676393697297266,0.0,3.0665441,0,0
789.7757,185.17844,849.709,133.70676,827.98065,248.36412,887.9326,187.1859,724.136,138.40073,731.21387,143.73904,748.8821,154.83246,760.945,161.82004,788.57684,174.24477,805.3923,180.04552,-77.23538,439.55402,-68.949234,412.03754,-46.000484,350.03842,-29.859985,309.73624,10.919871,227.1127,37.720898,181.26227,0.002700122815014426,0.0,3.0665441,0,0
789.29333,184.2205,850.1635,132.48935,828.4632,247.48831,888.60126,186.01157,726.99786,133.09128,742.19025,144.4443,762.07404,156.47621,773.9912,164.03691,801.4702,176.70627,817.5246,182.28098,-61.441296,437.76575,-44.740387,380.99072,-19.875658,314.7248,-5.5324435,274.54797,33.098,193.64871,57.94679,150.53085,0.0024659542294329997,0.0,3.0665441,0,0
789.58026,183.34215,850.02875,132.34497,828.35364,247.67914,888.4406,185.96921,739.69165,135.47037,756.64087,148.9314,775.32825,160.50313,789.30054,169.10107,815.7847,181.87326,833.0961,187.61224,-43.19301,408.84064,-24.758509,342.71344,-0.9821952,279.36807,16.621449,232.77054,53.935936,153.53671,81.546844,107.703094,0.002663290621939191,0.0,3.0665441,0,0
789.00726,184.07669,849.671,131.97571,828.20526,247.31348,887.9836,185.86395,756.27686,139.93066,772.873,152.99094,790.78125,165.3363,803.1497,173.93898,830.90906,187.14975,844.7865,193.34595,-10.814559,364.20703,6.2680583,301.3383,26.613249,238.58466,40.42319,195.51799,79.016655,112.9865,98.812126,72.67476,0.0026933182026921123,0.0,3.0665441,0,0
788.3197,185.27411,849.39404,131.67924,827.64246,246.69913,887.7277,184.73587,768.30164,147.32419,780.3106,167.9847,790.26874,182.6578,804.87427,195.03514,837.11035,199.42169,853.3598,197.76372,8.423166,325.8152,5.917318,254.12175,6.9265594,201.99237,19.563171,146.95065,76.27279,74.18567,110.62388,44.77954,0.014428373750667012,0.0,3.0665441,0,0
787.50366,183.87653,849.5143,131.67924,827.76953,246.72716,887.77985,184.79042,780.1963,152.00903,787.599,173.15501,791.71094,184.67616,811.2066,207.21762,840.1374,206.70534,853.9263,198.77464,25.253675,285.57614,13.123337,223.42964,6.881405,190.55368,16.064243,107.12358,71.35405,52.743015,109.02967,41.4055,0.026255619995838732,1.0,232.558136,3,3
789.34393,183.71758,849.8689,131.54927,828.00635,246.7963,888.2651,184.86479,785.17065,151.90773,793.7068,174.22145,807.14795,198.57108,818.6596,208.19888,841.6979,206.98605,853.8771,199.5862,31.192415,281.92157,20.167904,212.91167,16.766117,133.84882,27.360548,91.88585,73.67824,49.63507,107.65417,40.38397,0.028499675710888534,1.0,75.757576,1,1
789.6689,182.66452,850.2981,130.91855,828.3446,245.98933,888.5947,184.65804,783.5567,148.33955,794.13043,170.02376,809.61566,191.0054,820.33704,200.50133,843.0214,202.70895,854.9927,198.5219,30.378038,291.43784,24.309885,219.92798,29.027594,143.95483,38.354538,103.48954,80.34697,55.09583,109.96602,39.990242,0.0204905610189268,1.0,39.370079,1,1
790.1035,182.77953,850.7384,130.57977,828.7542,245.46877,889.20996,184.51239,774.3227,141.00127,788.32184,154.7417,803.3128,167.65163,814.0507,174.90222,835.6099,185.89133,852.4174,196.0154,20.537188,328.34146,31.537617,267.7408,45.369484,208.51617,57.70828,171.25778,86.87726,105.07755,107.29618,50.763058,0.0038443782957991598,0.0,73.2600708,2,1
790.97266,182.34302,851.9066,130.29126,830.23047,245.76964,889.8405,184.47781,757.59045,136.51141,774.35156,149.89502,792.5849,161.51828,804.74347,168.25555,839.4972,182.64954,853.8772,187.17554,-10.018019,367.3153,6.8757772,304.34763,28.716476,243.38266,44.509407,205.18121,96.08324,106.4887,119.53594,68.36508,0.0030254149535462725,0.0,73.2600708,1,1
791.6505,182.52107,852.39935,130.57724,831.01447,245.34398,890.8502,184.37886,738.77386,135.4197,754.8814,148.07147,773.82684,159.31516,787.7489,166.10521,818.2181,178.71645,833.8783,183.49739,-46.636456,408.41165,-30.090553,347.68713,-6.4816856,285.84534,12.592034,244.06143,57.144222,157.78062,82.3491,117.00579,0.002766029211906529,0.0,26.3852234,1,1
792.103,183.86362,852.3829,131.04726,831.0913,246.54947,891.21704,184.34433,730.0489,138.96768,740.44196,147.86865,757.89343,158.63919,771.2582,165.8,801.1568,178.16217,818.8785,181.94504,-68.946465,426.91733,-58.663277,384.27246,-36.83059,324.21283,-19.026299,281.38864,24.82346,195.02542,55.202442,151.88731,0.0035512780770468153,0.0,1.3259962,0,0
792.6055,184.66383,851.9304,131.49426,830.6076,247.39046,890.4683,185.07677,729.2503,145.56213,735.7832,148.98738,752.8778,159.7975,765.9305,166.97495,794.84625,180.13814,813.36633,182.19562,-82.34294,420.48242,-72.86972,398.5449,-50.521038,337.21674,-32.483204,293.78726,10.037474,205.61769,44.916397,163.92209,0.0034092153446396434,0.0,1.3259962,0,0
791.85645,185.04953,851.277,131.9315,830.3491,247.27325,890.31287,185.6423,730.78815,142.58601,736.9279,148.39781,755.76385,160.46437,768.7363,166.64873,797.01624,179.5929,813.7962,182.24814,-72.38564,423.48712,-66.68511,396.2656,-42.69384,328.65952,-23.87531,287.9786,17.187645,201.88174,47.683025,162.51346,0.0037234100634362167,0.0,1.3259962,0,0
790.266,184.85686,850.8637,132.8364,829.9235,248.19801,889.61115,186.64754,732.0928,138.1526,748.611,149.83424,769.30194,161.34734,781.8861,167.57372,811.1008,180.4962,828.6742,185.34647,-57.541634,416.82297,-38.986412,357.79373,-12.294678,292.17972,4.799611,254.2906,46.291626,170.02875,75.09548,125.605286,0.0022604447513632627,0.0,1.3259962,0,0
791.1617,185.44885,850.6779,133.13045,829.0455,249.06216,889.3285,187.25357,747.7048,139.60873,764.8462,151.00821,782.4808,161.82912,796.32263,170.26045,786.7044,164.69038,797.7712,170.96657,-34.41436,397.27234,-12.214984,333.51404,11.207509,271.6741,29.313734,224.22264,16.401726,256.42633,31.414886,219.70851,0.0010512017847304073,0.0,1.3259962,0,0
790.1661,185.85838,850.88025,133.3606,828.93945,248.61533,888.8065,187.10353,769.31934,142.53926,787.2223,155.3222,805.5345,167.74644,816.8164,174.8901,843.75134,189.24295,858.1151,194.16747,11.984986,340.5226,32.042076,275.2922,53.139812,210.9148,66.690056,172.75266,102.381874,88.20179,125.08957,48.96066,0.002297606610305223,0.0,1.3259962,0,0
790.0013,185.62076,850.5429,132.51158,828.95245,247.85904,889.26196,186.30695,788.7368,150.83324,801.0878,168.7193,846.25653,199.63818,846.6221,196.80446,863.3764,201.6448,877.72205,201.18852,41.70762,282.2171,43.31268,216.15645,93.03672,60.17919,97.56917,65.25298,124.61435,21.90756,154.30403,-6.1728086,0.008333160264272069,0.0,1.3259962,0,0
789.27423,185.3019,849.64496,132.83865,828.0049,247.82173,888.83655,186.80858,800.3118,157.69167,807.15906,179.99403,817.4798,202.63622,828.2743,212.24966,859.73303,211.10388,877.0371,201.65459,57.9035,241.53828,42.424374,177.02386,34.120865,108.4135,43.18117,68.04077,106.40981,9.520163,154.0697,-5.950289,0.026825209943250605,1.0,1.3259962,0,0
788.7006,185.73993,849.2543,132.6878,827.3305,248.53053,887.79565,186.98149,803.1617,158.46645,807.95557,181.19208,816.3601,204.4942,827.50146,215.95895,858.8893,213.20824,877.0124,201.87306,63.78813,233.29701,43.882393,172.62161,31.301697,106.800934,38.87037,62.08998,103.95543,6.215885,155.97838,-7.762542,0.03169468278886958,1.0,1.3259962,0,0
788.089,185.94948,848.52136,133.15247,826.4098,248.323,887.23755,187.08542,798.5579,155.06444,805.4605,177.13899,815.758,199.93307,826.69214,210.25006,857.51355,210.20332,876.4118,201.98206,60.7984,250.35771,45.854965,185.62646,37.446445,115.979065,46.026363,73.43752,106.85019,13.33266,156.07805,-7.948256,0.025377648062468637,1.0,1.3259962,0,0
787.403,185.0591,847.6746,132.44366,826.5065,247.85748,886.92596,186.42006,788.04565,147.85664,800.27765,167.20596,832.81964,194.44707,841.8428,198.13591,857.7407,201.96315,876.24677,200.77629,49.154808,284.5964,48.49247,214.94902,78.0518,91.8436,91.15122,66.57852,117.77328,27.57709,156.79834,-6.8728905,0.009949998997798633,0.0,1.3259962,0,0
787.50214,184.17088,848.45795,132.14977,826.87714,247.06966,886.5048,185.55545,772.8802,138.37975,790.0709,152.2442,807.08826,164.60527,818.93677,171.72784,846.88696,185.93707,860.5325,191.14925,28.273409,334.06082,45.084705,267.92062,63.299873,206.47685,77.86347,167.36987,115.631134,81.08517,136.50919,42.542572,0.0029944694438991757,0.0,1.3259962,0,0
787.9189,184.00082,848.3763,131.34113,827.0603,247.1524,886.84656,185.04732,752.0597,132.59494,769.67944,145.81915,787.2993,158.27579,800.30347,165.98581,827.5491,178.83224,842.5295,184.61575,-8.144889,389.72714,10.957732,323.0523,30.715042,259.31973,47.029892,216.26498,85.2653,134.16313,107.94302,91.927505,0.0027489805686887318,0.0,1.3259962,0,0
788.15186,182.5984,848.69037,130.731,827.0635,246.15155,886.94244,184.86626,732.2346,127.13683,749.3963,139.94989,768.91125,152.55257,780.945,159.53658,808.93835,173.2636,824.13385,178.43932,-44.849934,436.60947,-25.616932,372.2462,-1.70011,304.98798,13.877831,265.77692,53.022076,180.99825,77.17335,140.13123,0.0024732232671242356,0.0,1.3259962,0,0
788.49036,181.76765,848.4563,130.20343,827.12787,245.76535,886.99146,183.59645,724.46185,127.846054,733.2435,135.29768,750.5328,146.82849,764.0389,154.79036,791.38605,166.81381,809.5417,173.72249,-65.36234,454.74112,-56.04533,418.02676,-34.418564,355.25064,-16.563522,309.61743,24.048752,228.29523,52.13606,177.22095,0.0030002202354012767,0.0,1.3259962,0,0
788.8681,182.04007,849.0314,129.2536,827.5403,244.83954,887.88715,183.16878,741.37976,142.85191,730.6062,135.1949,741.35693,143.49603,755.4241,151.87886,783.2101,164.86412,799.37915,170.89658,-47.777927,384.78677,-60.56669,425.36194,-48.594875,383.20532,-30.200188,335.01254,9.910766,249.83743,34.911037,204.31326,0.0033065731673599308,0.0,1.3259962,0,0
788.9821,181.62628,848.7823,128.59088,827.3977,244.21527,887.66046,182.43341,742.47394,141.90663,754.43335,149.99767,742.757,142.54272,757.28674,151.39494,784.304,164.34941,799.072,168.94823,-45.796505,386.26712,-31.090233,342.18454,-45.983803,384.08673,-26.961403,333.07077,12.039543,248.38905,36.22843,208.4045,0.0038539312251916675,0.0,1.3259962,0,0
788.3189,179.70854,848.91364,127.54733,827.2828,243.33492,887.51434,181.4181,727.6105,123.7639,733.2901,128.80159,752.75604,142.65955,765.39996,149.97568,793.02734,163.77496,810.0219,169.91951,-54.145596,449.61487,-48.621002,425.72623,-25.977869,353.8461,-9.465931,311.99396,28.890781,226.73723,55.288773,179.99538,0.003061262908804826,0.0,1.3259962,0,0
787.8164,179.18306,849.13544,126.39179,827.3232,242.02887,886.98596,180.6399,734.63385,118.32249,752.0952,131.40932,770.03314,144.54408,781.8793,151.87285,810.0642,168.07791,824.01794,171.76581,-29.409594,437.80173,-11.1753645,374.53726,7.818236,310.69266,21.987667,271.82178,57.251442,182.16177,80.462494,147.08687,0.0026626326632480197,0.0,1.3259962,0,0
787.06866,178.02802,848.26385,125.486046,826.76825,241.24985,886.445,179.23187,755.8767,121.460464,772.11804,133.86115,790.37036,147.44475,802.4113,155.84895,830.39264,171.37833,845.31085,176.91736,8.654253,389.90582,25.425999,329.22208,44.531235,262.5765,57.757694,220.2548,93.629875,131.36922,116.527695,89.81969,0.002618141317284154,0.0,1.3259962,0,0
786.7466,177.50865,847.75256,124.797905,825.4038,240.33542,886.2983,178.09764,769.6406,124.93323,782.6718,143.18169,797.44214,161.52327,809.55927,170.70961,837.9752,179.2538,856.4946,179.61168,31.549154,359.6605,34.573807,287.91745,40.84728,215.36732,53.301548,170.80235,99.009415,95.97859,136.07903,58.004833,0.010950739184814257,0.0,1.3259962,0,0
787.0288,176.2884,847.4566,124.08223,825.3655,239.98056,885.7375,177.55473,777.0203,126.07544,786.1183,148.22525,796.88025,169.30383,808.6465,180.56989,838.0612,184.97923,857.30756,179.99315,42.48664,340.00513,32.62265,266.65134,27.953796,196.56409,37.44915,148.89775,90.637634,81.7923,136.7566,53.477024,0.020765018093980705,1.0,1.3259962,0,0
786.6266,175.57242,847.2512,123.27819,825.4786,238.99796,885.3271,176.81363,776.1579,126.151886,785.2651,148.03,795.82935,168.5627,807.6399,179.38727,841.017,183.36224,856.9826,179.25795,40.815426,336.58533,31.155556,265.40555,26.511652,197.93205,36.387222,151.53189,97.93218,77.575,136.37598,53.828648,0.02058448422035778,1.0,1.3259962,1,1
786.36554,175.01286,847.3212,122.57945,825.41626,238.39316,885.1329,175.92772,769.05176,123.33851,781.87524,141.70375,797.9187,160.9413,809.9156,168.91196,839.68256,177.76932,856.20844,178.0578,29.472054,354.4684,31.975979,284.78152,39.691715,209.27803,53.43296,168.32399,101.73296,90.42002,135.3627,56.233128,0.010739229111682297,0.0,0.5830054,0,0
786.56085,173.91962,847.28705,121.50245,825.62396,237.09828,886.11505,174.89093,757.0298,120.59943,772.9836,133.7037,791.92096,148.15176,802.6812,155.15865,831.294,169.99194,845.7478,175.94508,7.0905094,385.15173,23.017244,320.58438,42.88847,248.48872,55.546753,211.05779,93.714485,121.52166,114.88362,80.07152,0.0030676828966469424,0.0,0.5830054,0,0
787.42395,172.58707,847.72186,120.368866,826.6004,236.0463,886.7617,173.9829,740.085,123.48018,756.7856,135.70421,774.66986,149.11304,787.47394,155.52713,815.28766,170.60167,830.20435,175.83986,-34.949993,408.38092,-15.986068,345.12338,3.489205,278.08212,21.16977,238.34709,57.63246,150.57936,80.680916,110.16914,0.0025250030274976487,0.0,0.5830054,0,0
787.6567,172.28615,848.614,118.93482,827.18176,234.88744,887.11127,172.7261,730.6709,129.24138,739.07684,136.12923,758.4158,149.34792,771.2036,156.30605,797.9881,170.25688,814.6744,175.91924,-58.200775,405.67355,-50.089207,373.48495,-28.548653,306.42508,-12.291399,266.52234,22.376488,184.68054,47.74191,140.2829,0.002767987403809884,0.0,0.5830054,0,0
789.1086,170.83887,848.5909,117.84761,827.1804,233.95743,887.14404,171.724,744.2311,149.46109,758.42804,157.41176,744.14307,150.54819,757.558,157.73634,786.3436,170.21735,802.2636,176.3425,-65.04898,337.91992,-45.617092,290.99887,-66.46366,335.45297,-47.73864,291.94394,-4.782437,206.82169,19.604593,162.0587,0.0019351469569398535,0.0,0.5830054,0,0
790.74164,173.64722,848.83136,116.292496,826.7866,232.72597,887.4067,170.27904,704.5888,128.83109,717.34863,137.04195,738.0111,150.71265,751.43536,157.10603,781.3495,170.61522,796.3146,175.81201,-132.23328,513.1119,-113.4016,459.72632,-84.33597,375.06406,-62.9294,327.8343,-15.882135,227.78232,8.865999,182.85942,0.0022201193273071154,0.0,0.5830054,0,0
788.9739,169.08742,848.7179,115.6458,826.99207,231.63928,887.1148,169.16472,714.2491,130.98643,722.6242,136.84427,740.95905,150.5481,753.54364,156.3493,783.9216,169.22069,799.0911,175.57921,-105.38447,439.43005,-95.0313,407.84976,-73.74024,337.75476,-55.33612,299.13412,-10.17414,209.70511,12.1827345,165.74922,0.002908305043368361,0.0,0.5830054,0,0
789.667,167.81987,847.7833,114.42901,826.08856,230.80824,886.3489,168.41405,728.0485,135.4204,734.23267,139.17833,750.6374,150.47476,763.9766,157.97606,791.03625,170.37819,808.5236,176.91605,-94.595764,411.53946,-85.23793,387.98157,-62.485966,323.50726,-42.589447,276.7416,-0.22979525,191.41241,28.103859,141.16458,0.0025692425833581368,0.0,0.5830054,0,0
785.1658,166.74117,847.47614,113.51731,826.09894,229.5156,886.4783,167.31274,729.22424,128.4526,743.8661,140.04044,762.721,152.63515,782.16205,162.56114,802.77014,173.56403,819.7383,179.69902,-57.560776,385.3429,-44.234932,332.98355,-24.483011,271.2698,-0.5147829,214.47102,24.383692,153.04945,48.63396,108.339294,0.002423078807449262,0.0,0.5830054,0,0
786.0797,166.18507,847.01495,112.675545,825.6832,228.5277,886.1676,166.72954,740.7687,131.33842,757.4599,144.7069,776.07007,156.52208,789.63446,165.21869,816.9628,178.70213,832.988,185.16403,-45.67654,365.914,-29.255867,302.6977,-7.51539,240.404,8.055502,195.30289,44.106316,114.01631,66.96064,69.61338,0.0024301260214583047,0.0,0.5830054,0,0
785.9248,165.23303,847.5943,112.447495,825.8934,228.16656,886.0225,165.91963,754.1765,137.82338,768.40155,154.02502,785.2312,168.84634,796.25885,177.0712,827.2338,187.89722,844.1749,189.7506,-27.310255,319.95496,-19.596113,256.95483,-5.5853477,193.48732,5.246254,155.52905,50.475723,74.43365,80.73737,37.6375,0.007233939376259439,0.0,0.5830054,0,0
786.4509,164.67247,847.53485,112.250854,825.8178,228.21094,886.01154,165.52654,763.82135,141.43597,773.68964,163.18623,786.77075,182.9021,798.6362,192.54297,828.73865,195.32553,846.1565,190.97704,-16.026667,295.29443,-22.485607,227.10591,-20.435766,160.45929,-9.402754,118.6294,43.650867,56.05102,82.62011,30.627167,0.017891745344134062,1.0,0.5830054,0,0
786.4983,164.74298,847.61945,112.45688,825.4329,227.81735,885.8736,165.14194,768.3973,141.23834,777.97504,164.03342,789.4107,185.59439,801.4993,196.11263,829.5275,196.96434,846.49536,190.6307,-7.0351553,288.62796,-15.402475,217.68983,-18.516233,149.62735,-8.044803,105.401695,43.2408,50.28174,83.73544,29.521866,0.022463290563330112,1.0,0.5830054,0,0
786.5504,164.63612,847.41046,111.88639,825.70636,228.05217,885.9506,165.06113,764.6562,139.26453,775.6407,160.51971,789.24304,180.621,799.5374,188.38107,829.8252,194.31517,846.3096,189.8014,-12.240441,299.79425,-16.048319,229.80466,-13.478936,160.60657,-3.1269817,125.14407,46.919773,55.3214,84.37091,31.863853,0.016992865559099155,1.0,0.5830054,0,0
787.07007,165.12726,847.41406,111.77508,825.6532,227.2064,886.1259,165.07556,754.52075,133.60368,770.51685,148.26207,786.9866,161.34465,799.6234,168.3522,827.6263,182.99089,843.1864,187.96268,-26.125996,337.65057,-12.075266,270.92746,4.458665,208.58482,20.642134,168.26924,57.08111,82.13796,81.13202,41.273975,0.003924032684531603,0.0,0.5830054,0,0
785.0075,164.72551,846.45325,111.41655,824.92395,227.41498,885.3531,165.19394,738.02454,133.40118,754.27826,145.53915,774.0875,158.30049,786.38354,165.59335,813.52563,179.21544,829.50726,185.37894,-51.92588,358.2453,-35.3364,300.02914,-12.970191,234.51663,1.5603456,195.53452,36.477116,115.209015,59.331173,71.79892,0.0022481747630305813,0.0,0.5830054,0,0
786.1702,163.88982,846.5032,111.34718,825.03156,227.48593,885.31494,164.99788,728.9409,140.4305,737.6474,145.17598,755.7314,158.12051,768.77734,165.29938,795.8686,177.71045,812.8201,183.32834,-84.72053,363.01126,-73.01959,335.16562,-52.418255,270.78583,-35.38353,229.98299,2.413272,151.71445,28.417313,107.621124,0.0026830756388047544,0.0,0.5830054,0,0
786.31177,163.7368,847.3833,110.31811,825.513,226.56848,885.9251,163.97635,705.88904,136.17824,719.9611,144.34027,740.75397,158.21886,754.22614,164.79225,782.6576,177.4724,799.9641,183.49591,-120.747574,412.84515,-103.238525,367.75534,-79.55942,297.56503,-61.74647,257.9825,-22.99799,177.42682,2.4935021,132.0578,0.0020525586458452474,0.0,0.5830054,0,0
787.0765,163.53513,847.23065,109.68538,826.39417,225.68964,886.69055,163.18187,693.65656,137.59221,710.9372,148.2387,731.733,160.48524,745.28436,167.56137,774.48737,178.02307,791.6219,184.69127,-150.85306,441.2635,-129.1192,382.2414,-102.817986,313.79428,-84.93495,271.88562,-41.477295,193.10284,-16.793623,146.12015,0.00203154130898771,0.0,0.5830054,0,0
786.96844,163.69394,847.68085,109.82585,826.9302,226.10127,887.05005,163.22037,688.8966,139.83727,707.7645,152.24765,728.46643,164.10007,743.7196,170.9525,771.1175,182.88809,789.3295,187.19331,-155.96257,437.3666,-134.41444,373.69556,-109.26245,308.83524,-88.88563,265.62555,-52.065487,189.21275,-23.5263,146.0565,0.0022453482230618328,0.0,0.5830054,0,0
786.80023,163.83553,847.7242,110.565285,826.606,226.80658,887.0116,164.15538,695.8711,143.76411,712.94635,154.87152,734.372,167.93057,748.87683,174.77026,777.0247,186.69865,794.3645,192.34688,-147.62836,413.667,-127.79783,356.74194,-102.367485,288.33508,-83.22452,246.91411,-44.83986,169.86969,-19.36201,126.04922,0.0021124444161126563,0.0,0.5830054,0,0
786.0991,164.87398,847.562,111.60398,825.6117,228.442,886.2415,165.05153,711.23254,147.1993,726.49713,157.09172,747.8745,170.77673,761.5982,177.85509,789.9863,190.07326,806.71436,195.36899,-119.027374,376.93832,-101.51865,326.73117,-77.122246,257.6486,-59.826477,217.4382,-21.602167,139.72421,3.0505958,97.787476,0.0023305095347272054,0.0,0.5830054,0,0
785.4266,165.60135,846.36694,112.59416,825.30835,228.51527,885.3423,166.1171,732.7401,151.03125,749.34186,161.02905,767.2826,173.4833,779.0466,179.81664,807.84076,193.65158,823.9418,199.527,-82.10858,330.01526,-62.454144,277.08923,-43.26612,216.82611,-28.720926,181.57903,8.621808,99.20345,31.680136,56.94298,0.0020123855897681195,0.0,0.5830054,0,0
785.77423,166.14728,845.4505,113.32382,824.1912,229.68794,884.19904,166.82358,750.9109,152.45609,767.3776,164.63965,785.0864,174.99664,798.64105,184.47523,827.3494,198.02455,843.2992,203.94774,-53.061184,299.26532,-34.47985,239.1673,-11.800612,182.02109,3.458617,135.74258,42.77414,52.95016,66.28174,10.652013,0.002213796807061265,0.0,0.5830054,0,0
784.1133,167.04645,844.7144,114.15379,822.9345,230.81581,882.9,167.46292,764.2066,160.9103,775.82495,180.34871,790.99084,200.0448,802.0306,209.66486,832.02856,213.00345,848.90857,208.17865,-31.094395,251.41428,-30.851278,187.0065,-24.399567,118.07831,-14.716527,78.53992,36.935608,15.061269,74.77128,-8.953538,0.015226646265133977,0.0,0.5830054,0,0
782.92377,168.2486,843.4275,114.311264,822.46014,229.95554,882.245,167.75807,771.352,164.05652,779.2339,187.05157,791.0121,209.64142,803.2753,219.85675,833.35254,218.42757,849.03674,208.39146,-17.05288,231.50523,-29.530588,167.0592,-33.906857,98.83152,-23.24821,55.6817,33.896397,0.3682634,76.248505,-11.63723,0.025575662749140412,1.0,0.5830054,0,0
782.1079,168.9706,842.2741,115.137245,820.96277,232.0174,881.1467,168.61017,771.5649,165.40361,779.1403,187.73921,790.5585,209.69159,803.03656,220.37556,832.7312,218.91853,847.98785,209.6519,-16.255028,228.4821,-27.566751,165.6269,-30.813648,99.47274,-19.717611,55.34367,36.806274,1.2838961,76.9861,-11.388577,0.02576149340287776,1.0,0.5830054,0,0
780.6349,168.9451,841.8018,115.92572,819.6431,232.5724,880.1957,169.49539,763.5384,164.03331,775.3186,183.9703,790.1967,204.57124,800.72784,212.44162,830.6442,215.49097,846.90955,210.47282,-26.935013,243.10725,-27.2096,177.70982,-22.549278,107.87004,-12.009671,72.85948,39.644268,10.390784,76.457664,-11.82189,0.016082215317899672,1.0,0.5830054,0,0
781.15173,167.69548,841.241,115.93467,819.8014,232.27048,879.8554,169.72224,752.93005,156.37798,769.35065,169.31447,785.8347,179.34308,799.3938,189.00258,827.3426,202.66856,841.8618,207.54482,-42.43143,278.93765,-24.960398,218.70844,-4.4387627,165.93439,10.559462,120.24324,48.20496,40.2077,70.281166,3.2307289,0.0026682581455988947,0.0,0.5830054,0,0
780.36774,170.82938,840.6421,116.94804,819.9169,233.68878,879.3481,170.59071,735.09656,152.63995,752.6299,164.7738,770.2747,176.40347,783.1029,182.64471,812.1986,197.09605,828.47327,202.31683,-64.9324,326.49045,-45.636414,266.10095,-25.790916,207.34631,-8.897762,169.66364,28.878386,84.00738,53.468555,41.867233,0.002254519583160958,0.0,0.5830054,0,0
780.84973,169.7801,841.47974,116.89418,820.7821,233.13123,880.29877,170.58841,721.5276,149.46658,735.3377,158.81662,755.60876,171.49953,768.4806,178.46396,796.6531,191.3244,813.16095,195.77802,-88.18487,354.36517,-72.86828,308.07132,-49.452824,243.08835,-33.462444,204.4619,4.166683,125.17858,29.94925,84.84504,0.002524043787715707,0.0,0.5830054,0,0
781.49677,169.14458,842.94586,116.304924,821.7186,233.05182,881.2643,170.26308,711.5292,146.276,724.14166,153.43967,743.07263,165.33627,756.7489,171.976,785.9725,184.08875,802.52905,190.05891,-101.920616,373.57706,-87.066025,335.94147,-65.99158,276.93732,-48.668106,238.5779,-9.096373,160.47408,14.5846615,117.6088,0.0019628738620169643,0.0,0.5830054,0,0
783.72235,169.28947,843.72363,117.02752,822.1398,233.49115,881.711,170.78165,709.20544,140.26935,720.22485,146.88904,740.42975,159.51309,753.6641,167.10991,783.5905,178.67812,799.5885,184.75629,-112.60942,406.91934,-98.321495,370.53128,-72.92507,303.40433,-55.77425,261.507,-11.137777,179.91505,12.798383,136.60928,0.0022649631997870806,0.0,0.5830054,0,0
784.75854,170.45776,843.3301,117.62843,822.7531,234.02171,882.47894,171.5273,745.25323,152.17757,734.6539,144.65845,746.7411,154.93758,760.877,162.34108,787.67944,174.0158,806.3451,179.89038,-59.432034,322.00922,-72.810005,362.181,-59.544872,312.3038,-39.086346,266.28845,1.6101592,186.33623,32.15036,136.59337,0.003913963309999381,0.0,0.5830054,0,0
785.06464,171.66028,844.76953,118.19182,823.8144,233.87253,883.2563,171.74333,726.61017,127.84886,742.58936,138.85507,762.24286,151.87325,774.7833,158.46469,802.8169,171.77945,818.63574,176.71236,-63.15279,417.26047,-44.329227,358.8591,-20.93101,289.43097,-4.098421,249.64238,34.93369,164.70862,60.118774,122.62977,0.002464109083821663,0.0,0.5830054,0,0
785.37836,170.49252,845.267,118.30904,824.35394,234.6873,883.91705,171.9565,744.3647,126.279495,761.35425,138.71841,781.5197,151.8906,794.0288,159.53397,822.55634,172.91779,837.52356,178.34712,-29.045904,383.26074,-9.600073,319.55838,14.933992,249.33067,30.574505,207.64279,70.89834,122.68507,93.991234,81.77406,0.0024389755730668612,0.0,0.5830054,0,0
784.55945,171.84096,845.1683,119.212975,823.95087,234.70859,883.2849,172.51952,767.1864,129.80739,783.447,142.83873,802.84344,155.51498,813.501,162.86119,842.7746,177.6964,857.19385,183.41817,17.930176,329.97888,33.88241,267.7148,56.37275,201.01122,68.1379,163.78165,107.39113,73.659904,128.91681,32.545567,0.0025314956158043016,0.0,0.5830054,0,0
784.869,171.75047,845.08185,118.38971,823.3562,234.89935,883.3955,172.02318,782.4021,137.30899,792.6687,159.41432,807.9273,179.58081,819.8872,188.88518,847.3728,192.28079,864.4281,187.34409,37.876076,284.10428,30.52733,212.13907,35.701588,138.02835,47.627213,95.1674,97.50943,33.698517,138.47333,8.881289,0.017083579554877677,1.0,0.5830054,0,0
784.81775,170.78299,844.3258,118.826996,823.5325,234.5703,883.4425,171.70131,789.06946,140.47157,798.3706,163.92001,810.68335,186.04192,821.9016,196.21632,849.4913,195.67494,865.07056,187.16988,47.0407,262.25455,35.55087,188.763,32.31921,116.999214,41.6372,74.69866,96.266335,21.940893,139.06091,7.306153,0.024869863069154976,1.0,0.5830054,0,0
784.61566,170.44589,844.1988,118.105095,823.66504,233.83179,883.4696,171.21977,786.0184,139.77272,796.5551,162.05904,810.78436,181.93056,822.65826,191.34828,849.10144,194.09483,864.45856,187.77594,41.848007,268.15207,34.225163,195.27914,37.281467,124.41918,48.66493,82.04743,96.9866,24.816637,136.31914,6.4290953,0.01911654791351638,1.0,0.5830054,0,0
783.9342,170.03177,844.3333,117.39484,823.4237,233.63716,883.31494,170.66002,775.1236,132.52399,789.6321,146.86568,808.80035,160.29451,821.006,167.05986,846.881,180.05417,862.26855,185.72827,29.324202,303.86542,40.111042,241.25377,61.11835,173.2267,76.64965,134.4368,111.03151,55.895386,134.1588,13.641759,0.0037103187644687684,0.0,0.5830054,0,0
783.62714,171.11888,844.61914,117.32927,823.81714,233.75029,883.2102,171.10585,753.5784,129.45345,771.0939,142.0086,788.851,155.30026,799.6861,160.67377,829.71515,176.47261,841.6865,180.65057,-6.4311395,350.10318,11.888549,288.10605,29.603584,224.48419,43.849297,191.87756,82.195625,99.46198,100.36499,66.90255,0.002519510982748237,0.0,0.5830054,0,0
783.48425,171.1047,843.9696,118.42837,823.20483,234.19984,882.99286,171.74811,731.61127,125.67906,747.69696,138.2253,766.87634,150.08176,781.2546,158.1866,808.3064,171.77888,824.12115,176.62636,-46.363705,404.8598,-29.779005,343.48535,-6.613325,278.975,11.527543,232.94214,47.407776,150.83081,72.30023,109.64404,0.0024927002544204353,0.0,0.5830054,0,0
784.1693,172.06653,843.2304,118.11878,822.63934,234.75026,882.4936,171.786,723.7391,127.593025,729.62537,133.29195,748.13324,145.77106,761.672,153.08899,789.13306,165.81119,805.35736,170.56865,-69.529526,430.08423,-64.08399,403.14398,-40.908867,333.9243,-22.141245,288.73486,17.743895,203.8172,44.402733,160.5453,0.003408267772480688,0.0,0.5830054,0,0
784.0617,171.88629,843.3415,118.2381,822.54694,233.93242,882.21356,171.38704,735.27264,138.70166,733.1379,136.54033,737.4443,141.1808,750.5686,148.42043,778.6343,161.42798,796.2942,165.7776,-57.65739,376.2311,-59.41841,385.98923,-56.208374,365.65198,-38.367603,321.4496,2.1252167,234.36655,32.09459,188.92033,0.004572553609126074,0.0,0.5830054,0,0
784.0143,170.75153,843.3907,117.73025,822.538,233.71216,882.3057,171.03522,723.032,127.572815,724.70667,127.19003,737.8416,137.67807,750.9191,144.83783,779.0412,157.77614,796.5294,163.96422,-71.585526,425.32816,-67.70203,422.99142,-53.175663,369.75317,-35.11993,325.90982,5.981471,239.13449,33.488304,190.17574,0.00311854437072189,0.0,0.5830054,0,0
782.9707,170.20885,843.49866,116.84263,822.4453,232.9187,882.23584,170.3725,719.0602,115.93173,728.6329,124.155205,748.18567,137.03389,761.1147,144.25874,788.34424,156.86884,805.8321,162.96893,-59.373383,449.73154,-50.29968,410.8639,-27.395496,342.28162,-10.847837,300.4821,26.981577,219.06114,53.762474,171.35802,0.0029671606623377688,0.0,0.5830054,0,0
781.8746,169.25998,843.3575,115.96758,822.5086,232.33368,881.73975,169.60469,728.19995,112.41983,745.3752,125.01763,764.57635,137.95522,777.3484,145.55013,805.65594,160.43756,821.0674,165.8309,-32.536816,426.0759,-15.222366,365.60373,5.4562507,300.94507,20.451519,260.28452,56.274616,174.18047,79.503204,132.75397,0.0022705640024351667,0.0,0.5830054,0,0
782.0937,169.20287,842.5264,115.82371,821.5615,232.55356,881.2631,169.73233,745.6711,114.21223,763.50757,128.03238,782.5135,141.21689,794.309,149.00615,822.5059,163.14737,837.5993,169.53903,-4.3973947,398.73584,14.225859,330.08658,35.682064,261.8969,49.344433,220.99496,87.54034,134.13599,109.46903,90.39343,0.0024948556483115752,0.0,0.5830054,0,0
781.03723,168.45576,841.5531,116.18033,820.5588,232.30846,880.8592,169.28542,758.9148,121.03902,770.7585,142.24107,784.7232,161.46654,795.7278,170.33401,828.23175,175.43845,846.12463,174.76607,14.844427,355.89386,11.8815365,279.98203,15.641638,208.47406,26.187147,167.83089,83.541016,93.86146,120.287346,59.75304,0.013979916674928419,0.0,0.5830054,0,0
780.40247,171.6242,840.77966,116.37961,819.5531,231.99374,879.6013,169.07664,767.30756,125.91204,773.32635,148.35718,780.44165,167.62967,792.4063,182.10123,827.8562,182.76585,845.5963,174.99658,33.185448,332.24988,15.700043,266.61835,5.0565333,208.70195,9.89946,153.37822,77.2645,80.200386,122.7493,59.63491,0.026807867287340324,1.0,141.8439789,2,2
779.5968,170.93744,839.9464,116.04795,818.8542,232.14955,878.7509,169.01439,770.1142,126.52198,774.0958,148.09442,780.40656,168.50618,792.4497,185.20622,827.3582,183.56946,845.0521,175.14754,38.199932,321.27484,17.95439,262.15533,4.550963,203.70308,7.0083117,144.10231,76.19362,77.474144,122.54905,58.41745,0.030855541752658557,1.0,96.6183548,2,2
779.78595,170.60579,839.1358,116.08077,817.8606,232.20697,877.96783,168.97809,765.1882,124.26316,771.8231,147.16124,780.1546,166.90578,791.97375,180.4242,825.6552,181.61644,843.57263,175.26263,29.500223,340.541,13.317025,270.27228,5.2887726,207.49667,12.002913,153.83757,76.898796,82.82995,121.192924,59.04655,0.025322561223955715,1.0,40.0,1,1
777.73065,169.00919,838.7757,115.95903,817.12476,232.54326,877.4412,169.49889,754.2691,117.105804,765.9399,136.0482,780.4806,157.44223,789.94464,165.7403,825.1367,173.68686,843.8421,174.37082,17.68273,367.21198,17.176197,297.91156,19.281933,220.34474,27.498358,183.81987,86.581924,98.192314,123.23518,59.35707,0.01291428638952834,0.0,1.2898233,0,0
778.1032,169.06528,838.3233,115.67355,817.12305,232.4713,877.19244,169.0566,738.4623,108.23346,755.64124,121.21289,773.55304,134.59032,784.673,141.76166,813.95105,156.386,827.6246,159.03862,-4.5909677,425.39868,14.372162,357.26605,33.874832,288.29874,47.233837,248.9661,87.42613,156.83778,111.741135,123.318115,0.003484462105599337,0.0,1.2898233,0,0
777.98364,169.21794,839.0405,115.44974,817.5548,231.9019,877.25116,169.27338,717.5972,103.99293,734.69934,116.93147,753.44354,129.04556,765.6917,136.59694,793.6435,150.70064,809.6801,155.31265,-37.98392,465.57642,-20.214424,401.72855,1.6077363,337.42984,16.250385,296.48407,53.54409,210.49821,79.57665,168.75781,0.0026806384677745946,0.0,1.2898233,0,0
778.3625,169.24556,838.48804,115.79336,817.80273,231.67033,877.19196,169.29242,735.51245,123.646866,749.1371,131.38554,737.3213,126.369736,748.90265,132.42659,777.772,146.42099,794.3356,152.19211,-28.118433,388.37613,-10.59056,343.23425,-27.869356,378.16895,-12.353895,341.1645,27.465668,252.11629,53.155468,206.37282,0.0023688641286186665,0.0,1.2898233,0,0
778.6145,169.00592,839.5107,114.99721,817.5112,231.44339,877.7336,169.17465,725.2587,120.701065,740.2431,129.02783,727.5257,122.573845,740.2704,131.29175,769.41705,144.18959,784.65155,149.40376,-46.302498,413.9649,-26.732006,365.16077,-44.063927,405.04965,-29.401838,359.6434,12.382833,273.29544,36.12072,231.7037,0.00315319532408188,0.0,1.2898233,0,0
778.8603,168.99867,839.5842,115.13319,818.1715,230.9036,877.86676,168.63702,728.79333,119.08175,718.5044,111.86117,730.5076,121.56182,742.12177,128.4442,771.393,141.73303,787.63434,147.5798,-36.26439,411.30106,-47.67005,448.6764,-35.917294,401.9349,-21.602877,363.1999,19.361311,275.60312,44.069286,230.47124,0.003797277518142913,0.0,1.2898233,0,0
779.5071,168.60179,840.2844,114.72675,818.78156,231.17233,878.73,168.69211,715.80975,99.35232,723.5422,107.69744,743.73773,120.85579,756.2921,127.877396,785.19684,142.1627,800.35657,147.36662,-40.882133,486.13092,-35.61928,449.976,-11.5812645,378.68997,4.6763954,337.57193,44.281483,247.88391,68.00319,206.17052,0.0031343471284840632,0.0,1.2898233,0,0
779.93097,168.37975,840.7896,114.780716,819.64874,231.23396,879.6956,168.39998,727.31714,96.12296,744.1089,108.32622,763.07416,122.03318,775.6911,129.39815,803.5817,143.14352,819.5627,149.31506,-14.179317,474.44836,4.3021264,410.40305,24.945738,339.39374,40.79689,296.99493,78.92459,209.9693,103.01503,164.16232,0.0025495340883186163,0.0,1.2898233,0,0
779.859,168.39528,840.4795,115.211555,819.64526,231.52708,879.6454,168.60963,749.66156,101.42769,762.67206,118.98175,780.53284,140.21252,788.0532,145.41725,822.7746,154.64008,838.45514,155.53128,24.845152,419.612,28.346088,348.76242,36.67364,262.3277,44.949577,235.54031,102.674286,145.99263,133.61884,112.32714,0.010628636799529839,0.0,1.2898233,0,0
781.3109,167.49562,840.9032,114.96688,819.7087,230.6984,879.33655,168.52184,763.5772,109.188385,771.7678,131.94586,783.0052,154.22937,793.64044,165.04692,823.89197,164.62923,839.638,156.60329,37.80562,376.03525,25.011784,301.61606,19.700785,226.48969,27.605234,181.26097,89.60695,121.92098,133.56886,107.15915,0.026065871446013893,1.0,1.2898233,0,0
781.16345,170.00749,840.5508,115.53154,819.19354,231.59616,879.014,169.08412,768.72894,109.799484,774.2017,134.3671,783.0543,159.2709,793.5552,170.36076,823.4064,167.95369,838.4609,157.21437,52.73015,369.08612,31.158682,296.42557,17.166355,220.09357,24.265823,174.11702,87.512505,118.23133,133.20859,109.984535,0.03702543791230491,1.0,1.2898233,0,0
780.1989,168.86246,840.30316,115.373856,818.93304,231.81558,878.4346,168.99364,765.536,109.45381,771.9993,132.16844,781.75806,155.83641,793.31744,167.12752,823.682,166.42097,838.69934,158.50842,45.670185,369.47263,29.19056,300.12747,18.9356,225.80623,27.807014,178.1576,89.54967,119.08997,131.43472,105.265884,0.03003699722088953,1.0,1.2898233,0,0
779.9213,167.85132,840.44507,114.886375,818.9378,231.08408,878.65216,168.46376,755.1175,105.96398,766.3835,127.007454,780.1344,146.43866,791.17957,155.68196,821.3938,160.28357,838.2952,156.69337,27.690464,395.5104,23.59135,320.46048,26.648935,247.62463,37.015247,205.16586,91.940155,135.30412,131.88013,108.79949,0.01610078996551589,1.0,1.2898233,0,0
779.2848,166.9982,840.0529,114.35138,818.5688,230.32117,879.16815,167.54427,740.84576,100.3342,757.7426,113.74488,776.7905,126.482765,788.9005,134.17789,818.28564,147.08372,834.5243,152.24254,6.1046014,439.0947,23.741764,369.7986,46.258846,299.67636,60.867992,256.84412,103.60479,168.0039,129.82304,123.71272,0.0031544778216937154,0.0,1.2898233,0,0
779.3119,166.11491,840.72894,112.86047,819.2879,229.36378,879.18414,166.63817,721.41547,101.293,738.85425,114.86521,756.74146,125.91198,769.4533,134.36462,798.26904,148.24278,812.02686,152.62093,-33.29862,458.5418,-15.774074,392.90607,5.540447,333.25424,19.871216,289.62085,58.961624,203.19424,80.66377,166.76501,0.0026584039903344804,0.0,1.2898233,0,0
780.17505,165.49889,840.1008,112.383484,819.2879,228.15134,879.2057,165.9086,717.7924,110.56102,724.205,115.45483,742.346,127.91285,754.4523,135.29865,783.89746,148.17043,800.8116,153.40305,-57.885082,454.4661,-50.744144,429.04956,-29.173653,361.77377,-13.872806,319.8875,29.164135,231.51764,56.4768,186.09639,0.003339134919767314,0.0,1.2898233,0,0
780.0786,165.3518,840.24207,111.83449,819.3024,227.96138,879.4827,165.0596,733.805,130.08649,744.8435,136.98805,739.0885,133.09456,747.2714,138.65872,776.19904,151.3386,791.9198,155.97198,-48.464966,373.09534,-34.8103,334.4678,-41.556942,355.28165,-32.011257,325.66037,9.679672,238.98853,34.970825,197.42772,0.003913913086380382,0.0,1.2898233,0,0
780.7313,165.13692,840.9719,110.86197,820.0984,226.98045,879.97394,164.0433,733.4742,132.221,743.67255,138.81058,738.9574,136.136,746.30475,140.22816,776.0946,152.52356,791.80023,157.94035,-51.781345,368.16122,-39.793694,332.45312,-45.767757,348.0304,-36.375755,323.95627,6.6196456,237.07388,30.516022,193.8746,0.003069376383552816,0.0,1.2898233,0,0
782.07855,164.24664,841.90717,109.689285,820.7583,226.5355,880.736,163.21289,740.30096,133.85822,751.05896,140.34476,746.28577,137.65427,753.03156,141.48285,783.7035,155.47641,798.2535,160.81682,-45.985004,353.5086,-32.310986,316.38962,-38.58494,332.36234,-29.757017,309.74533,13.98855,216.0997,36.121544,175.0575,0.0025981688218646806,0.0,1.2898233,0,0
782.3764,163.07222,842.2874,108.90802,821.88324,225.76176,881.6969,162.44537,722.6171,113.61176,731.61,122.1207,752.2014,135.35315,764.12396,141.66374,792.5482,156.61273,810.0085,161.48517,-57.908268,434.41434,-50.14411,395.12704,-25.266388,322.30328,-9.4274,283.95032,27.929348,193.99867,56.12338,148.71825,0.002976336798810761,0.0,1.2898233,0,0
782.57574,161.97787,843.32056,108.7728,822.4377,225.2514,881.9162,162.12804,730.4243,108.6908,748.71454,121.55705,766.60724,134.5943,781.1187,141.41687,809.16376,156.15225,827.4324,162.32193,-36.64658,422.25092,-16.457253,356.4047,2.4980314,291.7186,22.377272,248.39941,58.740013,161.40015,86.91125,112.13749,0.002314306478344929,0.0,1.2898233,0,0
783.4249,161.45401,844.0958,107.98394,823.02795,224.45116,883.1569,161.40254,744.50635,109.59077,758.6668,127.455894,775.8919,145.04105,786.9958,153.3094,816.37836,163.78125,832.496,164.62863,-12.738242,397.3923,-6.7081947,325.61734,5.432486,251.06839,16.852398,211.00569,61.02604,130.95856,91.79385,97.19715,0.008815043859217163,0.0,1.2898233,0,0
783.61743,159.43263,845.5384,106.99658,824.2672,223.51114,884.30585,160.59785,755.04083,109.10846,765.5233,131.59389,778.5584,153.42458,789.5643,163.05663,818.0723,168.3866,834.6039,164.63873,6.521523,367.8796,-0.8255314,294.9574,-2.3259015,222.18774,6.766588,181.42381,54.11874,117.06667,91.27791,92.89834,0.01913841071144591,1.0,186.9158936,2,2
787.057,162.00352,846.37634,106.34848,824.7968,222.93428,884.78735,160.13266,758.92224,106.81405,769.6352,130.73256,782.4418,153.01044,792.605,162.91235,819.71704,168.65573,834.9588,164.42133,12.753583,389.37927,4.006289,307.86603,1.9224967,229.5287,9.945207,186.57114,56.780506,118.31152,92.89,95.62605,0.021395529351382694,1.0,136.9862976,4,4
785.3113,159.8035,846.1073,106.51216,824.85913,222.47827,884.72345,160.10033,754.0786,103.78016,767.571,124.98784,782.8779,143.8295,792.95465,153.23816,820.51086,163.92328,835.69806,163.31554,8.316776,391.13834,8.370749,313.14795,14.901547,240.04523,22.821579,199.70439,63.192677,123.065506,94.19377,94.199005,0.012537382116267,0.0,62.8930817,2,2
784.37115,160.41034,844.8034,106.904045,823.7816,223.04903,883.82965,159.97946,741.6588,100.103966,759.0144,114.33547,776.4864,128.49506,787.4794,136.22064,814.486,153.6091,828.734,160.527,-9.773489,428.8465,7.3519,357.85376,24.38846,288.52655,36.43634,248.50449,67.54866,155.60452,86.693436,112.23819,0.002288943570267942,0.0,14.084507,0,0
784.18353,160.46559,844.46564,106.60713,822.8763,222.99321,882.3289,159.82843,723.399,102.73955,738.8153,115.0336,758.2346,128.68987,767.2773,134.3745,795.0262,151.64409,807.1403,154.70236,-50.371914,454.88528,-34.406387,394.04706,-12.440981,323.13538,-1.5019164,292.05942,31.934685,198.08011,52.082676,167.2189,0.002552218874760961,0.0,14.084507,0,0
782.7004,160.21747,842.6274,106.391014,821.73553,222.80878,881.7481,159.71712,739.4431,128.81036,748.3933,135.00497,739.4421,130.23962,750.6144,137.17955,777.5643,156.46443,788.5276,162.85551,-47.450527,358.19574,-37.052105,325.46756,-49.145607,354.68436,-35.25061,315.87704,-5.4684815,218.38142,8.14057,182.78917,0.0005009715199776285,0.0,14.084507,1,1
782.391,159.9685,842.635,106.04153,821.8047,222.0948,881.23645,159.75063,690.72174,109.39712,704.8819,118.2308,725.45575,132.01212,737.41473,138.6619,767.0164,153.24939,780.749,157.50555,-116.675095,491.2427,-99.56103,443.12952,-75.996895,371.59235,-60.863018,333.57935,-21.432987,244.30405,-0.15345436,208.51958,0.002134471735303835,0.0,3.8255546,0,1
782.8328,160.31511,841.9394,106.23023,820.9909,222.04263,881.0705,159.33131,681.9862,108.11465,698.6389,119.3198,721.4452,134.96732,733.6509,140.68417,760.6164,152.7189,777.11383,158.72377,-145.11433,539.8998,-122.92162,474.09583,-93.7902,385.93008,-75.54163,346.52774,-35.28289,262.52124,-9.480273,215.19016,0.0024263926619793584,0.0,3.8255546,0,1
782.4587,159.85957,842.13727,105.372086,821.0741,221.56865,881.1054,159.04486,691.3,110.14429,704.4727,119.01674,726.3558,133.69028,738.4173,139.21695,767.098,153.29716,781.35175,157.51952,-123.02288,502.5943,-106.599304,453.0999,-79.78075,372.66937,-62.26716,335.25522,-22.290285,245.30042,0.70661217,207.35999,0.002382566107166333,0.0,3.8255546,0,1
782.1615,158.83894,842.10846,105.57851,821.3663,221.19173,881.0254,158.71861,741.06915,133.50096,752.16125,140.16797,741.4177,134.62392,754.0425,140.99976,782.4968,156.32318,796.56213,161.52614,-49.73613,337.89658,-35.939144,300.61835,-50.37546,334.52246,-33.254414,295.02838,3.7387373,204.87857,24.757454,165.98817,0.0019344344469194171,0.0,3.8255546,0,1
781.38495,159.00037,842.1359,105.84199,821.46625,221.85632,880.958,159.09311,727.5269,111.10094,743.8749,122.74156,762.96747,136.10283,775.01245,142.36201,801.5126,158.00409,815.20264,162.44539,-45.52526,411.70944,-27.939184,353.03967,-7.3642907,285.89087,8.167584,248.8545,39.830013,163.6332,60.797844,127.52878,0.0020543173418079027,0.0,3.8255546,0,1
781.2892,159.05927,842.23486,106.01308,821.25366,221.83336,880.5846,159.06036,748.0278,113.87476,761.8213,128.62709,777.97955,152.56808,785.32935,153.35431,826.3309,163.59186,840.578,166.30716,-8.777162,366.30682,-0.18083657,305.19922,1.558125,220.38702,14.583253,204.7792,81.275314,103.12321,106.05515,68.84405,0.009733489069602357,0.0,3.8255546,0,1
781.6709,161.79634,841.7699,106.321106,820.738,222.19193,880.4336,159.15793,762.28125,120.17837,773.13226,142.39491,782.52026,158.40822,796.52106,171.21696,827.834,173.38329,841.66614,167.68695,15.024464,334.75293,7.840314,260.52185,5.8613787,205.69649,16.728031,149.85521,74.46896,81.53957,109.36691,64.6438,0.019825779839855975,1.0,425.5319214,1,1
779.6875,160.33908,841.7503,106.80075,820.52045,223.113,880.3375,159.57245,767.83655,121.643326,777.29407,143.25049,783.05597,157.69363,783.5421,161.35469,791.4618,168.95198,842.0251,167.99333,25.325651,309.32196,16.233065,241.89651,9.335424,199.43867,5.8332047,190.68233,11.229046,159.86172,108.68134,63.196133,0.02892555897828838,1.0,465.116272,8,8
781.2189,160.68304,842.17523,106.50259,821.36383,221.83618,880.95483,159.57799,764.0414,121.09894,775.4827,142.88231,783.9485,157.04338,799.3767,171.33707,828.77673,173.94887,842.8143,168.14775,17.150785,322.5647,11.376961,250.25085,9.681546,202.63371,20.961044,142.27028,73.90547,78.75927,109.396194,62.243942,0.01900464616349271,1.0,108.6956558,3,3
782.8089,158.55737,843.11334,105.808464,822.29956,221.30821,881.7666,158.79814,754.37665,115.338486,768.5172,130.22063,781.3992,153.00667,787.36755,154.07382,829.55817,162.76086,843.19183,166.46614,-2.4761336,355.58362,7.0162897,292.10168,4.028757,214.93214,14.295117,201.09372,86.321655,99.529076,108.67664,64.41164,0.01111406122695013,0.0,77.5193787,2,2
783.9361,158.04927,843.8093,105.43992,823.3781,221.18713,882.50726,158.35265,736.0574,111.374214,753.703,123.90855,771.8863,136.34586,785.35614,143.7112,813.48224,156.76616,828.7983,161.54866,-37.68398,402.20328,-17.768034,337.09692,2.984178,272.31915,20.460012,229.21458,59.600548,145.13972,83.91242,104.47771,0.002676396344866122,0.0,67.1140976,2,2
783.45233,158.57053,843.8401,105.29034,823.66406,221.15941,882.67584,158.47652,724.4647,110.22122,734.40686,119.14864,754.4809,131.82143,767.941,139.3352,794.50555,151.88387,810.9212,156.90074,-54.35683,421.8667,-45.91438,381.74557,-22.72004,314.48608,-6.0691023,271.93924,29.540316,193.30177,55.11955,150.52388,0.0030563351854814872,0.0,3.2087278,0,0
784.6081,158.92584,843.6788,105.30952,823.0383,221.34503,882.28467,158.08713,723.2827,116.42293,728.15784,117.662544,741.2636,127.390396,755.6095,135.05412,781.7352,146.82793,798.69806,152.50345,-72.22142,425.47827,-63.761242,412.42288,-48.675102,361.20898,-28.910028,313.45084,9.1735525,232.96587,36.0827,185.76488,0.0025868369657801415,0.0,3.2087278,0,0
784.68506,158.73174,843.1057,105.33531,822.16565,221.16113,882.0823,158.23875,739.8521,123.48803,751.2899,131.02625,749.63135,130.75687,752.50055,131.63684,779.5641,143.51607,796.4717,149.65869,-50.684185,380.0791,-35.50391,336.10663,-38.687145,340.3257,-33.687443,331.9808,8.358267,245.71838,35.593105,196.12567,0.0034489857254067034,0.0,3.2087278,0,0
784.5096,158.18764,843.46606,104.81869,822.43,220.91624,881.8363,157.76823,726.28076,108.25522,729.74786,109.7788,743.4905,119.94891,756.7669,127.568924,784.22565,140.14578,800.80444,145.97601,-59.122616,440.8176,-53.687504,429.59113,-37.284496,374.67984,-19.088375,328.22354,21.732845,241.6633,48.259754,194.24094,0.0030543006626363198,0.0,3.2087278,0,0
784.2303,157.48624,844.52106,104.36686,823.2241,219.86632,882.5611,157.58572,720.068,92.73877,737.0563,105.522705,755.7967,117.99023,768.8238,125.70221,796.25604,138.88882,813.01764,144.79716,-47.91444,477.92856,-29.50383,412.79865,-7.476861,346.0216,8.884259,302.32852,47.007065,218.01942,73.099686,171.41333,0.0026017431742713934,0.0,3.2087278,0,0
783.0464,158.39307,844.0539,104.91044,822.8158,220.51195,882.17175,157.97975,738.509,93.994514,756.8875,107.40261,775.54266,120.4064,787.5745,128.39798,815.4081,142.08333,830.50903,147.23509,-6.543341,435.10562,12.771346,367.27847,32.990547,300.47568,46.471153,258.56754,83.95963,172.81366,107.51501,131.09982,0.002637254013768639,0.0,3.2087278,0,0
782.76086,159.10292,843.34216,105.665016,821.8655,221.3254,881.6992,158.56523,755.3177,100.588486,768.43506,119.45272,785.06,138.33885,796.31824,146.98413,826.0041,154.55104,842.23126,154.461,19.04936,393.29575,21.224411,319.9127,30.245356,242.2592,41.486214,200.35887,90.778206,124.29263,123.86253,91.34019,0.011034325699963711,0.0,3.2087278,0,0
783.59875,160.19223,842.66956,106.24272,821.61017,221.73431,880.8713,159.03493,764.9461,104.3324,774.13104,126.750786,785.70605,148.36287,797.0799,159.11021,826.69086,162.12483,842.56903,155.43423,33.601837,372.7099,23.08854,297.07114,18.957645,222.29092,28.199965,174.98723,83.881,107.624435,125.56523,88.710556,0.022806883105677113,1.0,3.2087278,0,0
782.3937,160.4458,842.1107,106.6103,821.19244,221.97365,880.3317,159.47736,767.45734,105.223816,776.0258,127.73169,786.558,150.3599,797.83466,161.0004,826.70905,163.39697,842.0705,156.03796,41.09672,360.19702,28.754131,287.5006,20.729223,214.07439,29.48472,168.0844,83.74132,104.49791,125.15723,88.30087,0.026019936810389974,1.0,3.2087278,1,1
782.0598,159.63734,841.9703,106.20776,820.8572,221.3764,880.1624,159.04262,763.29846,104.84658,773.84283,125.99166,786.63043,146.73271,797.3762,156.27495,826.5529,160.76491,841.5093,155.69872,32.327908,367.22308,26.072111,293.65778,25.05471,219.7692,34.194595,177.10571,86.55645,108.5773,124.05703,88.57154,0.019474487888983396,1.0,2.6021338,0,0
781.5242,160.13747,842.0051,106.85953,820.92065,222.02612,879.9938,159.65894,752.97614,100.897644,767.9664,115.450134,785.76807,130.0129,797.66205,137.2536,825.8081,150.17523,840.7969,154.97699,18.448553,394.56027,29.704836,329.36948,46.384315,259.83688,60.708286,219.62315,100.22827,134.15138,124.27014,92.97397,0.004714953777591149,0.0,2.6021338,0,0
781.0294,159.87994,841.7537,107.11921,820.96893,222.46759,880.03125,160.03252,734.58624,101.81143,751.53845,114.0549,770.5167,127.24816,783.695,134.55504,812.05035,147.42743,827.06445,152.60193,-18.531477,422.99905,-0.4879061,361.14404,20.17152,293.78195,36.809166,251.63452,76.38392,167.37646,99.69674,126.12195,0.0027328515672601383,0.0,2.6021338,0,0
781.51965,160.37357,841.3417,107.05818,821.18536,222.5712,880.3265,160.16255,725.4636,110.34966,733.9679,117.32677,753.02515,129.64636,765.5859,137.22281,793.033,148.98431,808.5091,155.11539,-48.465725,425.95078,-40.1228,392.064,-17.637222,325.28085,-2.3091233,283.0473,36.975193,202.50208,59.705593,158.34567,0.0028811003081190916,0.0,2.6021338,0,0
783.8575,161.65428,842.0727,106.81234,821.405,222.63968,880.9875,159.90495,737.7066,131.68391,749.4865,139.435,738.5978,132.98683,750.1999,139.21921,778.1504,152.06499,794.8207,157.53093,-58.46961,369.64505,-43.258427,324.90143,-58.187954,364.43146,-41.499718,323.88907,0.40518394,233.7056,27.604355,186.1199,0.0032053229327928486,0.0,2.6021338,0,0
784.87103,161.0129,843.0726,106.66714,822.18,222.33408,882.0239,160.03748,690.876,109.6792,707.04663,119.920586,728.21515,133.41397,741.3324,140.69107,770.12335,152.99861,787.1659,157.99365,-138.25775,533.75604,-114.73095,469.12793,-85.01493,386.99265,-65.83301,340.25323,-20.499739,249.27472,8.520157,201.96844,0.002374421825039286,0.0,2.6021338,0,0
785.6896,161.3684,844.17535,106.968346,823.2255,222.2162,882.9765,159.83109,690.8839,110.15506,707.4309,120.5073,727.6601,133.30049,741.4928,140.70065,770.35486,153.78888,787.70374,159.0294,-136.33691,532.0186,-112.96704,467.2599,-85.3548,389.9435,-65.34399,341.76062,-21.809828,249.35724,7.0313716,201.04567,0.002119972112516822,0.0,2.6021338,0,0
786.014,159.46504,845.87683,106.39912,824.54846,221.49986,883.6294,159.13237,718.75323,120.300415,721.213,121.58889,736.9203,133.57497,749.2326,140.61551,777.96265,153.99614,793.34174,157.91426,-84.74381,421.28882,-81.43495,413.43076,-64.647644,354.25558,-48.96338,314.03323,-9.065604,227.86543,16.195002,189.03856,0.003978819008510886,0.0,2.6021338,0,0
787.39954,159.99043,845.98016,106.5428,825.3276,222.21861,884.85016,159.69319,727.8645,116.67093,733.1298,121.48124,751.73126,134.29628,764.5319,141.14566,789.3571,154.88318,807.46515,159.74753,-70.414276,428.62326,-65.06641,404.88718,-41.638206,333.5306,-23.508558,290.3627,10.316041,207.44472,40.961445,159.66864,0.003278701154694025,0.0,2.6021338,0,0
787.416,158.61858,847.2781,106.649765,826.5196,221.31029,885.59607,159.38536,735.24817,110.05842,752.88684,122.44416,770.7011,135.43282,784.1386,142.8997,811.6425,157.12422,829.849,162.66011,-44.236668,415.57065,-23.999285,350.7289,-4.479322,285.1465,12.935246,241.79501,49.602623,156.23868,78.85351,108.24712,0.00262829546208925,0.0,2.6021338,0,0
787.8222,159.93329,848.25275,106.97168,827.1176,222.05063,886.54376,159.67682,751.1316,116.85988,763.8453,137.53424,778.2774,155.8607,788.6864,163.0376,818.81537,169.10695,836.02057,166.38199,-18.738916,371.13824,-19.070923,296.76877,-13.335722,227.28448,-2.096692,191.55927,48.442497,119.89911,85.95552,91.26079,0.013707967189799468,0.0,2.6021338,0,0
788.5736,159.76146,848.57697,106.53501,827.7568,221.54459,887.16296,160.07683,762.42255,121.78134,770.05096,143.79631,780.8259,167.00354,792.3111,177.04648,821.9671,175.70363,837.96295,166.82355,-4.156457,338.11276,-16.534998,271.5068,-23.76907,199.20233,-13.824485,155.81204,45.17832,100.88963,88.64414,87.4373,0.02692739261811838,1.0,294.1176453,4,4
789.11865,158.86263,849.2896,106.74682,828.0255,222.08382,887.58704,159.55109,768.18445,125.26106,772.9568,148.56581,781.113,171.21306,792.7374,182.68092,822.787,178.45541,838.44116,166.64499,-0.51446074,318.7838,-19.162996,254.0377,-29.592869,188.28723,-20.720018,142.30923,41.431416,93.40861,87.55364,86.7724,0.03535676913617851,1.0,124.2236023,3,3
789.4173,159.0833,849.3876,107.01999,828.08923,221.91676,887.8689,159.70065,767.3032,126.00665,771.3741,148.71309,779.50543,171.1343,790.973,182.83351,822.1653,178.58199,838.7312,166.78203,-3.5704005,321.05032,-22.965467,258.41156,-33.168888,192.48595,-24.713295,145.89761,40.00689,94.71353,88.04174,86.34877,0.03397997996467032,1.0,59.3471794,2,2
789.53076,159.62576,849.79645,106.90621,828.27716,221.63338,887.79913,159.51942,759.9872,126.14197,767.0413,146.98956,777.9065,168.00145,789.4483,178.50723,821.10474,176.2124,838.4127,166.91853,-17.155764,335.2248,-28.35101,271.89026,-32.042793,203.90346,-22.408506,159.36792,40.758278,102.70161,86.984535,87.49754,0.024387704752097235,1.0,55.2486191,1,1
789.1301,159.97008,849.68414,106.97375,828.9083,221.15512,888.01917,159.60403,749.33484,121.19062,762.585,139.68938,779.0409,157.83064,790.9599,162.37923,821.09454,169.28165,838.4666,166.5422,-28.31268,364.36978,-25.574354,295.80664,-16.458902,223.87434,0.49947116,191.25636,49.593094,117.91269,87.441216,88.96186,0.01078830475418278,0.0,55.2486191,1,1
789.8154,159.32283,849.7795,107.073204,829.5129,220.66408,887.9458,159.23315,737.14154,116.59345,753.5428,126.73118,774.7906,140.745,788.07104,146.4206,816.70654,158.7372,832.96405,163.81909,-48.794518,398.6767,-29.529892,343.55228,-5.8141136,270.5065,12.808698,232.14832,53.01741,148.94238,78.54089,105.5529,0.002275471766443634,0.0,35.2733688,2,1
791.42096,159.5599,849.788,106.16707,829.5587,220.48674,888.6839,158.62961,733.284,119.126495,737.94763,124.34636,756.6638,136.81653,768.99304,142.00105,793.4551,154.7149,814.2279,158.50523,-69.051414,418.8411,-65.7059,395.45053,-42.32089,324.99918,-23.471043,286.83905,10.266433,206.71974,47.461174,155.47804,0.003921477278617088,0.0,350.8771973,1,1
791.07263,157.55495,849.8225,105.566666,829.4936,220.05351,888.6327,157.8294,745.4417,134.31715,755.28625,140.50302,745.9348,136.00093,759.14703,141.75127,787.6164,155.09378,799.96924,159.11343,-63.86205,345.7512,-51.222496,310.9051,-64.80914,340.55298,-44.92801,300.21405,-3.8857656,212.4117,15.837393,178.8417,0.0020631119257745324,0.0,377.35849,2,1
790.33954,157.25937,850.0827,105.181595,829.78094,218.98569,888.62274,157.38586,726.58026,121.46796,729.5703,126.23745,744.4766,134.87648,754.6304,140.15637,786.7996,154.18732,798.1409,157.93803,-80.16124,405.01868,-79.88059,387.54474,-61.33452,338.71042,-48.072678,307.08826,-3.0530975,213.64525,14.277491,183.41162,0.003263313532517693,0.0,4.8697348,0,1
790.88885,157.93338,849.715,105.055786,829.5823,219.22008,888.12537,157.43028,727.41626,122.39084,733.0389,126.55569,748.4412,136.55292,760.1409,143.60197,790.4251,155.14845,804.6554,161.17577,-82.7599,409.65582,-76.4713,388.16327,-57.783928,333.40518,-43.112354,293.607,2.563234,207.11693,23.150608,165.36858,0.002973296892749229,0.0,4.8697348,0,1
789.8821,158.22289,848.87994,104.26013,828.1234,218.6861,887.7975,156.85669,729.2795,117.23247,741.92755,127.24308,761.15784,139.86488,774.0399,147.07768,799.039,159.27754,814.9047,164.59258,-71.99776,424.22263,-58.276615,372.2487,-34.730537,301.44867,-17.724762,257.87753,16.927948,178.94028,41.691845,134.92458,0.002859517027523345,0.0,4.8697348,0,1
789.3907,157.99945,848.89386,104.51773,828.0382,218.59747,887.682,157.00511,741.51904,118.556244,757.4714,131.1367,776.8143,144.02257,791.42993,152.26712,817.231,163.63202,834.1479,168.84528,-46.275818,390.2673,-29.790937,326.74896,-7.301815,257.08167,11.286256,208.75168,47.728764,131.66292,74.35169,86.347084,0.003110111159499037,0.0,4.8697348,0,1
789.07996,157.44661,848.96,104.522545,827.7777,219.033,886.97235,156.80829,751.41064,126.78807,763.5194,146.85434,777.56506,165.32529,788.43146,173.20241,819.1812,175.94138,838.56836,172.11926,-36.44794,344.94754,-36.67407,273.6764,-31.396101,205.0163,-20.014528,167.03017,35.453945,100.97358,78.368576,69.894066,0.014257206033681677,0.0,4.8697348,0,1
788.5395,157.34038,848.5298,105.133865,827.3502,219.31467,886.5278,157.37256,759.3377,132.00137,766.589,153.08434,777.4895,176.06134,789.24457,185.0157,820.8391,181.70357,838.6964,171.84569,-26.304943,314.9868,-37.103615,251.61064,-42.72885,180.38196,-31.015007,139.39676,32.458355,85.230934,80.03435,69.862076,0.02466187180967527,1.0,180.1801758,2,1
788.67755,157.40819,848.34656,105.5996,827.2891,219.31345,886.5587,157.60199,761.735,135.17358,769.1031,156.37611,778.955,178.81087,790.70593,188.118,823.2528,181.44551,838.60803,172.09644,-26.057335,304.36633,-36.726032,240.13962,-43.574814,171.90616,-32.101498,130.14665,37.586468,80.9199,79.845894,69.53957,0.02732301783557332,1.0,54.6448097,1,1
788.841,157.20282,848.8801,105.408615,827.94415,219.35532,886.87805,157.53937,756.52893,135.146,767.3149,155.38531,780.533,175.77202,792.37897,183.62366,821.8176,179.74466,837.98535,172.62009,-35.90244,312.03262,-38.83843,244.75642,-37.33207,175.4683,-24.343847,136.82584,35.764324,88.21232,76.54663,70.74356,0.019429620120547532,1.0,33.6700325,1,1
788.3432,158.1103,848.91583,105.37307,827.89,219.86525,886.74493,157.85135,747.30725,131.33559,761.2119,144.13045,785.81067,156.91724,796.78864,160.61885,821.113,170.14465,836.60754,171.71472,-45.470158,337.28232,-34.373413,282.04797,-3.346398,207.41992,12.97759,178.40517,47.780663,110.756966,76.05945,76.55874,0.0038938933294978433,0.0,33.6700325,1,1
789.0458,157.73431,848.9804,105.991165,828.1351,219.53009,886.739,158.02452,737.1189,133.01741,749.6372,141.30418,769.3029,153.08405,782.216,157.63629,808.0989,168.15569,822.4466,170.6433,-69.860435,354.24567,-55.67129,311.53204,-32.125298,247.79431,-12.966905,213.23271,23.92788,140.55133,48.73788,107.10782,0.0030149630733598267,0.0,28.985508,1,1
789.26276,157.851,848.89526,105.7744,827.8476,219.912,886.848,158.04936,724.9721,138.64449,731.4165,141.63435,751.3204,154.04411,763.02826,158.95946,791.75165,169.54198,805.6115,172.61754,-101.612404,366.88028,-92.62895,347.66263,-68.50425,281.1641,-51.797222,247.85736,-9.193478,169.57242,13.82422,136.08908,0.0029128139346815568,0.0,1.3546464,0,0
788.1617,159.89824,847.3117,106.391975,826.9824,220.40265,886.23425,158.43332,702.34906,137.42586,717.5618,145.40614,737.2181,157.4142,750.26917,161.99333,777.7241,170.5397,792.557,175.99063,-140.7922,424.00793,-120.186226,374.33255,-95.83154,307.0255,-76.02988,270.76642,-33.349518,197.37006,-11.42284,156.13019,0.0022261212483582786,0.0,1.3546464,0,0
787.537,160.7043,846.8348,107.25655,826.13336,221.30554,885.1582,159.32918,691.09937,137.6073,709.07654,148.9469,729.4925,159.70226,743.13684,165.38977,770.78595,175.29135,788.5363,179.07288,-158.88345,443.2281,-136.94968,380.9821,-110.12754,316.32056,-90.713036,276.92392,-49.74253,201.11086,-20.471468,158.07408,0.002473254972103536,0.0,1.3546464,0,0
786.1251,160.38928,845.53064,107.97614,825.17535,222.26843,884.1357,160.29654,694.24945,139.03546,711.431,149.64838,731.9813,161.16945,745.7492,167.48096,775.1729,177.67522,790.86127,182.7737,-151.3705,424.4927,-130.22919,366.84848,-104.075226,301.62256,-85.21981,261.5469,-41.493713,183.57352,-17.821154,142.7654,0.002213519011516577,0.0,1.3546464,0,0
785.16437,161.19208,845.67084,108.59176,824.28723,224.03156,883.6357,161.16171,707.39246,141.47334,723.2468,150.29791,743.673,163.08998,755.93604,169.46722,784.2252,181.8468,800.5662,186.47212,-122.51442,388.01117,-102.8739,338.98727,-79.21028,273.00443,-63.732014,236.55597,-25.580524,157.67137,-0.6271073,117.20552,0.0020506979156149885,0.0,1.3546464,0,0
785.6881,161.84966,845.2047,109.704704,824.7146,224.23378,883.58185,162.052,726.7405,145.74173,740.93866,154.1704,759.3179,165.53323,772.34766,172.33148,799.56354,184.38507,816.843,189.47192,-94.466484,348.93832,-76.84711,302.57584,-54.792732,242.20128,-37.90656,202.6134,-0.4222023,125.090706,26.382181,81.248245,0.002197616187483146,0.0,1.3546464,0,0
787.06445,162.49115,845.5564,109.78198,825.082,224.85468,884.0898,162.65497,744.1453,145.40073,760.865,156.98589,781.0734,169.35362,792.01013,175.90623,820.088,189.81993,835.7677,194.98734,-66.32024,325.91476,-46.060936,264.95786,-20.27079,196.7732,-6.399697,160.84703,32.013283,76.42195,56.3483,35.168736,0.0021126023326743606,0.0,1.3546464,0,0
787.0449,162.43736,847.0541,110.210754,825.9969,224.7639,885.35474,162.77007,761.0916,153.68639,772.46313,174.01944,786.4787,194.75269,796.93396,201.87366,827.33563,203.47295,843.65216,198.29521,-39.696445,269.36325,-41.368835,202.40056,-38.556282,132.50414,-27.286316,98.5418,27.417145,37.27737,64.976494,15.2707205,0.017241261516979085,1.0,1.3546464,0,0
788.38385,164.04771,847.5665,110.9205,826.99603,223.84172,885.77277,163.07912,774.97455,159.89026,779.197,180.46735,788.2645,205.83342,799.33136,215.7335,789.329,207.25418,844.9295,199.15213,-21.08519,236.09662,-38.090202,182.16649,-50.91561,111.233376,-41.852787,69.868164,-50.58133,106.28008,65.388374,12.108534,0.04064734345721281,1.0,1.3546464,0,0
789.05475,163.73569,848.9374,110.81953,828.7002,224.29831,886.9104,163.15932,779.93536,159.69792,781.3616,181.69402,787.55975,207.16559,798.54724,218.32246,788.95953,209.2761,846.2126,199.24014,-12.350594,226.38197,-36.221474,176.23018,-54.40683,112.44516,-47.45005,69.76984,-54.295612,105.62078,64.48004,12.986547,0.05388420471566604,1.0,1.3546464,0,0
790.3786,164.10527,850.36444,111.19877,829.6315,224.76654,888.1245,163.16495,777.5965,158.74716,779.9393,180.33934,787.3244,205.08589,799.0817,215.67026,830.1761,211.84605,847.6656,199.10304,-17.757591,236.57106,-38.96967,184.91945,-53.699017,119.80774,-44.55141,76.569214,16.455372,23.433752,65.669716,12.989456,0.03523953545671086,1.0,1.3546464,0,0
791.25543,163.47972,851.4141,110.31202,830.35803,225.1165,889.44,163.05504,765.0163,153.0235,774.6636,172.881,785.87445,194.05319,796.8491,204.40773,829.7405,205.42627,848.24445,199.19476,-37.633583,273.63773,-42.488644,211.30237,-45.78321,145.60614,-37.4009,103.97565,22.151024,38.43443,65.161,13.714663,0.01968984729344072,1.0,1.3546464,0,0
792.7296,161.98233,851.77277,109.46404,830.9683,224.58672,890.65186,162.3858,750.5769,142.17113,768.19226,155.74983,788.44617,168.45459,798.0552,175.02832,827.6767,190.0199,844.08295,196.16182,-61.264713,330.40405,-41.62412,262.8857,-16.322243,194.11128,-5.2011485,160.93584,34.588856,71.91538,58.87409,27.799932,0.002331237796211087,0.0,1.3546464,0,0
792.0915,162.84576,852.20197,109.13063,831.1102,223.88364,890.5669,162.01562,738.233,143.90088,747.3131,149.15108,765.0766,162.63469,776.64246,168.39928,804.8294,181.7189,821.0175,187.14789,-80.61766,347.11215,-69.416626,317.54993,-51.394978,252.88426,-36.267113,217.89099,1.2809434,134.6095,25.497744,91.53838,0.0028994336482186726,0.0,1.3546464,0,0
792.1073,161.79936,852.5912,108.39162,830.9449,223.323,890.46497,160.97235,710.437,133.53864,724.7268,142.57587,745.8265,155.68562,758.78766,162.12526,786.9366,173.94324,803.3802,179.3008,-121.35689,419.36023,-104.65731,371.4169,-79.96185,301.78897,-63.122738,262.9694,-24.174097,183.59612,0.42434183,140.4505,0.0022578137031163278,0.0,1.3546464,0,0
791.8886,161.42152,851.8303,108.22289,831.3698,222.92627,890.44696,161.07315,697.7363,127.972984,713.8362,138.46448,734.978,151.58342,748.7174,157.08206,776.7127,168.61642,794.26587,173.5664,-139.45406,454.5522,-120.89211,399.66394,-96.06406,329.9121,-76.67632,291.82104,-37.56427,213.4992,-10.30825,169.25415,0.0024186466076080936,0.0,1.3546464,0,0
792.69244,159.90425,852.1702,107.59031,831.7513,222.29427,890.95013,160.20477,698.6136,123.73846,715.0584,133.87614,735.408,146.52882,748.65,151.92036,776.65875,164.63148,793.8697,169.41231,-141.43405,466.229,-120.55117,409.60147,-95.24695,340.4084,-75.88038,302.6806,-36.690178,220.4802,-9.228839,176.95709,0.002117151897402365,0.0,1.3546464,0,0
793.4788,159.17155,853.4327,106.68914,832.38446,221.59291,891.5676,159.49788,718.0659,120.95193,727.26074,127.891495,745.24243,143.05664,757.8142,148.90224,787.2418,161.05128,801.87683,166.35414,-101.32024,432.47894,-91.341606,398.1484,-73.85434,328.1212,-56.516575,290.9984,-14.294122,207.84444,7.569503,168.13753,0.004059543246448188,0.0,1.3546464,0,0
793.16595,160.46143,852.64026,106.318146,832.55536,221.52849,891.7265,158.88278,733.6842,122.34281,742.34595,129.00221,760.00336,141.46985,772.7396,148.33627,798.72,160.99521,815.2355,166.15407,-69.36718,407.20898,-60.372253,373.63937,-40.978966,308.8709,-24.602537,267.73462,10.102841,187.75395,35.656624,143.54732,0.0032152462712910176,0.0,1.3546464,0,0
791.88275,159.96318,852.4588,105.9781,832.4151,221.01303,891.8026,158.74532,742.471,119.750565,757.47107,132.66148,777.6417,145.90007,792.587,153.5798,816.59406,165.63045,834.2828,170.86432,-43.706173,385.91876,-31.10674,326.98706,-9.319993,258.31137,9.380128,212.52832,39.68928,139.8348,66.81217,93.90274,0.003096239546301375,0.0,1.3546464,0,0
792.2368,158.32397,852.82227,105.95741,832.02686,221.30595,891.3393,158.35469,754.2789,129.54922,764.29645,149.79599,777.7959,170.9524,788.6692,179.55771,819.52155,179.11295,838.351,172.3764,-38.11087,337.209,-42.46729,271.15186,-41.312634,199.68779,-31.125729,161.53447,26.448696,104.10289,71.107635,80.958206,0.01838849427991374,1.0,1.3546464,0,0
792.1025,158.29828,852.3543,105.69378,831.1257,221.19202,890.9094,158.21046,761.82404,133.84238,767.4425,155.38544,777.5655,179.15433,788.9048,189.2446,820.77045,183.4975,837.94354,172.89775,-29.745417,314.9707,-43.733425,253.66096,-51.08678,182.58704,-41.278362,140.47821,24.567568,91.38139,70.964035,79.10895,0.028919241648062383,1.0,1.3546464,1,1
791.11017,158.68497,851.61505,105.710625,830.4512,221.12003,890.3735,158.56525,761.1732,135.1269,767.27814,156.89366,777.2819,179.87212,789.02203,189.62088,820.55115,184.01772,837.0285,173.08545,-29.502823,311.35437,-43.230064,249.38052,-50.45403,180.70659,-39.77344,138.59853,25.37704,89.85805,70.91016,79.714745,0.028784428299202955,1.0,1.1601601,0,0
790.83527,157.75931,851.7287,105.44476,830.1603,220.63657,890.30566,157.92854,754.26666,133.55386,765.0326,154.10414,778.3108,175.48132,789.9151,183.128,819.93427,179.76828,837.0165,172.60916,-41.494274,324.98038,-44.460934,256.65402,-43.612167,185.07529,-30.866278,147.55513,28.773205,97.639206,70.57436,78.96374,0.01931636391439839,1.0,1.1601601,0,0
790.2995,157.78246,851.218,104.64477,830.357,219.92316,890.28094,157.12386,744.8842,129.943,758.9772,142.91026,787.0127,158.35149,799.4009,163.95903,818.4686,169.4927,836.39374,170.96053,-52.482838,349.50568,-41.116962,292.5941,-6.8714886,205.01361,9.619866,169.2326,38.84777,120.70734,71.36816,82.45014,0.004701113471386017,0.0,1.1601601,0,0
791.7272,156.59973,852.1049,104.340935,831.21606,219.24539,890.8991,156.72108,735.07104,129.97824,748.8886,139.3292,767.038,150.64217,777.8896,155.66046,806.6976,166.61417,820.7084,168.33937,-77.1465,368.7499,-61.4225,320.4444,-39.96201,260.1391,-25.24335,228.37784,16.48303,149.58096,41.27814,118.80228,0.003646791303881708,0.0,1.1601601,0,0
792.4793,155.93236,852.46814,103.153625,832.1932,218.63187,891.81036,155.99463,741.10345,141.50455,739.70294,138.97397,754.36053,148.8199,765.71313,154.35085,794.318,165.00685,808.6201,169.44109,-81.42748,330.515,-81.27412,339.15628,-64.50736,288.56854,-49.301403,254.59737,-7.4596167,176.83481,14.470792,139.9751,0.003028650046636132,0.0,1.1601601,0,0
793.1862,155.66518,853.749,102.37045,832.20404,218.24768,892.4351,155.50179,710.48315,126.39967,724.0881,134.82368,746.4606,147.61955,759.44824,154.05667,788.9582,164.47078,803.655,168.91183,-124.927635,425.39966,-108.1499,379.37103,-79.80179,307.20212,-62.441296,268.0377,-18.51017,188.96167,4.2105513,151.23416,0.0023900199452004897,0.0,1.1601601,0,0
792.88153,156.10112,853.49744,101.77375,832.3071,217.67735,892.25714,154.89423,709.0928,125.65798,723.7742,133.95631,745.38556,146.89186,758.66064,153.63448,787.8215,164.70905,804.0404,169.82846,-122.7769,429.7198,-104.53092,382.39362,-78.705055,311.66446,-61.622295,271.3085,-19.947615,191.23994,4.4754558,148.91597,0.002108681008957413,0.0,1.1601601,0,0
792.20294,155.29831,852.8314,102.00235,831.6506,217.7531,891.7268,154.85843,722.4067,131.743,731.87463,136.46,750.12274,149.01772,763.50714,155.16348,792.4391,166.53828,807.48816,171.60646,-105.04775,386.21402,-92.45102,357.30133,-72.147545,293.91394,-54.044857,254.92374,-12.937818,175.25844,9.396944,135.71022,0.002497723860362598,0.0,1.1601601,0,0
790.8962,155.72241,851.5152,101.89648,830.8932,217.50813,890.6887,154.99287,730.24457,133.05,741.6796,139.75117,760.09863,151.37158,772.3198,158.01944,800.0998,169.83838,816.8341,175.93456,-87.3881,365.96198,-73.69235,329.04932,-52.74941,268.1761,-37.73444,230.46553,0.12327156,152.2418,24.148558,107.30742,0.0021524992697113323,0.0,1.1601601,0,0
790.5707,154.88171,850.6285,101.344666,829.5574,217.62897,889.34125,154.68973,738.7571,131.31908,754.6203,142.81068,774.16364,154.69724,787.07587,161.53241,814.92535,175.2423,830.3918,180.26237,-72.97166,354.1191,-55.362568,296.6348,-31.460207,232.19008,-14.672428,192.34473,22.364178,109.513,45.93855,69.115974,0.0021999934818910903,0.0,1.1601601,0,0
788.5459,155.32567,849.78064,101.48009,828.3316,218.10773,888.3921,154.73854,752.1367,136.01169,765.72516,152.24129,782.21466,169.70569,794.7073,178.19922,826.6616,186.24252,843.9183,185.91011,-45.665916,311.4466,-38.919697,249.62279,-28.444284,181.34805,-15.293256,140.33957,34.252632,63.08189,67.22246,29.84751,0.00904738631196597,0.0,1.1601601,0,0
787.91205,155.27573,848.509,101.56374,827.3733,217.79762,887.40356,154.49345,763.0632,142.08789,771.08777,163.04292,780.65985,185.85329,792.0805,195.60188,825.2433,194.77629,843.1757,186.83917,-31.752123,277.39832,-40.76034,215.33484,-48.581127,149.45444,-38.655766,108.54131,22.867016,46.86963,66.35802,26.996395,0.024000224741803883,1.0,1.1601601,0,0
787.4665,154.81985,847.4314,100.86685,826.59766,216.64291,886.7723,154.15121,771.0069,144.69867,772.7877,165.8471,779.6676,190.29062,790.81903,201.46417,824.46106,198.76877,842.75964,186.37657,-19.789257,255.18767,-41.57205,204.70537,-56.506775,140.22743,-48.38967,96.73972,17.162094,37.56654,67.32984,25.69417,0.03371461958780698,1.0,1.1601601,0,0
786.49835,155.13913,847.36035,101.482445,826.494,216.69196,886.03534,154.07828,771.78955,145.211,773.3993,166.75906,779.3282,191.82706,790.73425,203.10239,824.8584,198.5207,843.13086,186.82762,-15.589197,249.9709,-38.014286,199.84752,-55.603718,137.04765,-47.954197,93.568504,18.549812,37.23222,67.33463,23.717745,0.03432406950315423,1.0,1.1601601,0,0
786.351,155.42868,847.2983,101.471664,826.01306,217.46935,886.16034,154.77988,767.82007,143.83417,772.4722,164.74364,781.58795,190.09135,792.29584,199.23582,823.87476,198.27942,842.3551,187.04514,-21.25429,261.15906,-37.066288,206.3465,-49.062344,136.60309,-39.975235,98.39922,18.635803,40.088543,67.27634,25.60823,0.030291686148770824,1.0,1.1601601,0,0
785.83057,156.07507,846.8898,102.261856,825.6159,219.51884,885.2568,155.50235,759.70624,138.72395,771.23114,158.8441,784.4416,179.20659,795.0004,187.09845,824.3547,191.0348,841.47595,187.82918,-28.79532,287.42346,-30.263462,221.44281,-28.909575,154.3273,-18.636812,118.7758,30.474886,54.996162,66.57994,27.43785,0.016465293238382875,1.0,1.1601601,0,0
787.9682,158.71135,846.0553,103.16142,824.8149,220.3375,885.0724,156.47565,746.5872,130.69449,763.51483,144.1811,782.19867,156.74706,793.3027,164.11896,819.3647,179.0634,833.3965,184.42442,-52.96697,357.88895,-33.217724,286.77466,-9.4975,216.79741,4.294974,176.66705,38.417755,90.66669,59.52233,51.22559,0.0023448198820162722,0.0,1.1601601,0,0
785.12787,157.80612,845.6511,104.220055,824.65283,220.33913,884.6114,157.02501,728.1399,130.05731,743.67804,141.05412,763.1667,153.79312,775.96124,160.92886,802.91016,174.53114,815.8362,178.22578,-76.193,372.98264,-59.142204,317.30713,-36.916416,251.0536,-21.091957,210.8264,13.569855,130.02542,33.52803,97.31288,0.002429538816995304,0.0,1.1601601,0,0
784.4388,158.22481,844.9463,104.923935,824.11633,220.90025,883.728,157.83824,720.84705,138.58362,728.59216,140.48717,743.8985,150.80347,757.02826,157.2751,785.3603,170.43091,799.48773,175.50487,-96.786705,363.61893,-84.53789,344.96127,-67.521675,292.88138,-50.415085,253.94356,-12.762714,172.09543,7.710982,134.50592,0.0013524388522042157,0.0,1.1601601,0,0
784.6016,159.20491,844.44183,104.45433,824.2322,220.81073,883.9123,157.43896,695.3936,126.83029,711.58246,136.7906,734.48596,150.87076,747.3192,156.70847,775.82916,168.90843,791.7264,174.34883,-133.20297,450.33896,-113.34347,394.5546,-85.7082,316.9909,-68.1145,278.7952,-28.499212,196.41106,-4.959638,153.72025,0.001967909026681986,0.0,1.1601601,0,0
784.44977,158.49658,844.3717,103.794044,824.12256,220.28796,883.957,156.74597,695.3045,126.84458,711.28705,136.84119,734.2551,151.25534,746.89215,156.86502,774.5615,168.23003,792.1608,173.64618,-134.03253,448.64825,-114.52769,393.08072,-87.066284,314.58047,-69.57657,277.3156,-30.578947,198.48782,-3.8141615,152.5726,0.0023067285212219255,0.0,1.1601601,0,0
785.0443,156.58206,845.27875,102.87706,824.37915,219.14307,883.7636,156.12585,715.99915,134.24826,722.39325,136.76166,741.647,150.70042,754.386,155.99245,783.59766,168.41533,797.44763,174.18588,-104.90634,380.92398,-95.726906,363.21237,-75.123215,295.37326,-57.29537,259.72937,-16.793001,177.47243,2.5218444,138.78038,0.0022423071560115663,0.0,1.1601601,0,0
784.3162,155.82394,844.1574,102.32772,824.1334,218.94208,883.8385,155.47812,729.6311,132.52007,737.6132,137.68494,754.58685,150.9791,765.7294,155.82912,795.49164,171.29445,810.86743,175.07236,-78.2355,358.97046,-68.69443,331.31378,-51.32736,268.0502,-35.677193,235.87746,2.6890416,145.58607,27.369877,108.10732,0.0033225781763193936,0.0,1.1601601,0,0
783.3148,156.32565,843.99335,101.85723,823.6423,218.81537,883.5585,155.34837,739.05457,129.29352,752.5379,141.9262,780.51373,156.04872,792.9458,163.98552,817.83527,175.83873,832.884,178.01106,-51.43766,345.14102,-40.820972,290.49872,-4.958408,205.98161,8.8266945,165.2049,41.14714,92.6016,67.02089,58.69314,0.0027942385218087526,0.0,1.1601601,0,0
783.6134,155.1997,844.5512,102.11052,823.69806,218.28502,883.40826,154.84372,755.84216,136.75755,763.7768,157.8423,773.6541,180.03056,783.3789,187.90489,816.7125,187.74802,834.4462,179.78108,-30.450367,293.42508,-39.822166,231.29895,-46.489662,166.29193,-37.77356,132.51778,22.757414,70.0483,65.92767,51.059322,0.02433613962397972,1.0,1.1601601,0,0
784.4509,154.79686,845.1793,101.210526,824.1379,216.88225,884.21704,153.64145,767.5467,137.10327,769.8627,158.53531,775.5896,184.79532,787.4503,196.58682,819.0592,190.56648,834.90173,179.59837,-10.778486,272.68872,-31.81973,219.80415,-50.909107,153.41077,-42.63599,107.57495,21.574028,59.075073,64.93985,49.476227,0.04006394930642411,1.0,2.5438819,1,1
784.9855,153.36504,845.75366,100.09655,825.1157,216.43726,885.14215,152.64024,770.0363,134.7686,771.846,158.10866,777.2087,183.63472,787.7888,195.70392,820.9226,189.46268,836.58997,178.0153,-5.9969726,270.47946,-30.08144,214.57413,-48.693626,151.18866,-42.97052,107.8355,23.660267,57.493362,67.10566,49.128384,0.04271057069139931,1.0,2.5438819,0,1
786.1068,152.26326,846.6551,99.000984,825.04285,215.62924,885.82825,151.83896,765.4133,131.23158,769.94214,154.9662,778.0925,179.11795,788.0894,189.45259,820.094,186.96045,838.0954,177.05234,-15.38856,288.99304,-34.13202,225.256,-45.461422,157.93755,-38.26231,118.24464,23.544537,62.490616,69.70049,46.84023,0.03313898665540485,1.0,2.5438819,0,1
786.0553,151.92291,846.7565,98.08641,825.69806,214.88876,885.7443,151.34218,754.5605,126.69254,764.82764,146.94916,777.3843,167.98892,788.0477,176.45764,818.23883,180.31812,837.3579,176.68535,-30.293365,317.525,-34.35187,251.46664,-34.900894,182.27489,-24.845789,144.67188,26.650455,79.17285,67.42992,48.87578,0.017395399744675112,1.0,2.5438819,0,1
784.5909,151.09367,846.16736,97.63302,825.299,215.0841,885.4165,151.07274,740.8356,115.30412,756.8596,129.25041,774.7254,141.64323,787.8577,151.08263,814.5745,165.64824,829.60236,171.82413,-39.81997,361.2907,-26.009615,299.4671,-7.2023625,238.79825,6.0903435,193.94415,38.43341,113.27503,59.07665,72.06843,0.002812784250050245,0.0,2.5438819,0,1
784.2634,151.63889,845.11005,96.930046,824.51575,213.95428,884.64545,150.48161,725.0295,107.31233,740.7332,120.43845,759.4374,133.86841,771.99725,140.78111,799.4364,156.49496,813.553,160.7103,-59.479317,415.28546,-45.02453,353.77167,-25.500473,286.94028,-10.006467,247.32457,22.769444,160.2804,44.368107,123.89941,0.0028983024318927847,0.0,2.5438819,0,1
784.02167,151.30879,843.9312,96.32515,823.85925,213.34637,883.6161,149.83978,722.64026,105.351295,732.1647,113.55688,749.3852,125.98547,762.2442,133.72386,789.533,148.0401,806.88025,153.67033,-63.64266,428.35217,-54.7585,389.18463,-36.085247,325.3779,-20.481594,282.04263,14.736673,196.12634,41.2692,149.54614,0.003325648253964179,0.0,2.5438819,0,1
782.57404,150.84093,843.541,95.86942,822.7318,213.1337,882.38873,148.84598,717.5541,97.3899,729.4115,107.39779,748.9073,119.69797,761.2415,127.14731,788.74786,141.20207,806.6338,146.59918,-58.71097,447.34558,-48.041245,400.47394,-25.837952,334.32474,-11.49056,293.53998,23.446562,208.85457,50.883667,161.92555,0.002850436489060556,0.0,2.5438819,0,1
782.18463,149.8004,842.8424,95.27675,821.4465,212.45204,881.5648,148.73659,718.73535,90.734085,734.51654,103.254265,754.56445,115.83277,767.445,123.61633,796.949,138.12717,810.31165,142.835,-52.98616,463.7744,-36.74064,401.23883,-12.487514,331.39026,3.2767162,287.7447,43.104683,196.46387,63.422752,159.47375,0.00244082177235305,0.0,2.5438819,0,1
780.23175,148.93497,841.9244,95.12103,821.1912,212.2593,881.03186,148.0064,730.562,90.53441,747.8691,103.78237,766.66016,116.63062,779.6921,124.03753,807.9932,138.13019,822.74097,144.50012,-22.827114,427.53604,-6.020315,363.10187,13.900632,297.657,29.510052,256.0601,65.91259,170.3509,86.20677,127.71437,0.0023315431993443415,0.0,2.5438819,0,1
779.99585,149.72954,841.76624,95.41697,820.93054,212.53386,880.7064,148.42923,746.2282,97.59909,759.9192,114.89601,777.88745,139.82088,785.4309,142.68143,822.15344,148.0446,836.37537,149.85144,0.40101582,381.84875,4.9522524,315.1599,8.041223,225.30977,18.569921,204.89084,81.64472,122.26444,107.10641,89.95798,0.011649074058739483,0.0,2.5438819,0,1
781.7169,153.43983,840.969,95.95341,820.527,213.66803,880.6588,149.3194,761.75476,108.7605,771.08997,132.15549,779.75385,149.29636,792.19244,163.15489,826.78955,158.45804,835.16113,152.15764,18.058805,344.8747,6.1694,269.79514,1.388422,213.13597,8.16904,157.39928,81.520584,94.96521,106.423004,90.3388,0.02818809716735473,1.0,322.580658,1,1
778.5644,150.7312,840.8794,96.198555,820.3607,213.61095,880.6356,149.30478,774.73914,114.85611,779.59106,138.06485,781.60364,149.70047,781.4374,156.81631,790.14777,166.38075,800.6129,174.76637,37.72157,286.61304,17.325714,225.29785,6.739697,196.54507,-2.101313,181.92653,2.1049938,146.13527,10.78505,109.800766,0.13115211927309864,1.0,322.580658,6,1
780.4268,150.16493,841.461,96.90123,820.12573,213.90071,880.7095,149.49005,779.42377,116.11145,783.88135,140.3377,792.19476,166.89287,784.9383,157.3951,793.7413,168.43918,803.98456,178.09607,40.254898,280.68738,18.402073,215.18199,2.4992821,141.98267,0.015069854,175.74011,3.5746694,135.86118,11.289318,96.9539,0.13257992387330905,1.0,140.8450775,4,1
779.6969,150.82744,841.1648,97.65905,819.8864,214.63501,880.5979,150.41167,775.74524,115.94922,782.1858,139.73956,791.82367,163.18039,802.78845,175.32547,793.0009,166.73837,803.08246,174.92163,35.489426,287.85742,18.049067,219.82779,8.03629,150.80957,13.994882,105.388824,6.041333,141.22717,15.007657,105.63726,0.07274973077519069,1.0,111.1111145,3,1
778.97266,154.1994,840.3759,98.27724,819.7806,214.99098,879.9407,151.28752,762.4484,112.7915,774.0172,135.6958,781.25555,149.4905,780.9053,150.78311,787.80206,158.03061,798.2285,166.14742,21.556288,324.79736,14.008812,249.92186,10.102158,205.64075,7.8300066,203.54701,11.544462,174.68279,20.654451,137.34807,0.02773341602639985,1.0,82.6446304,3,1
779.37256,152.14618,840.3238,98.381,819.9546,215.4741,879.7495,151.54034,745.40533,104.4023,759.3188,117.97368,778.69006,131.83751,789.5202,138.14684,819.0186,147.93462,834.91486,152.44838,-6.6165047,374.72748,3.579965,315.32523,23.733576,246.11536,36.70018,211.1039,81.54743,132.12045,106.88934,90.91121,0.004968362123722635,0.0,66.4451828,2,1
779.20215,152.49661,839.93823,98.58066,820.22473,215.15593,879.72003,151.51198,724.1324,98.94406,740.0171,111.2692,759.05066,124.498436,772.62274,131.79309,801.2461,146.21918,817.2231,151.49503,-38.918114,428.40598,-23.531872,368.16156,-3.4894454,300.78345,13.333464,258.16876,49.82286,170.97429,73.811356,128.35115,0.0027030639707635975,0.0,47.0588226,1,1
780.1185,151.90288,839.6146,98.311844,819.4225,216.36295,879.6668,151.8022,716.3324,101.72481,722.6829,106.47808,741.42737,119.30554,753.8034,126.63452,781.43695,139.27237,798.65283,144.71695,-69.49843,450.64554,-61.882694,424.8499,-38.52151,353.57382,-22.137175,310.52875,18.059036,225.4794,45.672066,178.92375,0.0031640171873696375,0.0,1.4564521,0,0
779.4659,152.99072,839.9874,98.52133,819.2233,215.0238,878.89404,151.74374,730.7969,113.85476,741.9829,121.10367,738.84485,119.502235,743.79407,121.94715,771.06616,133.33061,787.7302,139.19186,-45.93489,383.46878,-33.08011,344.64804,-37.19545,354.47568,-30.609213,339.1719,8.142368,259.93155,33.18685,214.01569,0.0032068023848246785,0.0,1.4564521,0,0
778.97144,152.30045,840.11127,97.642654,818.86865,215.14644,878.683,151.26137,729.7342,108.31281,742.0503,116.45181,739.27106,115.72943,743.3331,117.16759,771.24084,128.6019,787.7996,134.0083,-41.003166,392.897,-27.172028,350.49915,-31.600899,357.39246,-25.57932,346.4089,14.062533,267.04715,39.42021,222.84964,0.0039022322159855873,0.0,1.4564521,0,0
778.7404,152.78232,839.60345,97.57298,818.96686,215.0765,879.04736,151.36623,714.45233,88.64821,720.38153,92.57589,739.52496,105.12944,753.1741,112.321846,780.55206,125.03911,797.3995,130.31038,-45.248405,473.73157,-38.458336,452.41476,-16.563248,384.48764,1.0977454,340.75293,38.490532,257.54794,64.80108,212.24391,0.0026087712878186324,0.0,1.4564521,0,0
778.543,152.68036,839.6943,97.37878,819.2403,215.41588,878.7877,151.07236,722.1636,79.50659,739.9791,91.77122,758.1145,104.3829,771.1893,111.92945,799.7289,125.7052,814.9566,130.86916,-17.418396,476.0644,1.846942,412.1356,21.140482,347.2699,36.95993,304.43274,74.99811,217.23552,98.336266,175.40266,0.0024280012928187406,0.0,1.4564521,0,0
778.1406,152.86185,838.82837,98.6578,818.353,215.65036,878.5211,151.65956,745.0808,82.71179,760.0817,96.66474,778.9893,109.78682,790.82556,118.0413,819.2134,130.08571,836.4666,136.01207,24.395006,434.31577,36.37188,367.75845,57.08528,297.14615,69.78216,253.58043,110.52344,168.41747,137.1434,120.02856,0.003919199593353788,0.0,1.4564521,0,0
777.78235,153.58894,838.9621,99.24287,817.627,216.42639,877.9362,152.23262,761.40857,92.82496,772.2278,116.87949,784.3891,137.57954,795.5798,147.15944,824.5296,146.42693,838.16266,139.93854,44.81663,375.63712,34.85929,294.4419,32.244835,222.4969,41.78727,179.33972,99.54479,123.100845,136.15678,109.073204,0.023016347667686197,1.0,1.4564521,0,0
778.1311,154.17624,838.6136,98.94147,817.3286,217.02011,877.92957,152.911,768.7389,98.52393,776.02826,122.59799,785.2758,146.26866,797.71124,156.70946,825.3678,152.46666,837.9586,140.35568,52.26105,348.37604,35.28752,275.1982,23.58195,203.02193,34.823395,155.79778,94.66728,109.12681,136.67479,108.78436,0.03572863369368636,1.0,1.4564521,0,0
777.59467,154.66391,837.79565,99.68,817.13666,217.29991,877.1486,153.20116,766.2353,100.207306,774.4947,123.95396,784.5373,145.98795,796.13544,155.30968,824.5613,152.26485,837.4138,140.94629,47.220413,349.3659,32.48063,275.1242,24.163866,205.10223,35.00647,161.8837,94.87116,110.996,136.57162,108.3498,0.0314811464597783,1.0,1.4564521,0,0
776.4329,154.08733,837.3996,99.97292,816.48553,217.55879,876.5375,153.32762,755.56903,97.36523,767.83026,119.63536,782.1511,137.90057,793.32477,147.05028,822.7219,146.89896,837.6642,140.33173,30.087158,373.12912,25.823545,294.45752,30.766432,224.49838,40.920193,182.57433,99.04981,124.57181,138.62335,108.09702,0.017626531160276085,1.0,1.4564521,0,0
775.6298,153.97719,836.5922,99.89646,816.1978,217.10715,876.27155,153.00189,740.66,91.116264,757.1904,103.842514,776.333,115.557526,788.54456,122.78885,816.79834,133.09685,832.2562,137.32602,10.903676,416.38467,27.425714,351.7891,50.20694,285.70294,64.90949,244.56665,107.516945,164.67029,132.8812,123.98795,0.003414121317705319,0.0,1.4564521,0,0
775.0452,154.72983,835.8132,100.173195,815.341,217.6185,875.3927,153.59308,719.7286,91.55654,737.2332,104.89753,753.3712,115.22563,766.9255,124.73704,781.1861,118.31491,797.4877,125.15341,-29.664274,456.31448,-11.645445,388.4713,7.158097,331.81662,21.697407,282.8227,58.504417,269.698,82.03925,221.23183,0.0066970572269325155,0.0,1.4564521,0,0
774.10394,154.99615,834.8206,100.59421,814.84265,218.14372,874.615,153.74643,711.1437,96.98219,721.2113,104.86133,738.283,115.72873,752.2097,124.933334,782.27844,140.21779,798.58685,145.67992,-50.151634,456.40915,-40.126446,417.26846,-20.350595,357.9732,-4.8229566,309.3574,33.971333,216.31375,58.541355,172.35829,0.0025399836875390196,0.0,1.4564521,0,0
774.8274,155.40169,834.7388,100.29534,814.4791,217.9622,874.59314,153.86958,728.4128,116.36432,740.5175,124.69535,728.61005,117.157295,742.11255,125.27053,770.5604,137.70195,783.0841,142.58148,-43.498768,383.13843,-29.574121,338.4579,-44.068542,380.77826,-27.11423,333.87198,13.721693,247.6551,32.239716,211.48117,0.003439379950194487,0.0,1.4564521,0,0
774.92377,155.11252,834.8873,100.2512,814.37195,217.91194,874.5704,153.81094,726.3496,116.928825,737.0399,122.50356,727.4028,117.811646,737.999,124.00516,767.7794,137.79492,781.1644,142.18102,-49.415306,385.6317,-34.809887,350.44623,-48.370037,381.32144,-34.71794,344.8742,7.3806458,252.7119,28.32915,215.92319,0.002650727295806811,0.0,1.4564521,0,0
774.9344,155.45462,834.8474,100.340485,814.4104,218.15152,874.4837,153.82915,731.2987,116.16594,743.07214,123.37767,735.1507,117.90472,743.40436,122.91133,772.654,137.39378,787.42126,141.82997,-37.966976,378.4199,-23.28981,337.03018,-32.387653,366.34885,-22.055897,337.48587,17.965199,244.53941,41.55395,204.71538,0.0034774381373734,0.0,1.4564521,0,0
774.1675,155.4698,835.385,101.26375,814.80035,218.60107,874.1158,154.43622,711.1814,93.831604,724.8232,104.64717,744.82996,117.38395,757.20905,124.67528,785.36304,138.28334,801.7943,142.64832,-44.669804,458.76804,-31.722523,407.34586,-9.176935,340.17294,5.438815,300.15167,42.387444,215.93315,68.73773,174.34569,0.002942338388617657,0.0,1.4564521,0,0
773.73663,156.34238,834.4717,101.706924,814.01434,219.62654,873.74945,155.0891,726.2179,95.90204,743.0899,108.39288,762.6091,121.74028,776.02576,129.39731,804.40784,143.5646,819.1599,149.33391,-17.99075,433.0686,-0.254127,369.194,21.3142,299.17294,37.903225,255.1407,75.35118,167.31331,96.86872,125.298836,0.002316271048994661,0.0,1.4564521,0,0
773.4446,156.55116,834.37134,102.155945,813.35,219.4153,873.5765,155.60594,743.52997,103.39717,756.74426,119.82956,771.8211,150.54483,806.05255,145.70438,822.4637,155.22032,836.07416,156.47493,7.6552916,381.93286,13.018855,315.80777,4.1725864,216.18288,76.950905,159.46973,96.69878,106.287094,122.12279,76.09759,0.009733488094517039,0.0,1.4564521,0,0
775.0102,158.18156,834.2024,101.37985,813.91284,219.16684,874.0379,155.05183,756.10626,110.72444,764.4402,133.56381,773.9352,153.56255,786.4784,166.21422,820.96814,163.8932,836.61115,157.45865,23.516203,349.15775,10.360353,277.1169,3.6982942,212.27524,12.376898,159.171,82.847595,92.78529,122.3993,73.40727,0.02387071596156821,1.0,1.4564521,0,0
775.65576,161.30516,834.7645,101.05084,813.5103,219.35858,873.8162,155.12079,764.79224,112.93244,769.0948,136.19926,774.1352,155.0314,786.20886,171.88278,821.3489,168.05923,787.3488,172.35657,42.14627,331.89307,19.701159,269.50848,5.1005535,216.9006,7.1705575,154.44647,80.7752,86.42239,8.796685,150.97514,0.04871201466065977,1.0,52.2193222,2,2
775.5589,160.24365,835.0546,101.229965,813.7869,219.21796,874.0975,155.1989,764.9464,111.30697,769.58594,134.19423,775.506,155.00179,787.11053,169.85141,821.67596,167.54732,836.5809,157.08546,42.922775,332.79892,21.812986,270.1952,6.5842624,211.44612,10.365274,154.95279,80.65298,86.44946,123.816,76.300995,0.03602446247224711,1.0,52.2193222,1,1
775.0002,156.00092,834.8947,100.832405,814.8484,218.33568,874.6939,153.78687,758.9477,108.6664,767.68634,131.45813,776.0748,151.07741,789.65857,163.32204,821.7318,162.77084,838.1198,156.09293,28.81734,342.17212,16.51633,269.59616,8.133268,208.54979,18.995348,155.27501,81.55889,91.89732,122.96783,71.88349,0.023722642914916815,1.0,37.5939865,1,1
774.97833,154.80278,835.6329,100.144585,815.28815,217.5502,874.96173,153.64622,748.2125,103.81194,761.56665,119.438446,822.7484,151.37814,819.58307,155.52449,824.23865,153.13348,838.22107,155.65265,11.888142,368.7796,18.222366,305.21396,96.89188,112.9924,85.006294,110.76323,97.451035,106.32728,121.85873,72.68576,0.006697185676108116,0.0,2.5889966,0,1
774.2062,154.60844,834.70026,100.058105,815.0895,217.71307,874.56903,153.44003,730.87506,101.74581,748.55164,114.38771,766.91364,127.14444,779.96124,134.2766,808.6814,147.02872,824.8505,151.24715,-17.888475,404.9469,0.7874864,340.1055,20.356245,274.69687,36.587044,233.13213,75.95158,148.68578,102.12788,107.40991,0.0030393880032331547,0.0,2.5889966,0,1
774.31665,154.109,834.934,100.009926,814.368,217.73367,874.0352,153.46646,713.7828,100.48299,730.30884,112.7428,749.8507,125.38534,762.71576,131.98253,791.7088,145.00076,807.3105,148.7135,-52.77471,440.43527,-35.126404,378.65073,-12.394616,311.22662,4.508729,271.29788,44.690617,185.95433,70.55474,147.15834,0.0029712749794345806,0.0,2.5889966,0,1
774.77277,154.67043,834.6683,99.564674,814.3205,218.15752,873.9491,153.42523,714.302,108.45891,719.82526,111.99337,737.092,123.61469,750.02405,131.24715,777.75854,143.02808,795.1458,147.90353,-63.362663,426.19446,-56.57112,406.51453,-36.24519,344.28717,-19.974955,300.8814,20.029993,219.32735,48.109364,173.97472,0.003294217446787115,0.0,2.5889966,0,1
775.33154,154.97693,834.6567,99.75452,814.3242,218.47273,874.1429,153.56438,732.38837,122.02788,746.7843,130.41684,732.6157,123.04427,746.5139,131.25102,774.4677,142.8542,791.97144,147.99098,-46.093235,362.90594,-27.104033,313.2851,-46.835342,359.94638,-28.645033,311.8601,13.104506,228.33217,41.550545,181.42062,0.0033857811281060393,0.0,2.5889966,0,1
775.6699,153.44476,835.39667,99.30341,815.2768,217.86118,874.8355,153.00813,715.0383,106.39384,721.35156,112.25906,740.5619,123.60855,753.184,131.093,780.1244,142.49445,797.94525,148.32901,-64.08946,429.23547,-58.25196,401.93008,-33.369915,336.4402,-17.299595,293.99353,22.003258,215.11186,49.923428,167.08879,0.0029095629705125363,0.0,2.5889966,0,1
776.1039,152.95825,836.593,98.48639,816.3252,216.21323,876.05493,152.19225,718.4836,99.26122,734.96674,111.39121,754.9311,123.99965,768.5612,130.80064,796.6597,145.0603,812.27185,150.07172,-46.504562,435.39346,-28.89354,373.82553,-5.3824697,305.43878,12.739066,263.40247,49.505665,176.88147,73.61471,135.28778,0.0022186404173606825,0.0,2.5889966,0,1
776.37787,153.1769,836.87256,97.94156,816.7951,216.36472,876.7314,151.96777,736.91815,100.88261,753.7138,113.535545,774.294,126.999725,785.716,134.66194,814.815,148.07721,829.98694,153.77946,-11.974252,396.80026,5.3139567,333.20398,28.690716,261.46182,41.2467,221.75476,80.79917,134.99545,103.02958,92.72156,0.0025761072971379807,0.0,2.5889966,0,1
776.21173,153.20361,836.6788,98.07436,816.03613,216.1166,875.82855,152.00331,754.6437,106.60547,767.2357,121.89922,821.3613,157.98938,826.60876,158.48706,832.1129,159.01402,846.0822,160.5635,15.83677,348.2288,21.362051,287.156,81.32612,100.63412,91.002464,89.02572,101.18058,76.79742,126.87974,45.146126,0.007159102152246942,0.0,2.5889966,0,1
774.17285,154.10898,835.7682,98.07932,815.2049,216.05415,875.11414,151.55536,765.9537,116.14706,773.74744,138.62695,780.19183,153.04184,796.28754,170.48723,786.30396,162.14914,845.3727,161.83327,32.157207,299.2499,18.292294,233.95244,12.36432,190.68336,20.507782,123.6198,12.429899,159.94284,124.99392,42.35683,0.026023754215151712,1.0,2.5889966,0,1
773.933,152.24109,834.77234,98.21105,814.56616,216.07307,874.5246,151.41806,772.80396,120.26874,776.9403,143.3869,785.609,168.76573,797.1715,178.66475,829.48975,175.06305,844.8789,161.64665,37.71706,273.91232,16.431925,213.42921,2.131387,143.40237,11.729307,101.74594,76.59171,46.1083,124.59369,41.33227,0.035639508653697013,1.0,2.5889966,1,1
773.32153,152.37541,834.3299,97.58215,813.9654,215.88087,873.9269,150.98714,772.04346,120.45088,776.07916,142.9042,785.82043,168.84293,797.4492,178.86227,829.5648,174.23412,845.1551,160.7518,37.26263,273.3989,16.674133,215.08598,3.597477,142.00264,13.079789,99.865685,78.77348,46.080265,127.23531,40.83396,0.03427574191423255,1.0,0.3471439,0,0
772.5015,150.70667,833.73724,97.037315,813.2845,214.4888,873.3899,149.63383,765.0855,118.37664,773.35187,139.063,783.129,158.75238,795.8446,169.64989,831.5072,167.75847,844.45953,159.55992,25.68256,287.47992,15.644081,223.89995,10.095804,162.82953,20.495857,116.38102,89.843315,50.645504,126.327965,40.64066,0.023804167331797535,1.0,0.3471439,0,0
772.89325,151.10817,833.1992,96.50115,812.81903,213.68484,872.5749,149.76575,751.4461,108.89834,764.94196,121.60608,784.17377,134.65007,796.38434,141.82648,827.70404,155.36226,843.4887,158.33862,10.932,338.90955,21.435574,281.81888,42.564774,213.79549,57.23937,173.61911,100.94119,81.95047,128.2004,43.685028,0.004190869186099932,0.0,0.3471439,0,0
772.5511,150.45871,832.83716,95.761116,812.36676,214.09303,872.3583,149.36253,729.911,104.88394,746.4705,116.71043,765.21796,130.14374,777.6338,137.16956,805.77936,152.25702,817.1686,156.64038,-28.261972,389.40182,-9.834889,327.76398,10.534641,259.34412,26.118677,219.00356,61.9822,130.71269,78.55487,98.95019,0.002194837721731193,0.0,0.3471439,0,0
772.09314,150.24466,832.61835,95.554504,812.5781,212.75436,872.3622,148.59662,710.9877,102.001495,725.7836,112.37258,744.76514,125.31755,757.2766,131.21234,783.77264,145.6338,800.9293,149.72754,-58.266148,429.97592,-42.202488,375.95572,-21.485329,308.59622,-4.7735696,270.80246,27.918396,187.11261,55.658936,144.48822,0.0026458589691326423,0.0,0.3471439,0,0
772.70325,150.05544,832.6884,94.82633,812.18384,212.92958,872.2953,148.4534,731.7561,120.37463,745.2302,126.97471,732.9359,122.82936,744.77344,128.63087,775.6615,140.56564,791.27637,145.86089,-44.222607,349.13736,-25.605782,306.55807,-44.810753,340.8956,-28.493523,303.60034,17.432255,214.76927,41.355392,171.89792,0.0017706583927753123,0.0,0.3471439,0,0
772.95734,149.32936,833.04004,94.40375,812.6597,212.61876,872.2375,148.22221,711.4107,108.3469,715.9951,109.96541,732.7397,120.69379,745.1515,127.21958,772.6031,139.1953,790.39825,144.21747,-70.54348,413.46292,-63.507217,400.67667,-43.498146,342.55377,-27.151884,303.26453,11.64974,222.63211,40.10876,176.53558,0.002541306898631132,0.0,0.3471439,0,0
772.5683,149.26315,833.2256,94.44412,813.1768,212.54092,873.0747,148.17505,711.9959,98.41817,724.8953,108.12008,744.7557,120.77659,757.69006,127.373505,785.9716,139.87268,802.7058,144.6633,-54.719658,433.17422,-41.368732,384.7411,-18.401134,316.7419,-1.5991695,276.72507,37.28639,194.10762,63.590046,150.94206,0.002859886155842908,0.0,0.3471439,0,0
773.2614,148.39334,834.07404,93.85448,813.9248,211.63925,873.73285,147.30911,727.8304,96.89452,745.31714,109.44227,765.0875,122.11374,777.28076,129.10506,806.33167,142.37311,821.99695,147.33286,-24.154028,405.5173,-5.643112,341.50723,16.85263,273.79956,31.630264,234.3327,70.96626,148.39297,95.07492,106.75509,0.0025410148173669977,0.0,0.3471439,0,0
774.00616,148.43996,834.7241,92.72044,814.552,210.73624,874.3214,146.73515,750.5964,100.2551,769.1863,113.95959,787.05664,126.96871,799.2267,134.51364,828.78845,148.70856,843.6456,154.39417,15.619846,353.62427,34.370914,285.17923,52.365417,220.65295,66.2336,180.00958,105.22316,90.67761,126.76312,48.838028,0.002674706802743622,0.0,0.3471439,0,0
774.8197,147.86891,835.2084,92.65145,814.79895,210.96953,874.57635,146.1144,770.4828,110.280846,783.9302,130.42322,824.90955,158.3759,827.1282,159.66666,844.11786,163.16856,859.3991,160.93436,38.694508,293.07608,39.22564,219.99405,82.91439,78.7993,85.526825,71.74703,114.01725,30.335217,147.35178,3.153183,0.009394044618098094,0.0,0.3471439,0,0
775.1567,147.81805,836.0234,92.08909,815.7155,210.2644,875.278,145.781,786.4151,120.33529,793.4865,144.20926,803.2622,167.68727,814.5648,178.34885,844.548,173.2622,860.90955,160.49017,56.348164,237.62778,39.062965,171.828,28.102325,104.5817,35.97237,61.481808,99.237236,10.963048,149.00017,1.6415437,0.03161819572130406,1.0,0.3471439,0,0
775.3941,147.9285,836.04877,92.54377,815.62396,211.11401,875.95966,145.81534,792.4651,123.992615,797.13544,147.93744,805.94666,173.16278,817.2061,184.33824,846.61865,176.37837,860.71356,161.66478,63.313923,218.58214,41.293064,157.13834,26.701128,88.75111,33.98108,45.4559,98.921295,2.2065341,146.20528,1.2354274,0.041337451897861525,1.0,0.3471439,0,0
775.9864,147.7812,836.75214,92.39483,816.1909,210.21257,876.3762,145.79616,788.2812,122.38672,795.27234,146.06255,805.47864,169.08626,817.20917,179.64398,847.066,173.08838,861.3155,161.28185,55.982006,231.48834,38.80114,165.72733,29.29999,98.33398,38.15267,54.67593,102.94692,7.714244,146.94682,1.2232636,0.0323057487034742,1.0,0.3471439,0,0
776.7097,147.35995,837.2018,91.95679,817.0432,209.82225,876.84564,145.3322,777.0506,118.066414,788.9696,138.5157,804.6935,157.6543,818.8774,165.67244,846.3206,165.59183,862.6453,161.089,37.64758,264.09064,34.418285,194.83475,40.175404,123.48645,56.911076,79.21331,109.73413,24.050869,148.05128,-0.8529998,0.014736378870246933,0.0,0.3471439,0,0
776.69135,147.20026,837.4642,91.977325,817.7136,209.71198,877.1228,145.3468,761.9769,110.6245,778.4475,122.34647,801.4567,136.20464,811.5237,141.26155,841.10675,152.97034,855.7795,156.72476,17.894402,309.40497,34.61735,250.66782,61.007484,175.04117,73.828926,144.2736,115.78757,60.381695,139.5867,22.667622,0.002874597158694895,0.0,0.3471439,0,0
778.02966,146.65378,838.4854,91.566025,818.302,210.02254,878.2762,145.32352,740.4015,109.718285,756.6574,120.98101,772.514,129.9651,763.3335,122.84208,786.6829,133.74107,802.3224,139.45328,-27.745462,356.78586,-9.830047,298.56653,9.842573,247.15341,0.8492235,281.24356,32.624718,210.9264,55.798676,167.58041,0.003786078832371073,0.0,0.3471439,0,0
778.2176,148.32338,839.1188,91.50985,819.44574,209.56616,878.83105,145.4995,725.16864,114.535904,738.1579,122.46907,755.9203,134.25793,772.1408,140.03737,799.776,152.06783,814.5697,154.59532,-56.29079,374.19406,-42.040802,332.12085,-23.752558,272.69534,-0.9258371,229.1734,35.430683,150.00453,60.09973,115.35767,0.0027300905613525375,0.0,0.3471439,0,0
779.4578,146.61966,840.0021,91.539986,820.14154,209.98737,879.7228,145.39577,738.809,134.6697,755.3737,142.83972,741.7065,137.23631,753.895,143.00082,784.00995,154.11633,798.60547,158.30537,-61.729084,302.84818,-40.44945,253.87852,-59.28245,291.74637,-43.365017,256.3108,-0.4871886,175.60065,21.780966,138.8718,0.0023874920552141264,0.0,0.3471439,0,0
780.2466,146.218,840.6711,91.518654,820.39764,209.92232,880.24963,145.1013,696.3457,117.7269,710.0815,125.54943,733.4067,139.05826,746.30396,146.19087,777.83417,157.19272,793.72516,161.74901,-125.278725,423.48495,-108.05614,379.3195,-79.408714,304.7274,-63.3956,264.72882,-17.415,181.51729,6.8929753,141.64763,0.0022856968783461053,0.0,0.3471439,0,0
779.45245,147.43047,840.9941,92.059364,820.8626,210.18575,880.51196,145.64726,716.2521,129.91022,722.02454,133.64957,739.36035,144.78226,752.2774,150.97115,781.89136,162.96988,797.6725,167.70517,-92.515175,352.83597,-86.5318,334.3846,-68.507164,279.339,-52.773205,242.88297,-14.039583,163.4625,8.735769,124.11961,0.0027895835136331846,0.0,0.3471439,0,0
780.4632,148.40446,840.8627,92.71976,820.7898,211.0914,881.31055,146.65782,722.7861,129.2409,733.6177,135.80733,752.8651,148.3149,765.7091,155.39636,794.4043,167.67592,811.38086,173.38461,-87.346176,355.73602,-74.227516,319.46912,-52.225662,254.12105,-36.31451,213.93747,2.889847,132.7831,27.721254,88.38552,0.002405801723722059,0.0,0.3471439,0,0
780.3892,148.02982,840.40985,93.48069,820.4394,211.48105,880.62274,146.97482,735.63214,128.19264,753.2146,140.69032,774.0357,153.50182,784.3409,160.55603,814.0758,174.30035,828.9095,180.16782,-62.89324,332.30258,-43.444355,269.18933,-18.683146,200.64539,-7.483917,165.8218,32.03997,80.59274,52.69187,40.573593,0.002138649862853248,0.0,0.3471439,0,0
779.5652,148.96935,839.8626,94.292305,819.40704,212.45868,880.33136,147.66281,755.0809,135.74573,769.047,149.09186,788.4387,163.02873,797.9679,169.29442,830.82544,184.52594,845.3805,188.55463,-31.595297,277.99542,-20.351141,220.39789,0.0959913,152.84987,10.608631,121.58826,53.59367,28.685455,75.6602,-6.7406225,0.004128848996125711,0.0,0.3471439,0,0
779.22174,150.47292,839.22345,94.895035,819.2736,213.07889,879.0669,147.37347,764.98505,143.29759,775.90985,164.57812,789.96704,185.68832,802.4003,194.73473,830.6922,196.95908,847.9708,190.95644,-18.322649,244.06169,-22.838894,176.7196,-21.305475,106.963165,-9.215736,65.67995,39.220005,6.3999,78.39236,-17.093374,0.017630397606020472,1.0,0.3471439,0,0
778.51,151.7957,838.3242,95.51919,818.8381,214.17824,878.0336,148.2824,766.2642,146.07776,775.90247,168.94887,789.12866,190.71614,802.2795,200.40965,830.3151,200.0255,846.9395,191.76932,-16.108862,236.6894,-25.157106,169.50345,-26.12441,100.75369,-13.660565,56.986572,37.19999,2.4629798,78.09506,-16.14166,0.02119979193797436,1.0,0.3471439,0,0
776.5706,150.73065,837.4811,95.89978,816.91254,213.95386,876.98865,148.81523,757.7892,146.51758,770.90125,165.80243,787.0854,185.10364,797.42706,192.31866,828.0629,196.13582,845.3269,192.49002,-29.9463,245.14572,-27.884981,179.11162,-20.454945,109.78551,-10.128206,76.36266,40.524185,10.323121,76.76544,-17.06137,0.013040193792973389,0.0,0.3471439,0,0
776.1083,150.74268,836.3227,95.83021,815.6949,213.937,875.8393,149.543,743.7124,142.05173,760.93445,153.93205,778.38855,163.13678,792.0591,171.74884,822.6849,184.76743,838.8736,189.38936,-51.84881,282.35,-32.716587,222.714,-10.38428,169.31445,5.2526336,125.115715,47.212727,39.93348,72.00881,-0.49465385,0.0022381846853123544,0.0,0.3471439,0,0
774.6206,151.17906,835.57587,95.99134,814.8954,212.92053,875.2172,149.17459,726.3626,145.43451,734.1872,149.10072,755.1538,163.35847,768.9362,171.08957,800.3791,183.76944,814.4129,187.33377,-82.678696,305.05524,-72.500595,282.11234,-50.438297,211.4631,-34.236797,169.03,8.230278,82.99376,29.687387,48.744858,0.002805368018673058,0.0,0.3471439,0,0
774.5326,150.02303,835.53406,95.5793,814.34485,213.63756,875.3905,149.21555,698.2135,145.47783,713.1026,153.46738,731.17755,165.31989,744.8889,170.0565,772.2476,180.74072,790.11694,185.0714,-137.44772,354.44427,-118.25242,308.57687,-97.461685,248.95427,-77.52559,213.41437,-39.32028,140.43065,-11.608045,98.31242,0.0024539422984010554,0.0,0.3471439,0,0
774.7083,149.46185,835.0774,95.18347,815.00507,212.87343,875.31506,148.17137,669.5769,140.16907,687.60315,150.72157,707.317,161.16386,721.85297,168.51184,752.6471,179.65825,770.4785,183.34583,-184.51665,419.60074,-162.03384,361.5684,-136.82579,301.69052,-118.145996,258.9044,-74.62575,178.67868,-46.639763,138.05368,0.0022232635986344325,0.0,0.3471439,0,0
775.28986,149.40335,836.1841,93.965355,815.52625,212.29105,875.9605,147.5853,658.6208,138.06342,677.8494,149.99606,696.2721,160.18443,710.879,166.80403,742.6911,177.83324,761.1394,181.90034,-200.10457,443.71777,-177.60443,381.36203,-155.14546,325.18994,-136.06812,284.20193,-91.338905,202.5442,-62.95904,159.9373,0.002443526520094243,0.0,0.3471439,0,0
775.4757,148.3075,836.2717,93.534035,816.0057,211.74628,876.1904,146.83644,662.8093,137.08412,681.59216,148.91078,701.2121,159.49565,715.0925,165.99815,744.88885,177.16508,763.4578,181.50984,-191.62611,433.18,-169.9328,372.3938,-145.93446,313.73938,-128.1565,274.738,-87.4562,197.35754,-59.403477,154.45114,0.0023113505434461945,0.0,0.3471439,0,0
775.4864,148.67981,835.76385,93.58032,816.2441,211.78786,876.2309,146.65427,677.2547,136.42874,694.8818,147.71751,716.2791,160.46176,733.45355,167.21268,760.7652,177.85649,777.52277,182.6273,-167.31366,414.19476,-146.83127,355.2664,-121.486916,287.22852,-97.88459,240.84995,-60.54977,167.86676,-35.855648,126.84878,0.002229633208774164,0.0,0.3471439,0,0
775.65845,148.56201,836.1423,93.67307,815.6326,211.34267,876.2098,146.72763,705.4397,136.76006,719.13885,148.65697,739.2363,160.89119,752.5145,166.75237,781.3534,179.83112,797.2761,184.97943,-118.891045,362.9053,-106.00628,309.11832,-82.08538,243.71107,-64.13224,205.90926,-26.017775,124.1318,-2.867698,83.586914,0.0028207565586852545,0.0,0.3471439,0,0
775.60944,148.42355,836.22784,92.9771,816.25726,211.8498,875.954,146.83763,727.4531,139.53737,743.2583,150.04457,762.2784,162.30243,775.88776,170.48003,803.31195,183.15807,820.1038,188.81209,-78.74358,310.31403,-61.571835,257.9608,-40.727604,196.52966,-25.297373,154.22751,9.906748,77.11202,33.904545,33.994537,0.0022854511922687903,0.0,0.3471439,0,0
774.98267,148.20883,836.19794,92.83504,816.2065,211.17503,875.86646,146.39328,744.4993,147.1045,756.63525,165.47348,773.4162,185.18405,784.396,194.35681,816.4093,198.6973,834.3713,192.74005,-53.897602,259.2737,-52.89807,198.63988,-45.352303,128.5953,-36.430954,90.73566,14.850802,21.931387,54.560635,-2.3467185,0.013236876726572549,0.0,0.3471439,0,0
775.4016,147.48523,836.7036,92.403435,816.7334,211.40506,875.89923,145.9077,757.1374,153.30219,763.56647,175.72868,774.2352,199.81389,786.8256,209.53441,815.2303,207.08171,836.3987,192.53717,-39.33625,221.64877,-52.478546,164.8689,-59.66707,99.9797,-48.752354,59.437214,2.2452326,10.403772,57.23087,-5.213047,0.026544842025730157,1.0,0.3471439,0,0
775.9857,146.94133,836.6802,92.27784,817.8393,210.09413,876.5851,145.36542,757.28076,154.06284,763.5215,176.0841,773.57,200.1142,786.49445,210.00987,815.56335,207.32019,837.14557,192.14867,-42.023285,219.91849,-55.66051,164.17033,-64.42271,100.38665,-53.309868,58.9057,-0.7615813,9.18026,56.123997,-5.9766555,0.026487891196362093,1.0,0.3471439,0,0
776.2447,146.46329,837.4499,91.26272,818.3839,208.57526,877.2832,144.55789,749.20416,151.90768,759.13306,172.69711,773.4271,191.76596,785.35986,200.09824,817.7357,201.10057,837.3235,191.84619,-54.42012,238.47118,-60.81287,178.41985,-57.788574,115.52837,-46.915085,77.959175,7.76365,14.6641445,54.430862,-7.0780587,0.016639177585035206,1.0,0.3471439,0,0
777.00903,145.83643,837.1117,90.896126,818.1722,208.82019,877.6822,144.07288,734.607,143.1642,751.0364,154.54593,771.1787,166.70915,785.05225,174.4488,816.06665,185.9556,832.47534,189.5061,-75.47693,286.77255,-58.288586,231.21638,-35.558075,167.97983,-19.369864,126.25364,23.266665,44.977947,48.88371,6.7203703,0.0029567536933487923,0.0,0.3471439,0,0
777.526,145.37866,837.69196,89.88949,817.63055,207.80992,877.7356,143.23058,715.4266,139.5629,730.669,149.33618,750.1369,160.50938,762.38367,167.56915,792.7875,178.97005,807.2285,181.53996,-110.08136,333.9107,-92.45968,282.68887,-68.89238,221.1628,-54.296448,182.90343,-11.606126,101.442474,11.904404,68.46816,0.002875681212675365,0.0,0.3471439,0,0
777.2591,145.35442,837.95416,89.77999,817.8112,208.42755,878.42267,142.96933,690.6878,129.99382,706.5278,139.68068,727.76807,152.98994,742.77246,159.2568,773.32355,169.97493,790.1354,173.6047,-143.36362,401.29425,-124.391266,348.6349,-99.75844,278.63257,-79.33873,236.74846,-35.937267,156.51297,-9.615621,117.1269,0.0027332977638856782,0.0,0.3471439,0,0
777.02094,145.4278,837.5485,89.45257,818.4002,207.48044,878.35596,142.52827,677.1966,122.78477,696.3693,134.88707,717.1061,146.54541,732.90656,152.74406,762.4181,161.77281,780.6453,166.26634,-156.41383,441.3368,-134.84814,377.30194,-110.35688,312.31534,-88.95982,269.12927,-46.280205,194.13834,-18.657923,150.03316,0.002565352581394643,0.0,0.3471439,0,0
777.45056,144.77635,837.91254,89.15203,817.90753,206.90584,878.1951,141.66922,675.8573,117.05181,695.7897,128.91878,716.4117,139.88933,730.9984,145.97475,759.66486,156.74687,777.293,161.31998,-157.63667,462.3552,-133.3279,395.09647,-107.26741,329.83942,-87.26545,288.04385,-47.013313,209.26077,-20.076738,165.44319,0.001989608270639069,0.0,0.3471439,0,0
777.6052,144.58084,837.47394,88.44098,817.64545,206.45775,878.3224,141.39178,686.7798,113.23907,702.3274,122.660286,724.66,135.65067,737.3154,140.98972,767.3011,152.42358,784.17975,158.94244,-139.72086,459.90714,-119.71111,404.16656,-91.09052,327.41684,-72.91457,289.4903,-29.196735,203.89078,-5.1278462,156.39548,0.0018265362752289953,0.0,0.3471439,0,0
778.00555,142.9899,838.79614,87.971306,818.6221,206.28224,878.4707,141.41461,730.56836,132.36774,727.2783,124.671814,738.8564,133.3609,752.5845,140.54944,781.9275,153.32028,798.3472,157.36292,-75.279495,312.71896,-72.83202,336.32166,-61.267536,295.09943,-44.21166,253.56412,-5.006078,170.8524,20.613663,130.96933,0.002791319673235404,0.0,0.3471439,0,0
778.58655,142.76122,838.5031,88.55063,818.405,206.44252,877.99176,142.01941,724.20416,112.676865,741.73315,124.874565,761.2654,137.30695,774.5396,144.11555,801.413,156.86305,817.67303,161.52191,-69.70735,373.96677,-49.802174,311.2869,-26.735704,245.46092,-9.367137,204.94458,26.632072,126.02365,52.009262,84.784996,0.0024546846964646376,0.0,0.3471439,0,0
777.25256,143.49602,838.321,88.66681,817.6354,206.95178,877.96387,141.94463,739.97876,121.71748,752.6962,142.13002,767.3786,163.4107,779.09064,170.60905,809.9318,173.72318,826.3833,170.26584,-44.329956,319.69162,-43.882496,249.63683,-40.881966,177.07372,-27.836489,140.56726,24.512732,75.70132,59.235695,50.294197,0.014798536816150811,0.0,0.3471439,0,0
777.2205,144.3805,837.859,89.47406,817.5806,207.0255,877.404,142.91351,754.5242,129.65683,760.70233,151.25266,768.5876,175.686,780.5057,185.80847,811.6181,181.93227,826.654,170.79243,-25.098742,275.942,-38.859047,216.9957,-52.06912,151.88301,-42.02548,109.65869,18.656399,57.677097,60.47336,49.55224,0.03348443459509585,1.0,0.3471439,0,0
776.5603,144.28351,837.3772,89.34053,816.98676,207.2214,877.1869,142.96494,757.8902,130.60649,762.8282,152.87604,770.6783,178.27756,781.5142,188.47314,812.0641,183.99364,827.3738,170.54749,-18.813345,265.84296,-35.708687,208.01144,-50.00826,141.39005,-41.941803,101.329346,18.211731,51.88157,63.25189,47.675777,0.038409744551584274,1.0,0.3471439,0,0
776.6892,144.37935,837.37396,89.53553,816.8962,207.18648,877.0899,142.50671,751.9008,128.3935,760.1278,150.93542,769.1941,173.95316,780.8823,183.87967,811.0015,181.30284,826.851,170.65346,-27.731152,283.6228,-38.507927,217.8395,-47.75099,152.89896,-37.80441,111.29654,19.420736,58.7017,61.89016,48.031494,0.029037792545876302,1.0,0.3471439,0,0
775.93555,144.62915,837.3947,89.20047,816.7277,207.17494,876.91425,142.44827,738.99084,121.86286,752.115,141.89589,767.0144,160.17224,778.5414,168.63121,808.83984,173.58492,825.4384,170.90915,-41.077415,320.1116,-40.256393,250.95995,-34.32201,184.44582,-23.401573,145.55429,25.389643,77.67645,59.31264,50.254795,0.013049553319102453,0.0,0.3471439,0,0
777.1363,143.16362,837.5691,88.40194,817.1975,206.0831,877.2213,141.53172,722.97516,113.65832,738.47473,124.58096,758.04193,136.85571,771.66077,143.3235,797.93646,155.54774,813.13214,159.02744,-68.31153,372.30542,-51.366787,316.55383,-28.616451,250.87924,-10.550415,210.31374,24.285666,133.31572,48.7568,96.35215,0.0027392899794520687,0.0,0.3471439,0,0
778.831,142.81793,837.7676,87.28314,817.24347,205.18784,877.6076,140.50989,714.31976,117.621826,722.9836,122.67112,733.4249,130.32843,744.436,136.07436,774.3584,145.89758,788.7533,151.4757,-100.80491,395.2949,-88.76712,364.15567,-76.27716,323.4096,-60.697903,286.7492,-12.619572,202.48198,9.028616,160.90018,0.003325484363058135,0.0,0.3471439,0,0
777.71277,142.58661,837.51697,87.39973,816.8826,205.66731,877.0606,140.46416,674.5623,102.41127,691.28467,112.843636,711.008,125.49737,723.94745,130.83763,752.11346,140.37352,769.7398,145.96896,-155.82777,503.18384,-133.9887,442.67133,-109.18347,372.06934,-90.07017,333.69345,-46.66101,255.93774,-19.336828,208.57729,0.002688807687083464,0.0,0.3471439,0,0
777.3843,143.55577,837.3832,87.59395,816.9872,206.43016,877.1009,141.29352,659.9766,95.53762,679.81714,107.718475,696.887,118.30421,710.8764,124.381325,741.6253,136.18887,757.28235,141.16104,-172.3847,547.24,-146.80789,476.74777,-125.32896,416.98123,-105.19622,374.92877,-59.741394,287.12973,-35.620937,245.1481,0.0022218606050256363,0.0,0.3471439,0,0
776.5673,144.11711,837.595,88.084595,817.16425,206.46817,877.5006,141.66501,667.42944,95.91933,685.5092,105.11423,699.52997,114.66483,713.0233,118.87063,744.4361,133.3639,760.677,138.4327,-147.08638,519.02734,-123.7617,462.62192,-108.44178,413.38254,-88.32363,378.11517,-46.906837,285.39062,-22.763859,243.02905,0.0014322549779106734,0.0,0.3471439,0,0
777.5876,146.02927,837.7951,88.83968,817.8263,206.71939,878.18176,141.92976,686.4589,97.63255,699.08386,103.9874,718.9848,116.88686,730.9024,122.917755,759.6939,135.26987,777.72394,139.9317,-115.75861,498.92044,-98.80935,457.0941,-75.87136,385.05017,-60.314144,346.55453,-20.528309,259.8215,7.9595957,212.84079,0.0023077992011004077,0.0,0.3471439,0,0
779.3433,144.90372,838.39886,89.22812,818.18744,207.86584,878.30005,142.90036,718.65576,104.407364,723.87695,108.625854,740.7929,120.783936,752.82416,127.69528,779.8684,141.21225,797.66,146.18129,-74.07826,422.50238,-68.27924,400.6122,-48.117226,334.90082,-32.060898,293.39792,5.5620465,206.96252,34.611763,159.80779,0.0035982298834526345,0.0,0.3471439,0,0
777.0621,145.51413,838.4987,89.82167,818.26733,208.31747,878.0095,143.67763,726.3171,104.9037,739.3802,119.76682,772.7866,144.74243,784.1755,148.43837,801.964,153.97911,820.53107,153.69945,-44.99879,384.21967,-38.452347,326.2254,-6.9101357,209.70607,9.547912,180.37608,35.711422,134.73787,71.13121,98.78239,0.0068321135648133,0.0,0.3471439,0,0
776.20166,146.48705,837.51984,91.46065,816.78406,210.18109,876.7949,144.99211,737.2024,114.23561,747.57227,136.56284,760.084,158.4584,771.4956,166.99348,802.42053,164.62138,819.6451,157.63019,-34.871845,345.38464,-41.17603,275.2015,-42.908096,205.15184,-31.96784,166.49648,26.923876,112.50588,68.01079,92.69965,0.020670481478418143,1.0,0.3471439,0,0
775.3185,147.044,836.58185,92.55913,815.9544,210.90549,875.8628,146.00963,741.1649,115.487236,750.53796,138.17003,762.55914,161.76752,774.7833,171.25777,802.0869,168.19623,818.0033,158.72723,-26.706285,334.56497,-35.400505,265.48688,-39.954227,193.02051,-28.63114,151.18771,24.382471,105.68958,66.03248,93.517166,0.02539673447909337,1.0,0.3471439,0,0
774.80884,148.26254,835.8511,93.42148,815.58844,211.5802,875.34344,146.5423,737.17664,113.704315,749.4906,134.95029,763.71155,156.00407,774.94244,165.63748,802.1656,165.07077,817.14856,159.57712,-29.20763,348.99265,-31.122446,276.88547,-29.299839,204.65717,-20.013151,163.67216,30.399746,112.693474,65.48374,94.229805,0.018633839343476795,1.0,0.3471439,0,0
775.0158,149.91156,835.27594,94.54073,815.7151,212.55074,875.2446,147.78969,726.1394,106.61475,740.9667,119.5001,760.50714,133.01949,774.9651,139.95988,798.9541,153.70341,817.3023,158.84787,-40.38493,393.92056,-27.531778,334.2431,-6.746066,265.16812,12.215564,221.49945,40.59074,144.95432,69.03775,97.86181,0.003078219663732225,0.0,0.3471439,0,0
775.9024,149.59686,835.75494,94.35691,816.66486,211.95291,876.0821,147.77989,714.20154,103.62859,724.3784,113.108,742.8641,125.29018,757.3962,132.92297,784.87054,145.32896,802.41797,149.87686,-62.30178,426.54425,-54.016304,383.46954,-33.18717,318.59668,-14.656218,272.7333,22.527205,191.41014,50.477566,146.93771,0.003565800542859676,0.0,0.3471439,0,0
777.7988,150.60667,838.1275,93.556526,817.6467,211.00964,877.66223,146.57114,723.2566,114.63404,736.9395,124.409096,725.3735,117.90864,737.82635,124.44508,766.4205,136.86407,784.2699,141.93898,-59.47486,391.66687,-45.225227,341.05093,-59.39163,379.61075,-43.578873,339.17773,-4.415299,253.06142,23.269192,205.51718,0.004004811274884545,0.0,0.3471439,0,0
779.127,149.486,839.3983,94.030205,818.90607,211.19937,878.9115,146.78528,677.367,89.75812,690.73114,98.75498,711.5153,111.12499,725.762,117.81379,754.13385,129.8943,771.98425,133.4268,-125.16178,545.68787,-109.42661,495.61575,-83.525505,423.1651,-63.939854,378.57855,-23.857529,293.61963,6.2004786,249.826,0.002686635342547411,0.0,0.3471439,0,0
779.3938,149.22827,840.32355,93.818214,819.95886,211.28085,879.778,147.00748,682.1853,85.76311,692.9472,91.74546,709.23846,102.76388,723.6612,110.08133,752.4549,121.939156,769.1336,126.632835,-106.73197,532.5986,-93.433586,497.5055,-75.66318,439.78412,-57.23503,395.02707,-17.279264,312.43683,8.588591,269.49863,0.0026426496689856077,0.0,0.3471439,0,0
780.185,149.46701,841.12274,94.481804,820.5115,211.99529,879.74774,148.01158,720.96124,97.34021,733.72705,104.755486,722.14044,98.53892,734.3861,105.18082,761.8435,116.93449,778.42267,121.65532,-48.8549,429.03696,-33.6,387.83087,-48.047607,423.97653,-32.863594,385.6035,5.050787,306.7893,31.102486,264.29147,0.003305324592731222,0.0,0.3471439,0,0
780.8231,150.78221,841.1357,95.67297,820.6013,213.098,880.147,148.9381,712.7293,74.88379,718.8523,84.14288,736.8149,95.83057,750.0779,103.57888,777.76276,116.115074,794.9643,121.56547,-39.754543,515.93024,-38.96875,479.40424,-17.791464,414.29166,-1.2182803,368.92563,37.72971,283.78845,64.94885,236.48378,0.004233509118301626,0.0,0.3471439,0,0
781.4117,150.61824,841.7144,96.26425,821.4315,213.22067,881.3863,149.11446,723.4697,74.462524,740.42084,87.33123,758.5751,99.51859,770.8428,107.546974,799.19476,120.93874,813.4862,126.72837,-19.147797,502.46793,-1.0902966,433.39706,19.89085,365.23267,34.10709,320.4538,73.33565,231.02473,94.23335,188.61746,0.0025922163079098556,0.0,0.3471439,0,0
781.9185,151.14616,842.4018,96.07793,822.4122,213.52312,882.1908,149.28499,740.08997,85.30523,751.32043,107.3315,764.151,128.18796,776.02374,137.06015,806.5709,139.32156,823.8211,133.41248,1.839386,437.3582,-4.2343607,359.82822,-5.5095925,285.4388,6.2137737,242.20879,62.45239,176.71935,104.75185,154.56604,0.018117434278856804,1.0,0.3471439,0,0
783.3507,149.78195,843.85205,95.72995,823.222,213.32101,882.91394,149.03079,752.73773,89.47601,756.66486,113.59285,765.9727,137.70686,780.5492,148.10518,807.786,144.07951,824.3977,134.01808,14.702217,402.182,-7.8274083,334.00827,-18.739847,259.85657,-3.3217623,209.00172,54.236637,164.58444,100.89855,153.02937,0.03149738549918153,1.0,0.3471439,0,0
783.9244,148.93645,844.7586,94.85405,823.8868,212.35864,883.738,148.15535,757.814,88.34067,760.7115,111.96203,768.48334,138.30501,782.308,150.13034,810.89844,143.60023,824.62823,134.12062,24.410501,393.27856,0.16597739,328.69363,-16.585253,252.70187,-4.4555335,200.5215,58.464874,159.02306,98.45568,152.04759,0.03978780984838772,1.0,0.3471439,0,0
784.2178,149.99033,844.5682,94.13618,824.1611,211.59285,883.50146,147.69472,755.21185,84.743286,761.8471,108.45283,772.665,132.94817,784.3072,143.37369,811.12164,141.06229,825.42444,133.35219,26.656141,407.59952,8.931508,337.05252,-0.9626155,259.7481,8.3385105,213.99245,63.17669,165.28453,102.01595,152.5549,0.03176598049952109,1.0,0.3471439,0,0
783.2822,148.72987,844.06024,93.95662,823.72174,210.95396,883.6211,147.07375,743.6878,78.12885,757.34875,98.879,772.7304,117.5463,782.95276,126.29888,811.04626,132.81693,826.5534,131.01262,12.680143,444.81027,12.769079,365.23233,18.871351,290.3117,27.505667,250.12486,73.92913,179.81223,107.32433,152.37683,0.013251515764050212,0.0,0.3471439,0,0
783.4846,148.12605,843.8489,93.290184,823.51556,210.446,883.09686,146.5637,726.5677,72.56457,744.9535,85.25226,763.9153,98.11969,776.4427,105.41858,805.62897,118.65865,821.86096,122.33732,-17.028875,492.5959,3.7411678,423.27332,25.112417,353.43723,40.652115,310.76373,81.6097,221.02255,109.48035,179.54422,0.0029037945711724417,0.0,0.3471439,0,0
782.6169,147.96088,843.84753,93.259766,823.32495,210.12036,882.7112,146.18796,721.58093,83.21617,726.4285,86.71778,742.51495,97.37208,755.2842,104.79106,784.27155,116.93115,799.8861,120.753784,-35.714657,464.08142,-30.784346,446.46237,-13.312615,390.63535,1.7920173,348.9992,42.117,265.4287,67.63288,226.23093,0.0035836613698126893,0.0,0.3471439,0,0
781.9245,148.35413,843.29156,93.747765,822.5761,210.87012,882.0098,146.96136,724.20715,100.52876,735.20483,106.2822,763.46796,117.28378,735.76416,106.8445,766.5201,118.9705,781.7397,122.95577,-49.99752,414.61368,-36.38605,381.08066,3.3031232,303.43243,-36.011066,378.73132,6.9998307,293.84717,31.048044,255.98706,0.0026304258806499367,0.0,0.3471439,0,0
781.4392,148.93335,842.22906,93.54334,821.8027,211.36725,881.58496,147.31198,707.25006,101.308136,704.64526,98.25279,714.6033,105.10635,727.18665,111.41742,756.6145,122.8251,773.5856,126.63322,-83.2099,449.42633,-84.61368,461.78683,-73.75219,426.4937,-57.386726,387.79562,-15.211972,305.32602,12.6119995,263.9058,0.003454134729230821,0.0,0.3471439,0,0
781.65814,150.11897,841.7917,94.23311,821.55524,211.26137,881.31036,147.39792,680.8845,86.67414,694.1723,95.964554,717.7022,109.16314,731.8337,115.38745,760.65576,127.22456,775.87036,132.27162,-117.4245,550.5693,-102.49672,500.41107,-72.65004,421.04147,-52.87338,377.99384,-11.75677,292.79556,11.351101,250.78046,0.0020479149298929847,0.0,0.3471439,0,0
782.3043,149.41078,842.4821,94.517494,821.95184,211.10956,881.45715,147.42937,727.1487,111.92133,722.64685,104.165924,734.2812,114.58926,747.81915,121.946945,775.0699,133.32016,790.2399,138.4527,-60.478577,394.0489,-59.997543,421.95505,-49.919075,373.734,-32.66519,329.76807,6.010803,249.8572,28.995546,208.17416,0.0038857531725475635,0.0,0.3471439,0,0
783.6497,147.59563,843.416,93.59876,823.0727,210.23322,882.7881,146.64919,721.3032,94.94906,737.36145,106.6362,756.33875,119.04163,770.5143,126.084526,798.648,139.7354,811.8754,143.78317,-59.53691,449.95258,-41.351463,387.83145,-18.631145,319.49747,0.8005625,274.5721,39.23683,187.4025,60.183838,152.03394,0.0024598055016798333,0.0,0.3471439,0,0
783.24744,147.58076,843.6246,92.659195,824.27795,209.80324,883.86615,145.65703,737.8,98.72182,751.8978,114.20552,781.3995,145.57321,792.19696,146.71683,814.69104,150.12637,831.18866,151.63647,-25.890303,400.72897,-18.027737,335.81873,-0.9842214,207.8757,17.931124,184.41345,56.364697,132.93004,86.1632,96.83367,0.009070310336537945,0.0,0.3471439,0,0
783.97784,147.46744,844.33997,92.53143,823.8067,209.92899,883.8878,145.32874,751.6697,107.92577,759.44244,129.95374,771.0979,151.22632,781.6112,161.13583,813.9345,160.58817,831.53687,152.42354,-14.039215,355.62308,-25.744587,287.52234,-28.720959,217.07611,-20.64377,175.53558,40.71176,113.14182,85.17455,94.445206,0.023180773999624805,1.0,0.3471439,0,0
783.1539,147.19899,844.26215,92.42934,823.7257,209.0612,883.98346,145.08365,764.25555,109.10625,767.87994,133.4306,775.48737,157.38528,785.8651,169.52419,816.58984,164.55753,831.59845,152.61043,11.797939,323.5856,-11.753094,259.86,-26.296127,192.96288,-21.641424,147.99165,40.797695,98.58999,84.89761,93.05287,0.041318686970976355,1.0,41.7536545,2,2
783.8574,146.83957,843.8966,91.733185,823.88,209.25098,883.24225,144.88,771.28217,107.143616,777.7188,131.80006,783.67365,147.87921,797.24786,168.34729,821.74493,163.7511,831.9717,153.12202,25.594997,314.7976,6.766722,244.99191,-1.6126297,198.13792,-0.7470618,129.1507,51.084217,89.91378,84.767334,90.63961,0.04566359163180926,1.0,40.6504059,1,1
783.2513,146.9531,843.51605,91.49548,822.9538,208.41116,882.90015,144.33174,764.9343,101.65011,776.0645,125.801384,786.474,146.01862,798.43494,157.78882,821.5945,157.83083,831.99274,152.34431,21.872574,341.2655,12.6070175,261.47888,7.293104,195.59561,15.442322,146.74303,59.54527,100.141594,86.92619,90.211845,0.027613916303036487,1.0,7.4962521,0,1
782.2854,146.28125,843.7671,91.37571,822.9042,208.38205,882.75616,143.83286,749.6424,91.094444,763.82935,108.23236,781.0482,133.19647,789.4839,139.8315,819.9178,148.94534,831.6814,150.68646,6.6629987,390.30536,12.238526,321.3706,13.632622,230.90128,21.18889,200.04607,67.08836,120.70397,87.39524,93.38656,0.011768327295908224,0.0,7.4962521,0,1
780.7994,145.59668,842.34357,91.07023,822.12744,207.96455,881.7228,143.52051,729.1597,84.72653,744.3603,97.7586,763.0412,113.3486,769.5312,117.588394,795.6729,133.58746,810.37665,140.09058,-21.509388,437.63016,-8.953897,377.30606,6.7674103,305.3246,13.648423,283.2945,42.58952,197.44733,62.066433,154.71202,0.0033248331822322633,0.0,7.4962521,0,1
780.6438,146.05621,841.16016,91.34701,820.7297,208.35344,880.44775,143.92223,718.80536,85.78197,727.5203,93.127556,743.14087,105.69291,755.2517,113.390656,745.9348,107.772194,755.4578,112.6361,-45.671494,464.3395,-37.54583,428.33438,-22.486073,366.34076,-8.487684,323.98953,-19.617094,355.79126,-7.1533384,325.3976,0.005788982235324165,0.0,7.4962521,1,1
779.66986,146.29614,840.69257,90.98847,820.33984,208.03224,879.7542,143.881,738.7019,102.88367,749.465,109.10841,772.09564,123.11212,776.2423,126.672615,776.3229,126.30359,786.8334,131.54202,-23.469578,375.98483,-10.817024,340.92664,14.546256,265.37842,17.917507,249.36693,18.537018,250.03423,31.859,217.95204,0.0011628593285614094,0.0,0.4243672,0,0
779.94977,145.27275,840.0297,91.021385,819.7888,207.72365,879.4917,143.7272,741.0215,98.84144,752.6471,105.346535,773.76935,119.87993,774.02234,119.6165,777.5159,121.19012,786.19055,129.19513,-18.64897,385.9965,-3.6553738,346.57867,19.746908,269.475,20.586452,269.58606,25.476141,258.92892,32.259583,223.2369,0.003368559294443524,0.0,0.4243672,0,0
781.0736,145.14194,841.28766,90.3876,821.02893,206.7889,880.28143,142.92583,718.2546,70.78075,733.15173,81.47104,756.23627,98.21108,766.9299,101.81847,758.8048,98.72086,766.2857,103.86525,-29.434498,502.69934,-13.307757,445.29184,11.044358,357.3674,27.600637,327.27325,15.483916,351.02042,23.626663,323.59366,0.003312757656570402,0.0,0.4243672,0,0
781.6095,144.46,842.25116,89.41539,821.81604,205.77232,881.5351,142.17577,738.4933,71.70845,754.3691,82.33193,773.9904,97.158585,780.946,99.68918,778.8324,99.45273,788.9447,102.35811,9.229846,457.98334,26.985619,399.13647,46.350807,323.19193,56.85158,303.11453,52.933765,307.9352,69.2658,280.58948,0.004764396145009287,0.0,0.4243672,0,0
782.174,144.02675,842.67725,88.941025,822.1947,206.54462,881.9713,141.78139,755.8352,78.76755,768.9862,98.47728,784.7857,116.29476,797.11755,126.35184,827.05804,137.77829,840.69855,138.74242,31.354517,407.07095,31.757998,330.75034,39.812813,256.62656,50.93163,209.01726,94.66418,123.41902,120.48114,93.28281,0.010294670307752846,0.0,0.4243672,0,0
782.19336,143.48409,842.60803,89.36314,822.3351,206.10081,881.95874,142.00363,767.5498,87.82603,775.5521,110.10545,787.025,133.12497,798.0438,142.83594,828.55365,142.17535,842.75684,134.13835,42.641026,359.74277,29.083454,288.81754,22.01632,213.26175,30.96412,170.44057,91.26755,110.877464,131.06958,98.65673,0.02652518800354591,1.0,0.4243672,0,0
780.538,145.64078,841.5073,90.18143,821.06,206.96135,881.12225,142.90897,775.20734,90.81882,780.2056,115.943306,786.49066,139.81583,799.52167,152.17877,827.17175,146.75327,841.34375,133.44719,61.300938,336.56577,37.19811,266.72385,18.418798,200.8893,27.31161,148.85158,87.09418,104.715324,133.63303,103.48401,0.04293122753128661,1.0,0.4243672,0,0
779.77167,145.99571,840.6864,90.63437,820.0465,207.6653,880.1923,142.88239,778.8069,91.30078,784.08014,116.22074,790.32623,141.06003,802.7202,153.08409,826.66064,148.13406,841.1163,135.58879,69.47809,329.11548,46.01362,258.21912,25.90068,189.8259,34.09015,139.56126,86.098625,101.560394,131.97125,97.93066,0.04675967435441967,1.0,0.4243672,0,0
778.67645,145.02414,840.09717,90.381325,819.5135,207.27791,879.663,142.97057,777.1436,88.06001,785.1744,111.884415,797.47974,136.96776,808.72546,147.14061,828.2056,144.29922,840.0681,133.9961,71.21082,335.11432,54.552715,261.6137,45.31024,180.98535,53.524193,137.19687,94.75223,104.273445,132.73694,101.72133,0.036934318652951145,1.0,0.4243672,0,0
779.0384,144.47874,840.3317,90.045456,820.185,207.04659,879.7536,142.37518,766.9855,82.66003,780.7454,105.04195,794.72107,124.21331,804.9362,133.40813,828.8099,137.2626,840.9574,133.93317,56.5676,367.6752,53.42444,285.6759,55.074436,214.06581,62.601597,173.6892,103.939926,117.57041,132.97693,99.662674,0.01750770703447834,1.0,0.4243672,0,0
778.6397,143.39713,839.3583,89.030174,819.2956,206.56839,879.0954,141.80162,751.5704,76.0967,766.8779,88.617165,785.07733,102.40663,795.54065,109.653915,821.08856,123.13656,834.4963,129.07481,32.994488,413.56317,47.213535,350.75842,65.23763,280.43115,76.3665,242.27144,109.02532,159.94582,127.64436,119.58615,0.003058863777872271,0.0,0.4243672,0,0
777.6205,144.00148,838.5225,89.41501,818.22144,205.93275,877.8811,141.71507,728.91455,73.83666,745.63275,86.35201,763.3481,98.51301,774.4737,105.52917,801.86926,119.366875,814.50836,123.570015,-5.368861,462.27692,11.424944,397.36127,30.391947,332.36313,43.00396,293.46906,78.4271,206.54253,97.74865,171.4687,0.0027521390199090347,0.0,0.4243672,0,0
776.037,144.73708,836.73517,89.35935,816.3523,207.05687,876.02545,142.49922,711.4561,74.24985,727.2687,86.19303,746.30615,98.12207,757.7037,105.52623,786.86566,121.29393,800.85455,125.013145,-37.575596,492.00723,-21.410824,430.80713,0.83025765,364.25287,13.69162,324.13968,50.33752,229.94061,72.93569,193.54329,0.002394077395831582,0.0,0.4243672,0,0
774.5107,145.41216,835.34326,90.40118,814.4875,207.28958,874.0725,143.66989,709.5679,78.47436,718.59827,88.016815,738.073,100.32628,748.9114,107.27057,781.36816,122.9838,794.44653,127.02721,-42.545845,481.01944,-36.691364,439.87756,-14.185614,372.7134,-1.8537867,335.34064,41.299717,235.80093,61.692436,200.78934,0.0033708606398643224,0.0,0.4243672,0,0
773.2899,146.7144,834.3319,90.93463,812.8,208.56822,873.00494,144.18277,706.2956,77.02488,720.1494,89.12314,740.46576,102.66892,750.61884,108.584,781.8646,124.11024,795.29614,128.03809,-44.48653,496.3423,-32.103477,438.36792,-9.144276,365.14697,3.2786286,330.95358,44.593494,232.73454,65.85975,196.81924,0.003179264978363618,0.0,0.4243672,0,0
772.3827,146.86974,833.4063,90.97802,812.19336,208.52554,871.8973,145.02855,715.54785,78.411026,732.31555,90.75389,752.2677,103.437515,762.95807,109.037796,791.1118,126.35513,794.60974,131.84354,-24.715631,465.90204,-7.472833,404.0152,15.41862,335.63913,29.173594,301.88126,62.002182,207.34807,61.681747,188.3856,0.00011263951223154465,0.0,0.4243672,0,0
772.2349,146.45494,833.05945,91.28558,812.6294,209.16391,872.33374,144.32237,737.3665,81.70524,753.7198,93.297806,772.25964,107.43738,786.1848,113.29527,811.22455,129.39014,786.97736,113.33369,13.631889,419.81314,31.126904,358.46054,49.34849,287.54434,69.239914,246.0235,97.22738,159.25797,70.77239,244.3408,0.0009858364000577555,0.0,0.4243672,0,0
773.1508,145.67406,833.26447,90.93244,813.36816,208.35669,872.7179,143.20084,761.30255,85.30222,774.1314,100.07973,822.01575,123.37557,831.0091,125.0164,840.45624,135.6197,855.6628,139.86183,54.900673,366.65604,60.74983,303.01562,125.49515,149.41942,141.54749,126.87772,145.17888,84.331345,169.94263,43.31837,0.0013527085401757665,0.0,0.4243672,0,0
773.82153,145.27399,834.49567,90.53767,814.2874,207.93648,874.5067,143.1223,779.76196,96.56167,785.8556,120.85533,794.9422,143.34679,806.09564,154.51544,838.2036,150.94571,854.7765,140.96684,75.38922,300.59558,54.23374,230.45111,42.415646,162.61354,49.340538,117.189865,115.927414,59.895496,163.24771,45.77981,0.03063124421588942,1.0,0.4243672,0,0
773.9041,144.95703,835.0165,90.57406,814.51013,207.97386,875.1163,143.32977,791.61255,100.808716,792.8406,124.20432,798.0009,151.6454,807.82587,162.55502,840.37573,154.89606,807.94507,161.96019,92.65829,265.89886,62.690475,208.75317,37.001865,139.17247,41.762505,97.819534,113.8234,48.617157,42.729084,98.77634,0.07406291282631242,1.0,0.4243672,0,0
773.83887,145.00284,835.1514,90.335464,814.7051,207.29752,874.93317,142.89314,795.70074,100.992386,794.7084,123.94824,797.47473,152.01778,808.29083,163.8996,841.4685,154.8315,856.70624,141.042,100.61124,256.6044,66.58558,205.46918,35.243202,139.45253,40.42633,94.13025,115.428505,45.973133,165.61182,42.25882,0.04549953195076582,1.0,0.4243672,0,0
773.7353,144.02788,834.9108,90.1611,814.55835,206.8623,874.98975,142.43382,790.6972,98.062294,792.82825,122.34283,798.5653,148.27141,808.4817,159.28725,840.0998,153.5878,856.16626,140.40765,93.98595,272.75726,64.23061,211.01965,41.230625,143.03249,45.864742,101.064476,113.7161,49.84007,164.7428,43.461086,0.04497834743349775,1.0,0.4243672,0,0
773.535,145.09561,834.13007,90.23421,814.459,207.10487,874.7696,142.81313,779.0364,94.38138,787.2024,116.42064,799.51575,139.74808,809.22815,148.2424,839.7467,148.5259,855.741,140.51135,78.472855,305.86386,63.827137,236.69794,56.2298,160.1887,63.540665,122.94372,122.066505,60.92837,165.3559,44.230995,0.024909783596051425,1.0,0.4243672,0,0
773.00397,144.69363,834.1509,89.47932,813.6476,207.12015,873.84845,141.98935,764.54236,86.15302,780.5827,99.69365,798.5765,112.54531,809.3399,119.34108,837.6627,131.61665,852.61755,137.45923,59.171597,353.36508,72.77509,287.44482,90.94766,220.56943,102.92076,183.13142,142.10226,97.820465,163.65134,54.284927,0.003576662527386644,0.0,0.4243672,0,0
773.10187,144.07309,834.1706,88.90309,813.56256,206.68906,874.1052,142.18076,743.9277,85.779175,760.9529,98.71853,779.7821,111.48821,791.8013,119.70299,823.42725,134.399,836.1446,139.1104,16.974802,393.54333,33.940556,327.47916,54.363377,259.5352,67.12004,216.66748,109.53964,120.72365,128.14055,84.953735,0.0027084960525139232,0.0,0.4243672,0,0
772.69446,143.7627,833.2498,88.67331,813.3605,206.6887,873.90656,142.07295,730.125,86.45309,747.77203,100.15862,766.5819,113.14276,779.6002,120.14301,809.34375,134.22577,823.4792,138.43727,-11.177747,419.59158,6.490262,349.49524,26.925701,280.62814,43.406216,238.41986,82.97713,147.78069,104.94529,110.46291,0.0029472234414659433,0.0,0.4243672,0,0
772.50464,143.26619,833.15015,88.21105,813.1062,206.59865,873.63214,141.56038,724.8281,88.18815,743.59717,102.2483,762.4458,114.76706,776.0003,122.5176,805.0623,135.06758,819.3991,139.57947,-24.813784,423.90927,-5.1685634,351.03006,16.06911,283.5461,32.663494,238.77393,72.96168,153.24577,94.902054,115.004074,0.002890595441049226,0.0,0.4243672,0,0
772.3388,143.82466,833.4654,88.21644,813.11774,206.58812,873.6215,141.65819,733.20825,91.34505,750.4229,104.989365,770.5098,117.277885,783.39215,125.40365,813.05383,138.34668,828.38043,144.5111,-9.871857,397.16574,6.4356537,330.17532,29.696209,262.01172,44.111183,218.29448,84.458206,131.2827,105.88508,87.68418,0.0025272834074904064,0.0,0.4243672,0,0
772.1541,143.69467,832.9408,87.99368,812.6685,206.13947,872.64386,141.85307,750.81824,94.4665,768.58185,107.63348,787.935,121.44422,800.1366,129.43771,830.00684,143.53413,845.62616,149.02333,20.912611,352.85016,38.79187,286.72986,58.66457,217.04144,71.98937,175.19673,111.66205,85.260155,134.93983,42.21683,0.0027678701375009798,0.0,0.4243672,0,0
772.3371,142.52962,833.1372,86.67386,812.8942,205.44734,872.022,141.14398,774.292,96.65682,791.1735,110.02432,807.75543,122.649,822.666,132.73534,853.45276,148.44923,867.62854,153.16196,62.000492,296.6687,77.9032,233.188,94.07347,172.47063,110.249954,120.9014,150.68692,25.138386,173.00793,-14.170127,0.0030018165799743026,0.0,0.4243672,0,0
772.7382,141.83308,833.8861,86.34381,812.9816,204.55186,873.6108,141.35042,791.3545,105.49506,801.48737,126.489235,813.17206,144.06725,801.4669,129.28668,858.32385,162.49374,874.96,158.20067,83.51595,243.03433,75.45499,176.65666,75.180046,116.61706,71.69394,170.70601,139.0456,-10.0464525,178.18825,-35.591827,0.016732866107062674,1.0,0.4243672,0,0
772.499,141.60753,833.0661,85.84958,812.9741,203.89053,874.2334,140.69771,802.15393,108.87874,807.2052,132.11018,814.5276,154.456,825.7446,169.28224,817.41455,159.50969,827.4767,169.8068,102.23169,212.02353,80.07959,151.47186,64.49246,91.11182,66.5709,40.254288,63.417027,75.438194,69.17199,35.900555,0.09605930148821619,1.0,0.4243672,0,0
773.9159,142.31937,832.9422,85.755844,812.37476,203.8182,874.3116,141.08075,804.5867,108.80656,808.781,132.45909,815.0749,154.79417,812.8503,152.85672,818.1065,160.63712,827.667,171.33257,108.10607,209.19424,83.81925,148.7497,66.550095,89.66027,64.7009,98.03805,64.878105,71.9175,69.626526,32.26595,0.13984773425179264,1.0,0.4243672,0,0
772.1114,141.39708,832.5526,86.17708,812.1027,203.98662,873.7164,140.79868,796.79785,105.42567,803.82214,128.04768,810.4466,146.85406,825.8079,163.73904,857.808,165.43945,875.20306,157.16988,97.18089,230.24695,79.89318,165.7025,67.72082,113.01148,75.19897,49.389168,134.05655,-15.686561,179.04047,-34.051437,0.025843396597278082,1.0,0.4243672,0,0
771.3236,141.2358,832.47974,85.84635,811.9981,204.1051,872.4386,140.84413,781.9658,95.580376,793.78174,108.16006,859.50323,148.92648,859.09753,145.42923,861.98047,150.9345,875.4602,156.30325,80.225784,279.94125,86.79719,228.0179,161.88217,10.635128,166.08853,18.34453,163.9871,1.6660724,183.38353,-36.24297,0.002302047431287891,0.0,0.4243672,0,0
772.4971,140.40265,832.52545,85.191475,812.66846,203.6373,872.55426,139.02069,755.0194,91.187805,772.5594,104.61503,792.97595,117.95694,804.8434,124.390495,832.47516,137.9307,845.5294,143.14563,27.994604,347.61697,45.731197,279.81064,68.92809,207.97665,83.98306,169.7834,120.52585,85.10254,139.25056,47.934036,0.0023925219994935763,0.0,0.4243672,0,0
773.5245,139.51862,834.12573,84.10909,813.40283,203.12032,874.4252,138.017,728.9987,87.62032,748.59296,101.32158,766.36816,113.7439,779.8732,121.01513,807.28595,132.90688,824.5881,138.74957,-24.381065,411.40326,-1.9688029,337.2337,17.822748,271.78238,35.29031,228.01526,73.80269,147.00267,99.96903,100.06187,0.0027117943423393743,0.0,0.4243672,0,0
774.40375,138.86119,834.8662,84.27304,814.3985,202.48878,874.96497,137.95447,710.83856,85.68364,727.2858,98.21647,747.9825,110.63264,761.2914,117.6918,790.71246,131.45189,808.87463,137.81155,-60.946865,451.56363,-43.069363,386.8834,-17.1372,315.72882,0.38132584,272.9252,40.76011,183.99963,68.08035,134.43057,0.002234540365383847,0.0,0.4243672,0,0
774.0683,139.50887,834.94556,84.32081,815.1314,202.10597,875.23035,137.81927,712.298,87.32058,720.76654,95.76945,739.85425,108.219444,753.1661,115.40151,783.6591,128.5906,799.0955,133.8662,-53.459545,438.6297,-47.44468,401.64172,-26.196241,335.46652,-9.70562,293.3099,31.850676,204.80313,54.621723,163.18025,0.0033009711918381866,0.0,0.4243672,0,0
775.12195,139.0197,836.0062,83.68325,815.0058,201.9977,875.67194,136.86235,710.00806,80.24246,725.94183,91.20482,745.6449,104.687614,757.8825,111.42557,786.90765,124.877235,804.44055,130.89217,-55.69365,469.0349,-37.386593,409.0318,-15.127628,336.54282,0.4591318,296.18445,40.06145,207.56807,66.44587,159.22063,0.0024943867663303042,0.0,0.4243672,0,0
774.259,139.20987,835.6796,83.63243,815.17487,201.79909,875.5805,136.715,723.5441,75.82198,740.75757,88.525734,761.07526,102.83345,773.6796,109.44885,802.6328,123.912415,818.18054,129.83078,-18.103283,446.16293,-0.712463,380.9627,20.330189,306.9842,36.128094,266.911,73.1102,177.17836,95.35578,133.22557,0.002405757709627612,0.0,0.4243672,0,0
774.55554,138.41354,835.82886,82.8884,815.49554,201.09082,875.4841,136.27802,742.6478,73.95281,759.7366,86.743614,779.0523,101.28171,791.091,108.896126,820.7263,124.112686,835.9438,129.7998,20.057844,410.3959,36.97826,345.6615,55.714817,273.3815,69.19274,232.16246,106.91613,139.24226,129.2169,96.1528,0.002685485281504136,0.0,0.4243672,0,0
774.1872,137.99997,835.49713,82.747154,814.9359,200.74792,875.36053,135.71066,762.0379,77.29853,775.6976,94.75278,778.86536,97.04932,831.4426,123.65325,841.7475,131.70879,853.6739,133.03033,54.4752,365.30322,58.088886,294.95016,61.280266,283.13834,129.05452,116.596016,138.06267,78.49629,160.0294,51.040398,0.005013722046109384,0.0,0.4243672,0,0
773.98694,136.95045,835.072,81.9711,814.6474,199.77194,875.6497,135.29283,779.8898,86.65004,787.329,110.97127,796.93524,134.3504,808.0152,145.15962,838.4993,142.45346,854.28564,133.63612,77.593185,303.7889,58.98033,231.2447,46.832336,160.74634,54.013775,116.465324,116.15336,61.477474,159.76399,47.193893,0.030157358988002113,1.0,0.4243672,0,0
773.94617,136.78737,835.2862,81.69313,814.4581,200.37366,875.3482,134.39812,791.6774,90.65586,793.5377,115.49301,799.61847,143.03436,810.3867,154.80345,839.0401,146.61972,854.0818,133.37589,94.42791,270.24493,63.99736,208.28224,40.290607,136.83165,45.7834,91.98532,110.50568,51.114433,158.71742,46.563015,0.05016722678423057,1.0,0.4243672,0,0
774.0906,135.97498,835.3936,81.164085,814.50104,199.60661,875.6032,133.85533,792.6073,88.676506,794.2824,113.539566,799.8108,141.39041,810.9723,153.7303,840.52484,146.21725,854.1325,132.50653,98.061386,272.046,66.93232,209.8819,41.60426,138.43976,47.14794,91.607994,112.82446,47.866436,158.91187,47.322586,0.05357935073979035,1.0,0.4243672,0,0
773.9891,135.95996,835.35956,80.41297,814.789,198.80408,875.8264,133.39235,783.2597,82.85866,789.2935,106.68887,798.1005,132.38806,808.25824,143.63332,839.0712,141.68147,854.6691,132.20772,87.6852,303.51974,66.633865,234.59181,49.712223,160.34665,54.45667,116.900955,115.67584,59.283897,159.61856,46.334675,0.03521325695001819,1.0,0.4243672,0,0
774.281,136.09956,835.57214,80.20011,814.92865,198.6083,876.0254,132.85625,768.62195,73.90463,780.57513,93.74889,826.6892,126.50337,826.3914,129.35143,839.25183,131.54459,854.9704,130.94077,70.23324,357.71954,66.66063,283.6519,112.087875,115.32842,107.54521,109.981155,129.46956,79.098785,161.14706,47.82989,0.009833840924068839,0.0,0.4243672,0,0
775.1808,135.21576,836.294,79.33457,815.9826,197.64052,876.5013,132.68198,751.59155,65.32999,768.3972,79.08055,786.7027,93.2505,798.0517,100.26237,827.7795,114.3205,842.0422,118.30542,44.498707,410.53802,59.581104,341.91824,76.75325,270.77374,89.68548,231.4761,129.19073,139.39151,152.01645,101.39158,0.0037628657951066366,0.0,0.4243672,0,0
776.51184,134.50488,837.78796,78.84987,817.31134,197.25208,877.6982,131.93335,732.5168,59.21637,750.28125,74.12214,768.8063,87.15936,781.11285,94.315445,809.83813,108.431114,824.92346,112.6612,9.923226,465.5311,25.769533,391.73038,45.239693,322.6528,60.01587,280.96927,97.67446,190.61604,121.82483,150.43102,0.0033673618664618846,0.0,0.4243672,0,0
778.6847,133.43633,839.6118,77.60102,819.327,196.28648,880.18835,130.85393,719.32385,54.8331,736.01807,68.24884,755.1358,81.08528,768.5063,89.7829,796.16974,102.404465,812.14746,107.745,-17.476425,510.80923,-1.0362616,440.398,20.57373,368.40256,35.75751,319.73495,73.74068,233.6214,98.10116,188.8816,0.0030572772211703153,0.0,0.4243672,0,0
780.54065,132.48189,841.3037,76.712585,821.4004,195.76057,882.063,130.20654,713.1676,50.10692,731.1177,64.11165,749.9691,77.042534,763.7027,84.13844,791.796,97.67308,808.30695,103.322235,-29.193235,536.31415,-10.705651,461.4846,10.47673,389.6416,28.66274,344.09418,66.582016,254.74223,91.73456,208.198,0.002746984235477282,0.0,0.4243672,0,0
781.55334,132.27045,842.6729,76.258804,822.7822,195.5795,883.3268,129.81044,718.9085,45.915142,736.43805,60.637108,755.08,73.79675,768.7013,82.03224,796.647,95.65473,812.51636,100.97083,-13.006887,532.224,3.073919,457.6187,23.004454,386.67538,39.146538,339.12668,76.18331,250.74458,100.37961,206.50798,0.00316447110343832,0.0,0.4243672,0,0
782.09296,131.40453,843.1135,75.9013,823.05505,194.62903,883.8955,129.28662,731.40594,44.786945,749.4499,59.444397,768.07184,73.14473,781.1683,81.1753,808.8467,95.51619,824.9139,101.24851,11.267023,513.9689,28.565615,436.8714,47.8417,363.29422,63.31811,316.62274,99.06246,226.09958,123.21574,180.18767,0.0029458283640043936,0.0,0.4243672,0,0
782.1008,131.09888,843.6708,74.918175,822.8986,194.28876,883.2719,128.71098,750.8506,45.476334,767.2525,59.220078,785.3385,73.852554,797.519,82.143715,825.27136,97.665146,842.77893,103.327835,48.481937,463.00797,63.100796,395.0902,79.64236,322.85886,92.78974,278.62424,127.15261,186.6378,154.69875,137.971,0.0034479333959473234,0.0,0.4243672,0,0
,,,,,,,,,,,,,,,,,,,,,,,,,,,,,,,,,,0.4243672,0,0
,,,,,,,,,,,,,,,,,,,,,,,,,,,,,,,,,,0.4243672,0,0
,,,,,,,,,,,,,,,,,,,,,,,,,,,,,,,,,,0.4243672,0,0
,,,,,,,,,,,,,,,,,,,,,,,,,,,,,,,,,,0.4243672,0,0
,,,,,,,,,,,,,,,,,,,,,,,,,,,,,,,,,,0.4243672,0,0
,,,,,,,,,,,,,,,,,,,,,,,,,,,,,,,,,,0.4243672,0,0
,,,,,,,,,,,,,,,,,,,,,,,,,,,,,,,,,,0.4243672,0,0
,,,,,,,,,,,,,,,,,,,,,,,,,,,,,,,,,,0.4243672,0,0
,,,,,,,,,,,,,,,,,,,,,,,,,,,,,,,,,,0.4243672,0,0
,,,,,,,,,,,,,,,,,,,,,,,,,,,,,,,,,,0.4243672,0,0
,,,,,,,,,,,,,,,,,,,,,,,,,,,,,,,,,,0.4243672,0,0
,,,,,,,,,,,,,,,,,,,,,,,,,,,,,,,,,,0.4243672,0,0
,,,,,,,,,,,,,,,,,,,,,,,,,,,,,,,,,,0.4243672,0,0
,,,,,,,,,,,,,,,,,,,,,,,,,,,,,,,,,,0.4243672,0,0
,,,,,,,,,,,,,,,,,,,,,,,,,,,,,,,,,,0.4243672,0,0
,,,,,,,,,,,,,,,,,,,,,,,,,,,,,,,,,,6.6889634,1,1
