Top_left_x,Top_left_y,Top_right_x,Top_right_y,Bottom_left_x,Bottom_left_y,Bottom_right_x,Bottom_right_y,FR1_x,FR1_y,FR2_x,FR2_y,FG1_x,FG1_y,FG2_x,FG2_y,FB1_x,FB1_y,FB2_x,FB2_y,tf_FR1_x,tf_FR1_y,tf_FR2_x,tf_FR2_y,tf_FG1_x,tf_FG1_y,tf_FG2_x,tf_FG2_y,tf_FB1_x,tf_FB1_y,tf_FB2_x,tf_FB2_y,Bending_Coefficient,Bending_Binary,IFF,Spikes,Spikes_Filled
567.5041,258.65735,681.6994,240.57278,583.7186,363.5719,702.98016,331.79916,538.91205,221.94576,548.85486,250.7317,561.9577,271.54944,582.24615,290.25662,607.79865,295.51068,633.291,293.8849,-34.916073,282.472,-26.167522,221.44597,-11.262473,176.44112,14.765102,133.2867,52.74938,113.47626,94.20396,106.46027,0.015313212828408817,0,3.1269543,1,1
566.9491,257.76477,681.18774,241.40265,583.2913,364.41684,702.3321,332.21506,543.1185,230.76443,549.61395,262.8653,559.36127,285.0254,580.40875,302.20297,606.7682,302.84152,631.3013,296.01294,-29.26162,259.70193,-26.391447,194.96222,-16.9985,150.03914,9.677604,110.86248,49.168316,99.77747,90.175476,103.32516,0.021176144323292814,1,3.1269543,0,1
566.20654,258.3666,680.1072,241.89359,582.42566,364.93567,701.3363,332.6594,545.2861,236.189,550.60077,268.96826,559.2081,292.6012,581.01825,309.46774,605.91235,306.81522,630.8465,296.18524,-26.15536,249.57817,-25.108263,183.94388,-17.608198,136.77219,10.223739,97.88825,48.289196,93.19955,91.08161,103.727196,0.024108718403617915,1,3.1269543,0,1
565.64154,259.23895,679.328,242.30597,581.6412,365.43124,700.70013,333.32123,545.47284,239.42715,551.024,272.0931,559.7764,296.27948,581.87006,312.67203,606.36926,308.7593,630.6201,297.31335,-25.831415,245.11107,-24.332775,179.35829,-16.62349,130.91226,11.960314,92.56641,49.961987,90.196465,92.0222,102.43906,0.02477171419521991,1,3.1269543,0,1
564.54724,260.43552,678.4226,243.93242,580.8488,366.7006,699.644,334.6181,544.0639,240.00197,550.00244,272.1593,558.84375,295.92175,581.46985,312.8418,605.58514,309.4408,629.37256,299.36612,-25.87771,246.05933,-23.878258,181.46213,-16.113232,133.89337,12.948525,94.48823,50.189285,91.43307,91.07719,101.32219,0.024060675811085886,1,3.1269543,0,1
563.4369,262.82144,676.89435,246.02455,579.71027,368.63446,698.3832,337.1087,542.1804,239.97151,548.1638,271.88315,557.3263,295.7452,579.53534,313.01562,603.26465,310.96036,627.82623,301.53378,-26.854609,251.56076,-24.700712,186.79324,-16.375956,138.51144,12.355522,98.4071,48.96196,93.08103,91.065025,101.48218,0.023524063098443845,1,3.1269543,0,1
562.0442,264.77463,675.4081,248.5942,578.36224,370.8623,696.85223,339.56363,539.30005,238.41061,546.5324,269.86508,556.81165,292.07437,578.4529,309.9286,603.37146,309.76932,627.82294,303.1735,-28.24472,258.68222,-24.1519,194.40923,-13.859778,148.8331,13.987889,107.93827,52.106644,98.92903,93.43906,102.202675,0.020763177847139463,1,3.1269543,0,1
561.2535,267.98413,673.65063,250.70828,576.10223,373.71152,695.5657,341.71375,536.07227,232.90712,546.3594,262.05453,560.56415,282.33755,579.08655,301.57632,603.5559,305.7438,627.0385,303.53656,-31.539011,279.65594,-21.469166,216.48244,-4.1003313,171.63513,19.830303,127.8433,56.930405,110.54613,95.747604,105.534164,0.016264088512094342,1,3.1269543,0,1
557.4401,272.68317,669.9084,256.1951,572.70044,379.18787,690.6403,347.2546,512.8111,200.75314,531.8559,221.1074,549.415,237.1555,570.3945,256.87247,592.9145,272.6863,608.96936,283.04407,-53.196686,358.3538,-28.235722,311.78995,-4.5707045,274.43045,23.79599,228.31905,55.96155,189.31181,79.5225,162.93538,0.0027195314462392537,0,3.1269543,1,1
559.3593,286.3578,669.6697,269.34506,573.3059,391.63068,690.92804,360.06003,536.89514,251.24146,546.916,280.42084,559.93744,301.30997,579.8428,319.30292,604.8569,324.77472,628.84924,322.37094,-28.429323,279.7982,-18.22539,215.91724,-2.1727192,169.80904,24.95649,127.56102,63.614746,107.309586,104.378296,102.33399,0.01616866441256482,1,129.0322571,1,1
557.0755,286.99207,668.70166,269.39316,572.28357,391.54044,690.2606,359.7155,541.09515,260.6126,547.5907,291.84137,556.3867,313.759,578.0791,331.49585,603.9723,331.83817,628.31866,324.29382,-19.018988,259.2127,-15.591494,193.28673,-6.92463,147.3001,22.012981,105.2329,62.54692,94.12621,104.963356,98.74437,0.021709467971918937,1,156.25,3,1
555.5432,287.41617,667.85205,269.4877,571.3414,391.60956,688.8697,359.9639,542.0816,264.34143,547.58887,296.57715,555.5859,318.85995,577.24286,336.37827,602.99207,334.15756,627.9377,323.89474,-15.467896,251.05345,-14.194519,184.37096,-7.0985985,138.40053,21.54344,96.858444,62.404217,90.517784,106.63117,100.13151,0.02361515630351577,1,64.102562,2,1
555.0202,287.56802,666.8791,269.4487,570.4108,391.63632,687.65533,359.96655,541.6851,263.88196,547.9846,296.3743,556.08655,318.39093,577.439,336.10983,602.5363,333.89624,627.2328,323.63025,-15.375077,252.49039,-12.760944,184.76144,-5.2855062,139.07112,23.151186,97.0675,63.231625,90.89912,107.20636,100.5731,0.023980273953718708,1,41.6666679,1,1
554.7135,287.32092,666.03265,270.0651,569.8058,392.25717,687.58234,360.72934,541.11566,262.39923,548.72424,294.11237,558.01984,317.34763,579.08124,334.31424,602.505,333.1832,626.4147,324.81873,-15.751859,255.32219,-10.707953,188.27374,-1.5352811,139.73117,26.780321,99.53625,64.02037,92.286026,106.13397,98.76042,0.02331599609655953,1,31.4960632,1,1
555.7707,287.5644,666.11115,270.87515,569.7967,393.11636,687.11676,361.50046,541.22,259.77475,549.6386,290.34586,560.124,313.54675,580.5157,331.249,603.5686,332.06146,626.0005,326.00977,-17.231333,261.65833,-10.088683,196.27309,1.3796194,147.1374,29.05181,105.75502,65.575516,95.08564,104.77273,97.72695,0.02224949683707783,1,21.5517235,1,1
554.41266,289.03955,666.3728,272.51443,569.64716,394.22043,687.0709,362.77924,540.99866,255.67169,550.015,285.7258,561.6891,306.9034,582.8306,325.56696,604.0717,329.7474,626.2885,325.93945,-13.374048,272.01035,-5.9998717,207.9328,7.130644,162.35693,35.320274,118.71073,67.98561,102.456665,106.029884,101.03489,0.01945241893990454,1,7.3179655,0,1
553.8887,291.8131,665.7186,274.2974,569.7925,396.84262,686.6827,364.455,524.03094,226.62009,542.16,246.75703,558.0782,263.08203,577.57166,282.1044,597.6093,298.58618,613.5031,308.3421,-31.444092,343.28125,-7.7229652,296.21365,13.46511,257.6975,39.772427,212.36458,67.8918,171.76834,91.49342,145.98816,0.003155665455002138,0,7.3179655,1,1
564.45166,289.64453,677.7154,271.44016,580.70807,394.82922,698.88776,362.4273,548.88184,246.18637,558.97076,273.55508,571.595,295.4518,590.2481,315.43958,616.512,322.86847,640.85803,323.03168,-13.753715,293.1837,-4.5911255,233.95953,9.517284,186.16792,33.260174,140.40881,72.86215,115.717834,113.156334,105.34045,0.0158268801075685,0,1.4626298,0,0
566.4318,289.0637,677.8249,271.735,581.1344,394.81882,699.58905,362.65384,554.9978,257.22424,560.2423,288.64923,568.405,311.84705,589.04974,330.2515,615.2217,331.78442,640.5748,324.43314,-11.102488,269.42892,-9.458959,202.76947,-1.8138989,154.28462,25.664713,111.4595,66.54567,98.15608,110.85614,102.09416,0.023061679365017206,1,1.4626298,0,0
566.4217,288.47723,677.5262,271.78525,581.1037,394.73672,699.48596,362.8067,557.89417,262.14655,561.897,293.6604,569.52167,318.1598,591.1282,336.45755,616.26135,334.50653,640.7724,324.0811,-7.731029,256.8394,-8.052506,190.99184,-1.5115361,140.7501,27.324778,98.2754,67.3896,92.01363,111.33627,102.35334,0.025609805451159488,1,1.4626298,0,0
564.13965,288.05246,677.85876,271.5348,581.38934,394.49994,699.3628,362.12195,560.25024,264.26968,564.9136,297.07938,571.8567,321.46024,592.86664,339.37186,618.0961,335.78784,640.945,324.02438,-0.053651642,248.47722,-1.0206205,182.19545,3.370758,133.55823,30.08917,92.433975,70.16746,89.06977,111.53923,102.61625,0.028412694168076794,1,3.6805301,1,1
564.2165,287.99667,677.8643,271.40295,580.9824,394.4795,699.564,362.32843,560.9344,265.60507,565.35455,298.62903,572.9511,322.27243,593.30194,340.43472,618.0997,336.50037,640.9223,324.0964,0.37106255,245.79793,-0.7977266,178.88234,4.9069047,131.32364,30.771326,89.95854,70.27358,87.43985,111.70293,102.24457,0.02893597575502088,1,3.6805301,0,1
563.4665,288.4389,677.7759,271.76617,581.2151,394.4698,699.6005,362.31473,561.2256,264.96448,565.7208,298.0484,573.6403,322.12918,594.88184,340.7013,618.9099,335.79105,640.94775,324.2118,2.5515356,247.49222,0.95485765,180.59653,6.631749,132.07106,33.378838,89.46882,71.99584,89.08429,111.93254,102.68188,0.029038504760405093,1,3.6805301,0,1
562.8848,288.9301,677.8457,271.60806,581.409,394.6055,699.81946,363.1743,562.0516,262.86862,566.79016,297.01312,575.9409,320.2302,596.5634,337.5856,620.28,334.84195,640.9603,324.63605,5.675705,251.97308,3.706934,183.12825,11.187927,135.77763,37.42981,95.55586,75.24506,91.339836,112.549446,102.8327,0.02857065710660251,1,3.6805301,0,1
563.01355,289.94363,677.92267,271.57056,580.95605,395.0567,699.43024,363.00885,562.8264,259.33267,567.8041,291.75418,578.8115,315.00226,597.90826,333.64792,620.9673,333.09332,640.8453,324.36224,7.7117224,261.2709,6.7356043,194.94112,17.206852,146.17781,41.14597,103.439575,77.50226,95.09521,112.99411,103.864395,0.02791687378733753,1,3.6805301,0,1
563.4039,290.32663,677.0951,272.68732,580.05145,396.08627,698.86304,363.7798,561.4632,254.15718,570.16223,285.89868,581.60645,308.42963,600.16425,326.8188,621.2516,329.72348,640.3675,324.83667,5.834897,274.36935,11.375047,206.76222,23.231289,158.47038,47.017975,116.10997,79.66269,102.14625,112.852615,103.88796,0.02439607669079885,1,3.6805301,0,1
562.0002,290.1285,675.13086,271.92065,578.3678,395.90204,696.46045,363.11298,535.7177,216.85344,553.67004,238.65065,570.7997,255.33612,592.7027,274.90073,614.59375,291.5666,632.59985,301.73077,-23.528286,358.83536,-0.57294357,308.11026,22.355034,268.47287,52.338898,221.19745,83.493,179.4505,110.664314,151.92236,0.003634332324373369,0,3.6805301,1,1
561.6027,294.0393,671.4699,277.88962,575.6871,400.574,692.6485,368.23038,545.0476,257.14154,552.83453,285.89447,564.0431,307.47,583.6963,326.2647,609.85474,332.13214,634.9077,330.55518,-18.558815,281.09488,-11.957989,219.02715,1.022423,172.4867,27.444519,129.17886,67.89367,107.907616,110.62021,100.89251,0.017742128624938628,1,68.4931488,1,1
561.3671,295.89233,672.1299,278.5084,576.65857,400.72162,693.28625,368.80362,550.2498,267.50244,553.0472,297.6409,560.76416,321.4228,581.90436,339.54837,609.00256,339.95517,635.30145,332.3969,-11.023604,261.6926,-13.2187195,199.11572,-6.576756,149.91418,21.603594,107.39862,64.3943,95.65871,110.68944,99.44661,0.022397517519197045,1,68.4931488,1,1
562.93066,297.32172,673.19617,279.47656,577.7033,401.18326,694.6264,369.33124,554.78394,272.96902,555.8827,304.8581,561.244,328.37366,583.5302,345.47043,610.13226,343.91077,636.6944,332.7833,-7.487245,253.41582,-12.6007,187.08315,-9.305834,138.92442,21.02547,97.55569,63.560497,89.44606,111.40094,99.999825,0.023544258990224765,1,34.6020775,1,1
562.7807,298.45856,673.4338,280.69434,577.7624,402.14563,694.63104,370.4642,555.5051,275.73474,556.84625,307.62146,562.51184,330.11218,583.89813,347.74402,610.4225,345.79352,636.6749,333.97308,-6.344366,249.49004,-11.212766,183.4682,-7.365663,137.3285,21.34001,95.31389,63.768536,87.99253,111.2378,100.09989,0.02453138023480188,1,34.6020775,1,1
562.54376,299.40588,673.32837,282.00574,577.7666,403.2739,694.87366,371.5204,554.7983,275.92453,557.9031,307.74762,563.8433,330.41672,585.731,347.74667,610.83594,345.6863,636.8893,335.08505,-6.8107677,251.22417,-9.02622,184.6392,-4.9174743,138.00755,24.478836,96.42489,64.662285,90.0202,111.4239,99.93748,0.024534535346652706,1,30.3490143,1,1
562.5287,299.5312,672.8112,282.72226,577.5437,403.65417,694.19995,371.8598,553.3788,273.8942,558.88873,302.61703,565.6285,326.92975,586.4695,344.7103,611.4048,344.3174,637.0274,335.39673,-8.63181,256.14786,-6.32023,194.86148,-1.2947892,144.37029,26.576233,102.28505,66.272446,92.91139,112.06287,99.84324,0.02426136164415354,1,5.2882075,0,1
562.6451,299.4631,672.708,282.9257,577.4773,404.1911,693.9082,372.53827,553.3295,270.0034,560.12225,299.1549,569.04004,322.45248,589.3541,340.22394,612.8733,341.9281,636.5302,335.48395,-8.185117,263.98953,-3.8599944,201.39424,4.82033,152.07921,32.22884,110.193306,69.517044,97.54286,111.43246,100.53024,0.023155365735335793,1,5.2882075,0,1
562.1317,300.38766,673.7043,283.06052,578.56165,404.4451,694.77295,372.91916,553.4384,262.78293,562.8668,290.50128,574.2395,310.67166,593.5753,329.85718,616.71985,336.06604,638.09875,335.6949,-4.3435426,279.89728,3.5693946,219.76826,16.205769,175.53186,41.52301,130.71513,77.17857,109.41399,113.34776,101.29833,0.01786534352683873,1,5.2882075,0,1
564.9286,299.28284,676.0589,282.09967,580.74304,404.0122,697.19006,371.11194,527.1795,226.85303,546.195,247.47522,562.87555,264.36868,584.3739,284.22922,604.53436,298.82828,623.6337,311.0224,-42.13757,361.83945,-17.16336,313.22607,5.0739384,273.065,34.380848,225.0918,63.301575,188.09842,91.6647,155.90187,0.0031055493043749775,0,5.2882075,1,1
563.81964,300.458,674.9541,281.9472,580.2194,403.17908,696.09796,371.23654,546.4052,259.15585,557.37555,285.71875,570.6687,306.54877,589.5115,326.18558,612.5396,331.9149,633.93506,332.73346,-17.132767,291.2307,-6.4005475,232.24832,9.147383,185.32742,33.62261,139.07147,69.1565,118.36679,104.75309,107.61316,0.015607832876500551,0,1.5478678,0,0
566.82434,298.94675,675.57605,283.08218,581.11053,403.75867,697.02795,371.83737,555.03864,273.29514,563.3655,304.1393,572.66254,327.87018,591.5868,344.34747,614.5176,343.41238,635.30005,334.8008,-13.215579,257.11703,-6.4808083,190.45578,2.902934,140.32433,28.491495,101.59301,65.44155,94.19925,103.13099,102.68196,0.026430622098281047,1,49.5049515,1,1
567.0911,300.19644,676.9651,282.65207,582.17554,403.44183,697.89886,371.61612,558.6715,276.92426,564.9741,310.22733,574.1384,333.86688,592.85175,351.45038,616.3132,346.5843,636.5485,334.4734,-7.983149,251.0551,-5.558454,180.38852,3.2590737,130.50526,28.018013,89.288124,66.79503,88.67389,104.55806,104.01981,0.031093943880027786,1,49.5049515,1,1
567.9109,301.1451,677.50446,283.34564,582.9053,404.0582,698.3531,372.19382,560.1285,279.7947,565.0374,313.84726,572.4094,337.74457,592.7311,355.48038,617.148,349.58853,636.4182,334.5259,-7.4524894,246.97104,-7.3380547,175.25476,-1.2763855,125.61292,25.92867,83.4316,66.49038,84.15755,103.57792,105.68977,0.034102026906791844,1,24.2130756,1,1
567.51624,300.8715,677.5226,283.617,582.8778,404.20505,698.7565,372.59766,560.2837,282.23975,563.0396,316.96594,569.79755,340.90466,590.8155,357.78552,616.0481,350.76276,636.62555,334.913,-7.062829,240.86115,-10.555366,169.10555,-5.5528383,120.17435,22.536964,79.83816,64.32077,82.49496,103.70908,105.07437,0.03281446049631865,1,6.1481709,0,1
567.54956,301.35547,678.3326,283.36673,583.1634,404.8413,699.31445,372.56223,560.8583,282.9661,562.59656,318.01395,568.3886,341.964,590.04126,359.55615,615.45795,351.87604,637.1733,335.18073,-6.1431303,239.92125,-11.377337,168.42725,-7.9367166,120.07788,20.673267,78.11328,62.588543,81.62819,103.85179,105.064476,0.03210042680013326,1,6.1481709,0,1
568.63055,302.04758,679.18396,283.66666,584.16705,404.69556,700.0686,373.0195,561.9127,282.19778,563.5323,316.90356,569.29834,341.34464,590.6902,358.73544,616.3596,351.64258,638.306,335.24832,-5.8926153,243.26039,-11.337039,171.89308,-8.023559,122.13596,20.556278,80.32203,63.061226,82.7214,104.79084,105.61262,0.03183737201885922,1,6.1481709,0,1
569.63196,301.654,680.1049,283.71982,585.1496,404.58676,701.25903,373.01257,561.59924,278.211,564.6032,312.48608,571.1111,336.38812,592.5721,354.4283,616.8018,349.25024,639.55884,335.3829,-7.1489754,251.26292,-10.298033,179.81822,-5.7212234,130.58055,22.881931,87.53739,62.654507,87.16989,104.96484,104.87612,0.030306820662862482,1,6.1481709,0,1
571.09204,301.21616,681.1991,283.9395,586.0741,404.6368,701.89825,373.03635,558.74646,269.64655,564.834,300.2467,574.8543,324.22824,592.98706,342.47195,617.62585,343.31262,640.8855,335.59644,-12.374252,269.55466,-9.527658,203.9625,0.65949816,152.6498,24.505947,110.295494,63.64637,98.62248,105.05424,104.198425,0.025282962531192006,1,9.5147476,1,1
572.3846,303.83835,683.261,285.7683,588.2809,407.0749,704.5074,375.2939,525.16785,221.50757,544.55237,241.41682,561.6322,256.60913,583.43365,275.19095,604.75037,289.46982,625.6857,299.69412,-55.46434,388.30148,-29.26087,340.0594,-5.6006665,302.6774,24.96723,256.4722,56.227013,219.26071,88.612076,190.27988,0.003202546372666656,0,9.5147476,1,1
579.2877,301.61703,689.6596,283.8051,595.8463,404.30032,711.0572,372.82047,679.6449,282.72742,576.7551,292.4208,576.9226,294.20062,629.15485,338.96997,637.97644,337.54498,645.6686,338.4087,180.94412,206.13217,-1.6491503,219.6313,-1.8344898,215.91695,69.49138,106.39237,84.62778,105.51299,97.33603,100.4936,0.020199514055941708,1,0.2365464,0,0
581.5783,300.7001,691.4635,283.74313,598.0364,403.69235,712.99,372.32867,681.3102,284.74228,578.8588,289.97385,579.5564,293.26285,643.78046,367.21585,645.3492,301.06656,652.69135,310.65918,179.49701,201.30034,-1.5803667,222.86783,-1.3070865,215.86331,80.61163,44.70817,105.95214,177.84344,115.442184,154.6288,0.01815309678637213,1,0.2365464,0,0
586.84033,296.6219,697.96063,278.8028,603.727,399.27704,719.36273,367.10233,690.4098,277.71548,582.1419,286.34894,583.0482,289.0731,719.771,361.99158,690.7419,283.11835,596.27875,306.73386,185.72371,205.27443,-4.6507444,222.47035,-3.936932,216.59944,203.08061,10.050764,183.88501,192.78636,11.97867,176.3882,0.01665863795783758,1,0.2365464,0,0
588.4333,292.2025,699.28625,273.78827,605.0124,394.8465,720.8086,362.40857,692.5196,273.96915,586.6194,278.85297,593.84827,326.3151,633.70386,327.7561,648.2214,327.70877,650.7656,328.28665,186.7079,202.15994,0.5358331,228.05171,-0.14363399,130.4322,61.97243,111.34366,85.91031,105.19167,89.97632,102.91996,0.01710229604149846,1,0.2365464,0,0
589.1378,297.17422,698.0706,279.23083,604.0024,399.44717,719.206,367.83765,496.38715,275.2304,503.36197,306.88544,514.7569,328.30237,540.24963,346.32098,568.2052,341.4386,597.3224,330.06265,-134.449,272.69055,-127.99044,208.43669,-114.73334,164.29393,-81.86011,121.89767,-41.07788,120.29707,5.2913394,130.77742,0.01703255387536812,1,0.2365464,0,0
589.83344,296.83707,698.69635,279.20316,604.628,399.57016,719.72797,368.0373,502.0951,281.02844,505.74622,311.52325,517.2827,333.36624,542.20496,351.96976,569.42004,344.03317,597.6601,329.2247,-127.79837,258.2279,-125.86611,197.98207,-112.538475,153.51985,-80.708824,110.67101,-40.70621,114.8376,4.9128866,132.18686,0.019309420661029093,1,0.2365464,0,0
589.5247,296.85104,698.82733,278.95868,604.6637,399.42578,720.2199,367.5794,504.15475,282.21317,510.32465,312.1227,522.1444,334.6156,547.40454,350.99567,572.918,342.90497,596.7305,329.2633,-123.93409,255.63095,-118.73383,195.61021,-105.27721,149.63803,-72.768074,110.43342,-34.963867,115.48784,3.7395558,132.2975,0.020672750348364008,1,0.2365464,0,0
589.27295,297.19916,698.3349,278.68723,604.49384,399.15253,720.60205,366.9918,499.90674,273.25064,513.4971,303.85242,528.1307,325.08514,551.26965,339.7478,575.6785,336.56512,599.54926,330.0817,-130.02869,277.84723,-114.164955,212.12349,-96.25113,166.11835,-65.63159,129.86656,-29.459702,126.38047,8.331191,129.42532,0.015009312254811454,0,0.2365464,0,0
584.10297,297.3459,694.65674,279.54602,600.00525,399.6848,716.163,368.28635,532.7104,246.69385,537.2923,278.20718,547.7083,301.41006,571.02954,319.11377,600.29755,317.43036,629.67883,309.20172,-68.1085,321.05356,-66.98461,253.50839,-55.945953,203.56155,-24.978449,160.81992,20.384178,153.55507,70.5242,159.36905,0.01778325302790009,1,0.2365464,0,0
584.2363,297.10205,694.4779,279.2545,599.69006,399.53778,715.6503,367.84106,536.8949,251.56348,539.35364,283.737,546.5907,306.42538,572.30914,325.10367,600.37964,320.4608,629.15393,308.60516,-63.33409,309.25183,-65.326065,241.25726,-58.711838,193.63042,-24.427813,148.26016,19.6434,146.94908,69.752625,160.20392,0.019714477912984862,1,0.2365464,0,0
584.5808,296.82385,694.9853,279.07193,599.2931,399.48108,715.737,367.79565,536.81714,248.0954,539.79114,281.36963,549.26025,304.1,572.6216,322.4494,600.8731,319.33575,628.9022,308.30777,-64.017235,316.37234,-65.01589,245.46811,-54.86675,196.83336,-23.678629,152.815,20.346323,148.56955,68.86684,160.53215,0.020304301612117152,1,0.2365464,0,0
583.50574,296.58496,693.924,278.4257,599.83496,398.70303,715.45776,367.05655,533.3992,240.68883,540.4483,271.04034,551.31055,294.54553,573.8475,312.60645,601.0366,313.79224,629.11664,307.84924,-64.69908,331.97327,-60.041664,265.81122,-48.584602,214.63962,-18.70778,171.06985,23.145761,158.80437,70.72766,160.33351,0.017736271227645862,1,0.2365464,0,0
578.23444,286.77237,689.18066,268.30545,593.9883,390.27588,710.6388,358.5675,555.4861,204.23315,565.185,235.23868,577.25085,257.74802,598.8017,277.6606,626.52655,284.07715,653.11426,283.17368,-16.853504,384.921,-8.445744,312.80103,5.5172663,260.70868,35.295788,211.83932,79.73234,188.67596,126.515755,180.75015,0.015604129173708662,0,0.2365464,0,0
578.91614,286.845,690.319,268.53366,594.8402,390.3983,711.27405,358.46564,557.8211,209.56245,564.67053,241.88844,574.4205,263.90552,597.2563,283.86456,625.32,287.81354,653.8554,283.50668,-14.969559,370.54428,-11.666483,297.7966,-1.5255687,248.4889,29.737349,199.92981,74.813416,181.93248,125.80526,180.54378,0.017592091748941458,1,0.2365464,0,0
580.1128,287.16418,691.2802,269.36996,595.58765,390.9031,712.171,358.8966,559.38434,209.76585,567.7741,241.02856,577.8633,263.47632,600.78107,282.50204,627.6383,287.2868,654.63525,283.5954,-14.952327,371.74405,-8.707546,300.32425,2.027803,249.62685,33.89774,202.80704,77.00251,183.62778,125.332214,181.75813,0.017265556859157278,1,0.2365464,0,0
589.19025,271.55676,702.3384,254.39171,605.7606,375.1803,723.41394,342.7769,607.5431,197.88014,612.86774,230.11868,621.64575,252.16289,641.0319,273.1254,668.9014,279.1092,694.6,277.1376,49.21297,355.2838,48.363335,281.01205,56.184284,230.66747,81.71495,179.95992,127.48227,157.21204,174.98045,151.56041,0.021276054195646387,1,0.2365464,0,0
589.9268,270.53427,703.5581,253.5124,606.0588,374.88092,724.092,341.70886,609.44464,201.075,612.02905,234.54543,619.955,256.52426,640.939,277.52533,669.2053,280.42563,696.50745,276.41168,48.766743,344.71002,43.410843,269.1896,50.001793,219.93462,77.974236,169.16557,125.11805,152.73257,176.33055,150.81671,0.021169513568037056,1,0.2365464,0,0
590.11865,269.73846,703.42993,252.70564,605.7435,373.63724,723.8362,340.6492,610.85547,200.44794,614.3841,233.71693,621.91974,255.32649,641.83923,275.5417,669.6121,279.24377,696.3895,275.58362,50.636337,345.40817,46.975143,269.27286,53.16665,220.38289,79.90993,171.1492,126.1819,153.11127,176.38892,150.62436,0.02203779013138894,1,0.2365464,0,0
589.4175,269.30783,702.6304,251.80536,605.7883,372.63242,723.5847,339.70145,612.1298,195.30566,619.07886,225.66426,627.07556,248.6243,646.7195,268.6455,670.8152,275.38074,695.36206,274.5237,56.438354,355.93533,58.75611,284.6895,64.9807,231.84357,91.44668,182.37636,130.78278,159.05443,175.86745,151.23355,0.022089146239334292,1,0.2365464,0,0
591.87964,268.81168,703.8781,250.79645,608.3763,371.84494,725.90546,339.08966,612.3256,213.79485,621.63293,242.17345,632.7606,264.5278,647.6082,285.05225,671.8545,297.5217,692.1345,302.4957,48.04313,313.5669,54.8483,247.1019,66.318855,195.11143,84.342316,146.50778,121.11285,110.69844,154.80153,91.334076,0.019420168105407556,1,0.2365464,0,0
591.9774,268.75467,704.37585,250.48625,608.6472,372.06693,726.20276,339.003,612.975,223.96529,617.6136,256.84677,625.6759,279.97324,644.126,300.00824,668.7633,306.79654,693.7829,304.76297,45.611572,289.25464,43.39801,216.27284,49.564747,165.36047,73.21272,117.57623,111.809326,93.269554,156.1051,85.92044,0.02462846333997731,1,0.2365464,0,0
592.9365,268.46698,704.3313,249.80948,609.12726,371.62216,726.5331,338.8635,614.98706,230.33119,618.0007,265.32233,624.29755,288.32526,643.8089,307.32944,668.9708,309.42783,694.79767,303.55756,45.913258,274.50745,40.565548,197.79155,44.10825,148.19896,69.879005,102.31202,110.892006,86.99877,158.09479,86.96843,0.026172841393555257,1,1.6739203,1,1
593.77423,267.48944,705.0707,249.53758,609.62616,370.82227,727.07855,338.4889,615.3988,232.63884,618.5792,267.65268,625.0814,289.68372,644.62213,308.60764,669.823,309.88922,695.60223,303.66287,44.046864,267.78146,39.20954,191.28024,43.48016,143.8177,69.3846,98.3254,110.74374,84.79918,158.07596,85.71641,0.025785210527968457,1,1.6739203,0,0
594.15326,267.4582,705.5613,249.26633,610.43054,370.47208,727.9085,337.35422,614.50244,227.44858,620.4309,259.55972,630.2511,281.87738,652.48975,301.9617,671.9097,304.80136,695.3693,302.45947,43.471554,279.9857,43.673847,207.65663,52.977222,157.43538,82.96257,107.60811,114.544495,93.29895,156.49805,87.266624,0.022661358665193632,1,1.6739203,0,0
609.61926,269.19028,721.14795,250.66112,626.0653,371.80783,743.50214,338.64465,617.707,254.44475,625.2063,285.04916,633.92554,307.64627,652.31433,327.13074,676.6125,332.2029,701.1351,330.48148,16.402258,228.15692,20.018002,162.10391,27.469229,113.87388,50.502834,68.39915,87.52342,47.316025,128.81174,38.53549,0.022348899505514892,1,1.6739203,0,0
609.94226,269.70682,720.6408,250.75293,626.22687,372.26135,743.3557,339.06308,618.0198,264.08655,622.0087,295.81735,629.2205,318.0947,649.43866,336.96857,674.2717,338.4536,701.64734,331.34677,14.127257,208.8594,12.130896,142.7086,17.487339,96.50668,43.419865,51.923824,82.09929,37.24363,129.90012,37.1819,0.023455980231590366,1,1.7622699,1,1
609.80164,269.71698,720.3272,250.67572,625.59753,372.08273,743.1436,338.76703,615.8074,269.72653,620.172,299.57785,627.2055,321.94315,648.65326,340.75623,673.3897,340.1431,701.5618,331.19928,9.415291,197.81691,8.795142,135.60214,14.026726,89.48577,41.81848,44.606003,80.75372,33.807827,130.31367,36.78265,0.022416082724791123,1,1.7622699,0,0
608.82855,270.1124,720.2973,250.56354,625.17737,371.5679,742.5866,338.41116,614.1888,266.88177,619.61633,297.231,627.55383,318.32834,648.96295,336.3834,674.2006,337.92435,700.9799,331.0197,9.176588,204.78166,9.781158,140.85063,16.487133,96.31739,44.3828,52.22406,83.65669,37.039547,130.27225,36.872498,0.021019638009441215,1,1.7622699,0,0
607.1185,270.02417,719.3905,250.60428,624.4721,371.946,741.7308,338.70267,611.5207,256.32184,621.0326,284.47537,632.802,305.80807,652.6468,323.7481,676.0927,330.18784,700.17615,330.6024,10.465375,226.87677,17.515163,165.54234,29.722311,118.42647,55.311745,74.823364,90.66162,51.246433,130.49171,38.375175,0.016472883620531797,1,1.7622699,0,0
598.43945,266.25308,710.82446,247.60638,616.1273,369.45782,732.9457,335.30695,578.131,257.48724,585.48645,288.50412,596.4815,312.76556,615.61664,332.90665,641.6794,338.99463,668.3598,337.83203,-27.90776,224.17766,-24.415218,160.70023,-14.323899,110.54739,8.317034,65.11463,45.416748,41.65152,87.518394,30.474943,0.019368463577547176,1,1.7622699,0,0
598.7265,265.96805,711.1564,247.05928,616.5344,368.5636,733.56976,335.03195,582.51843,268.1573,583.84906,303.64874,591.2347,327.4532,612.6092,346.59543,640.86584,346.48853,668.9905,338.26187,-24.701189,201.07019,-31.003609,131.8069,-25.961607,84.72836,-0.16086592,40.6123,41.46702,27.261166,87.87532,28.504866,0.02240550563455542,1,31.2012482,1,1
599.793,266.58896,711.6674,247.25932,617.33606,369.0069,734.03656,334.90707,584.35315,273.70737,583.57074,310.13663,589.97864,333.33505,613.36414,351.7315,641.0693,349.2824,669.7381,338.3204,-24.80965,191.1244,-34.16669,121.28326,-30.24325,76.01269,-1.450049,32.279427,39.89281,23.015226,88.00193,28.698263,0.021217474501673706,1,31.2012482,1,1
600.96466,267.05222,712.69635,247.67068,618.5343,369.2851,735.058,335.77332,584.16077,273.64874,584.63416,309.52615,591.4355,332.74927,615.888,351.43076,642.68134,349.01178,670.9632,338.48187,-26.906708,192.65819,-34.420277,123.2353,-29.93547,77.57968,0.61056435,32.77232,40.994965,24.069471,88.63873,29.390776,0.021266547465257416,1,15.5159035,1,1
602.3273,268.33716,714.14594,248.99266,620.0275,370.1471,736.1896,336.67078,582.0741,270.78458,586.6873,303.68106,595.3018,326.64792,617.04584,345.65894,644.2615,346.6873,672.5095,339.44495,-30.932386,202.10677,-31.871956,136.33537,-24.849754,89.78482,1.855137,45.15109,42.158394,30.051634,88.902596,29.339409,0.020726003090562762,1,0.9491268,0,0
603.5701,268.72833,715.14014,250.30089,620.6962,371.62323,737.38904,338.31024,581.1822,261.1862,590.1013,289.5555,602.80304,313.51294,622.95135,332.0555,647.3048,338.91006,672.20294,339.76672,-31.805508,222.55382,-25.06801,163.28783,-12.059548,112.661255,13.002588,69.54793,47.943157,45.640865,86.95475,31.8962,0.016399049955128465,1,0.9491268,0,0
604.79285,279.46393,715.2705,261.44965,620.7792,381.9346,737.1278,348.84604,579.8245,261.587,582.55286,293.01526,590.3299,317.14062,611.21234,337.7196,639.9403,342.25696,668.45087,338.51404,-34.012787,244.96292,-36.343166,180.21484,-29.897041,130.65384,-3.9242609,83.517784,38.13315,62.30762,84.48463,56.079006,0.020629924234847653,1,0.9491268,0,0
604.155,280.00284,714.76166,261.36334,620.671,382.19016,736.5921,348.99738,581.38116,268.03214,580.03705,300.17633,585.181,322.32654,607.51624,343.42563,637.76,346.2073,668.3734,339.74164,-31.871143,232.1136,-40.641914,168.23756,-37.764286,123.974,-10.097104,75.435265,34.42188,56.54326,84.881516,54.200466,0.01873982672899115,1,0.9491268,0,0
603.3648,280.39114,714.28436,261.49243,620.601,382.1786,736.20026,349.0341,581.54364,269.97095,579.37067,300.75543,584.1523,322.6967,606.7246,344.36072,637.5774,345.97842,668.28845,339.82864,-30.545355,228.59355,-40.64725,167.98546,-38.53588,124.27108,-10.94494,74.460815,34.75966,57.33013,85.382545,54.287285,0.017901128289138795,1,0.9491268,0,0
603.22766,278.72684,713.4347,260.86,620.3974,381.049,735.72797,348.29553,580.27576,266.96542,579.1432,297.73163,585.3448,320.65823,607.80817,341.83627,637.3756,344.41592,668.0337,338.4857,-32.04156,231.38086,-40.473248,170.26323,-36.451023,124.231926,-8.81179,75.74941,34.79456,57.78612,85.392105,54.64415,0.018678266378231126,1,0.9491268,0,0
602.69946,278.30283,712.75903,260.5216,619.31146,380.43777,734.88635,347.50186,575.46173,259.50616,579.07574,288.70132,586.6743,312.3605,607.6062,333.6273,637.0747,339.6514,665.6993,337.87308,-37.0364,247.44893,-37.854633,186.85634,-31.779177,138.069,-6.032248,89.514786,36.79798,65.241905,82.8598,55.225998,0.01933967163864092,1,0.9491268,0,0
596.73596,273.3878,708.0156,254.99037,614.0657,375.52002,729.6598,342.70166,570.08014,240.96684,572.2369,273.10425,578.9966,298.02066,599.4487,319.37207,627.8064,323.72202,659.91364,318.90497,-32.458477,274.99734,-36.61488,208.6136,-32.376537,157.45804,-7.5335264,108.78438,34.134865,88.45377,87.04405,83.414406,0.02080932328852362,1,259.7402649,4,4
597.4311,272.87766,707.6728,254.70741,613.997,375.841,730.26556,342.15546,571.9221,248.12093,568.9805,279.5297,572.55493,303.50998,595.76483,325.17807,625.4722,327.2474,658.30927,318.31024,-33.16971,259.56427,-43.969814,196.09804,-43.52549,148.28447,-14.738701,98.47698,28.960737,81.81125,83.80525,84.18042,0.018067787377970893,1,119.0476227,2,2
597.51917,272.7978,708.2859,254.52052,613.7507,375.62872,731.1487,342.3025,572.0953,249.174,568.3751,280.274,572.13464,304.37656,595.65283,325.71698,625.484,327.44556,659.146,318.09088,-33.52229,257.5881,-45.239933,194.66896,-44.387215,146.36629,-14.935171,96.990036,28.979033,81.02718,85.03175,84.021614,0.01716316369105854,1,13.020833,0,0
597.9374,272.96237,708.7958,254.1206,614.5051,375.5412,731.21075,342.0916,570.1086,247.24205,568.24335,278.59378,573.0133,301.575,596.2435,323.7669,627.4347,325.89478,660.27344,316.6116,-36.519894,262.49265,-45.75968,198.83717,-43.43897,152.31801,-14.558198,101.161514,31.6133,83.65676,86.759865,86.74759,0.018082928425885898,1,32.1027298,1,1
598.9045,273.149,710.0516,254.73482,615.45624,375.91144,732.0286,342.54538,569.00055,243.5947,570.42334,274.11655,577.2992,297.60236,599.0714,318.62723,628.8788,323.79407,661.7727,317.26038,-38.5152,270.487,-42.71877,207.46138,-37.553196,159.07942,-10.539593,110.65541,32.882458,88.23424,87.29574,86.17574,0.01871342212279382,1,39.1389427,1,1
599.69727,273.53168,710.47046,255.15402,616.5814,376.22757,732.85516,343.2018,568.32623,235.252,575.8118,264.27377,588.0091,287.60117,606.077,307.82587,632.65485,318.17297,660.76904,319.11188,-38.947292,289.571,-34.046272,226.69475,-21.102367,175.75183,1.1155547,129.4566,39.131245,98.48389,83.97225,84.19094,0.01692006915715758,1,39.1389427,1,1
606.9165,274.06464,716.0155,255.64607,621.84753,376.84897,737.9062,343.63147,595.23346,225.42632,596.20123,257.5467,605.41095,282.6268,623.2317,303.5375,651.80884,309.15613,678.82385,306.1262,-7.577349,309.5054,-13.197107,238.34908,-4.286672,182.92044,18.662136,134.1021,62.98073,110.95738,109.51568,105.09077,0.023208086016366238,1,2.5128784,1,1
606.1849,274.70303,716.4595,255.18747,621.9272,376.38745,738.1081,343.3062,595.84674,228.73004,595.4373,261.7652,602.3784,284.92596,621.0997,307.95535,650.4922,311.84155,680.7891,306.20236,-5.2245474,302.2946,-13.746806,230.77586,-8.342821,180.49779,15.041571,127.0789,60.660343,106.64704,113.22137,104.243065,0.022409752704126377,1,0.8659508,0,0
606.1366,273.49008,716.8332,254.66307,621.9655,375.82187,738.10895,342.8324,596.47064,227.5693,595.69543,261.06207,601.9624,283.41165,622.0096,306.2383,649.92206,310.68063,680.2949,305.81458,-4.111146,300.78894,-13.246217,229.1745,-8.7522745,181.34525,16.535372,128.35834,59.453926,107.82654,111.72522,104.105,0.021608116929916075,1,0.8659508,0,0
607.28534,272.25507,716.15576,254.04169,621.8045,375.85086,738.2969,342.16092,595.6028,224.09918,596.7336,256.58545,603.3476,279.46558,623.5261,301.7216,651.35974,308.17468,678.97363,305.35742,-8.109648,308.7382,-13.250119,236.4972,-7.6980634,186.54506,18.735857,134.27547,61.552784,109.89402,108.90095,103.31212,0.02239651409157908,1,0.8659508,0,0
605.5005,274.6663,716.57935,254.19518,621.8569,375.54916,738.52637,342.13055,593.62067,218.37271,599.4391,249.46538,611.9924,275.70212,628.2778,294.6456,653.4384,303.78732,678.7919,304.57407,-4.47513,326.1936,-3.1370785,255.47224,9.910489,195.3567,30.507723,149.89156,68.31301,120.36403,110.39222,107.05402,0.0210206406753442,1,0.8659508,0,0
601.33685,267.42886,712.4883,248.48262,617.3666,370.0642,734.3682,336.5809,586.56067,189.85117,595.7208,219.17996,606.6806,244.53471,625.4487,265.65604,649.0271,276.75043,673.2058,282.45905,-4.3613815,374.8088,3.0846202,305.2518,14.130759,246.35863,38.53617,195.08444,73.90601,162.86942,113.107414,140.92108,0.017841416699598468,1,0.8659508,0,0
600.61816,266.3648,712.30615,247.4301,617.9587,368.90637,734.49164,335.35895,588.4831,199.40535,591.4276,231.49272,603.7593,261.88123,618.8553,277.35776,646.905,284.65555,674.5223,282.6576,-1.3005995,347.38348,-5.140416,275.78473,5.9950128,208.09628,25.201517,171.1144,67.85297,145.27466,115.08839,137.86205,0.022874702557583164,1,0.8659508,0,0
602.3935,265.27966,713.37506,246.6264,618.45074,368.64227,734.8303,334.79004,590.4372,204.85158,590.56525,236.98755,602.4746,268.09323,618.394,282.27692,645.8878,287.5882,674.40906,282.74466,-4.1217604,332.78784,-11.57237,262.48584,-0.5449419,194.26324,20.507177,159.94647,62.836147,138.37207,112.52607,136.36244,0.02330918901735533,1,0.8659508,0,0
604.18866,264.6988,714.3693,245.47371,619.41797,367.85745,736.3151,333.84372,593.3029,207.9953,591.9879,241.08841,603.4715,270.48917,620.04236,285.65546,647.14935,288.9066,675.7374,282.65378,-4.1140623,326.78336,-13.758624,253.73273,-2.4341698,188.39993,19.752316,151.43954,62.28809,133.70084,112.64198,134.19324,0.02323873142874044,1,0.8659508,0,0
606.5188,263.37613,716.1878,245.11256,621.2441,367.43555,738.20404,333.47794,595.5341,209.3241,594.16736,242.61885,603.0279,269.37634,621.3987,286.44107,649.866,288.63992,678.06586,281.4168,-5.4591217,320.99478,-14.82646,247.53888,-6.697524,188.93582,17.913294,147.88351,62.892334,132.03993,113.1131,135.02222,0.02283407067356762,1,0.8659508,0,0
607.10596,264.19302,717.60736,244.7285,622.44214,367.30447,739.20483,332.69086,595.2811,206.86891,595.8633,239.9003,608.4056,269.03702,624.77185,283.6624,651.966,286.89856,678.6504,281.04074,-5.340145,327.75992,-11.952502,254.68022,0.8922032,189.61792,22.779346,153.73409,65.44774,135.84796,112.47511,136.26054,0.023554969595094257,1,0.8659508,0,0
607.22974,263.74554,718.13635,245.18666,623.4063,367.06482,740.0309,333.53644,592.6199,201.34962,599.3429,232.13724,613.09766,262.28638,630.09534,275.10513,654.66254,281.19757,679.08716,280.44946,-7.8050723,338.47906,-4.6282015,268.70547,9.456827,200.98056,32.849533,168.66623,70.90748,146.65524,112.62621,138.10722,0.020544387192799673,1,0.8659508,0,0
610.75867,267.57956,721.9368,249.82562,627.3972,371.36478,743.9283,338.1864,587.2256,214.89375,595.1092,245.11743,613.01746,276.57385,626.0247,290.1822,649.5476,299.58676,673.0916,302.1403,-23.669558,317.4502,-18.520845,250.89044,1.2417054,181.13919,17.705683,149.49318,51.955772,121.78875,89.59125,106.86366,0.01864541284063117,1,0.8659508,0,0
609.44476,268.69217,720.8322,250.02124,625.92633,371.56488,743.3833,338.2118,587.21075,222.42227,590.6938,255.04584,599.04034,278.27258,617.568,300.3621,645.38306,305.7043,671.4347,303.86768,-23.36351,305.23383,-25.373032,234.33812,-18.021729,184.20625,4.583017,133.71228,46.019047,111.87909,88.69685,104.24171,0.023330163731861076,1,0.8659508,1,1
607.3826,269.41156,719.6689,249.96494,624.64734,371.5756,741.53577,338.13226,588.1512,227.44911,588.7465,261.39722,596.59686,283.9592,615.3958,305.96335,643.04517,308.84683,670.45746,303.85825,-18.846857,293.7023,-26.096107,222.62207,-19.773203,174.773,2.738556,124.59895,44.23229,107.28574,89.94834,105.01204,0.023821717473158966,1,0.5710044,0,0
606.9623,269.59296,718.7765,250.486,624.1955,371.66046,740.6027,338.2533,588.76794,229.62277,589.2542,262.37833,596.7218,285.62994,615.4047,306.89334,642.0477,309.38742,669.4364,304.49686,-17.779991,289.26468,-24.9268,220.64886,-19.332026,171.54655,3.2008028,122.868835,43.30841,106.74777,89.04489,104.317566,0.024321469134530628,1,0.5710044,0,0
607.0167,270.07806,718.3683,251.11746,624.41016,372.68185,740.9426,339.27927,587.3316,225.88411,592.0291,257.603,600.283,281.74478,618.3875,302.2464,645.18195,307.16953,670.1436,304.7167,-19.135948,299.10107,-19.7137,230.56384,-13.155665,178.90004,8.921664,131.71104,49.043488,110.93153,90.38478,104.839035,0.024351600296444877,1,0.5710044,0,0
607.4145,270.0198,718.611,252.25475,624.0833,373.5753,740.6919,340.2583,585.03064,218.44833,595.24414,246.12991,614.67017,277.4122,627.9092,288.3763,648.55426,299.02252,670.9258,304.31387,-22.07176,315.1776,-12.84073,253.10007,9.264785,182.59454,26.873438,155.8372,56.496143,126.56474,91.47179,106.58939,0.014961534386037777,0,0.5710044,0,0
614.02704,271.3351,724.7001,252.17635,630.5829,372.53925,746.8369,339.44757,574.22974,217.25516,582.0607,246.60416,594.8727,270.88202,611.6557,290.46658,635.3328,301.3824,659.89124,305.5947,-48.76018,328.27734,-43.10446,262.39844,-29.136826,207.6863,-8.374553,161.9385,25.225061,130.66211,63.087715,111.68829,0.017967496318761902,1,0.5710044,0,0
614.52496,271.18726,724.29846,252.13696,631.2887,372.74005,746.80133,339.42368,578.5826,226.47159,579.416,258.73355,585.6091,282.3906,604.155,304.4746,632.305,309.66336,661.4021,306.24185,-45.044224,306.6376,-50.586277,237.66663,-46.311256,187.64467,-23.784056,137.358,17.48148,115.63726,64.74706,109.690765,0.023383584083747782,1,0.5710044,0,0
614.46484,271.06674,724.06116,252.10593,631.50635,372.50455,746.9797,339.42166,581.9027,230.5175,579.32495,263.21884,582.9021,286.5911,602.62354,308.8732,630.8206,312.3049,661.5406,306.9984,-40.740616,296.88345,-51.722824,228.24069,-51.276234,179.97644,-27.195168,129.12677,14.395179,110.78311,64.73171,107.81959,0.021158451488658723,1,0.5710044,0,0
614.52655,270.68344,724.1532,252.11699,631.1572,372.13004,746.8107,339.11456,581.58496,230.11111,579.6968,262.11465,583.1601,285.7762,602.8913,307.78232,631.48175,311.51013,661.3084,306.64804,-41.48442,297.06042,-51.012325,229.42851,-50.640797,180.4929,-26.420513,130.18062,15.643026,111.22091,64.3595,107.9234,0.021637471696012506,1,0.5710044,0,0
614.40436,270.21344,724.27704,251.35014,631.15454,371.7077,746.91504,338.6558,579.0402,224.88388,580.5299,256.30856,586.62665,280.0036,604.85913,302.12262,632.6578,308.11017,660.05945,305.8048,-44.07757,308.00577,-48.490147,240.2499,-44.370533,189.92487,-22.2513,139.55258,18.367945,116.51308,62.55293,109.22746,0.024416963595567564,1,0.5710044,0,0
614.24536,269.94397,724.78485,250.84224,630.795,371.0479,746.4377,338.1099,575.631,215.69907,583.46344,245.44836,593.4971,267.73804,611.08545,288.3763,635.8266,300.57437,660.33124,304.6595,-46.79539,327.49686,-41.332874,261.21613,-31.14902,211.7676,-9.417093,163.73598,25.55018,129.52866,63.48289,110.81744,0.01897088737123931,1,0.5710044,0,0
620.16156,275.73685,729.25336,257.6045,636.8299,376.617,751.7209,343.9042,586.98663,241.94005,591.2306,273.16196,599.2559,297.02258,617.8938,316.93506,641.27905,323.8056,667.63184,322.43475,-43.28425,282.3994,-43.542973,215.06952,-36.731777,164.2084,-13.623104,118.12237,20.077583,94.98011,62.190315,85.901665,0.0240117928261099,1,0.5710044,0,0
619.47156,275.11536,727.9687,256.8032,635.572,375.74765,749.9999,342.88654,587.29486,247.61464,587.1169,279.72556,592.7597,303.29144,611.92523,323.6246,638.19055,327.3801,666.9015,321.9034,-43.630287,268.94046,-50.35833,201.7252,-46.689045,152.82672,-22.848354,106.03262,15.778249,87.46697,62.853195,85.09006,0.02382044523682324,1,0.5710044,0,0
617.05566,273.88303,726.22687,255.71683,633.36993,374.6985,748.30444,341.88834,583.6609,246.06236,583.40094,277.9876,589.44366,300.73587,608.7652,321.8792,636.5842,325.43576,665.6042,320.6263,-44.97447,269.5345,-51.786705,203.02042,-47.4638,155.75658,-23.799242,107.53056,16.954388,88.83481,64.153824,85.1514,0.022406361069502792,1,0.5710044,0,0
614.66437,273.18933,723.93555,254.86295,631.23096,373.46298,746.11926,340.72415,580.0481,241.67789,583.5003,272.3331,591.23627,295.16315,609.3177,315.8689,635.41736,322.30392,664.41656,319.15906,-45.88198,278.1788,-47.146976,212.4143,-40.53638,163.69852,-18.521147,116.17902,19.222387,92.578575,66.092514,85.6527,0.02267053211502288,1,0.5710044,0,0
612.96436,271.4624,721.92,253.70534,629.7118,372.0877,743.8383,339.72717,577.18915,233.50124,586.33905,261.29562,598.9549,281.46634,613.7349,302.83307,637.563,313.19974,660.57104,317.31412,-46.09837,291.41544,-38.360065,229.77037,-23.961315,184.25613,-6.7670074,136.11859,27.205196,105.95303,62.778893,87.69373,0.01736971915449156,1,0.5710044,0,0
613.5752,261.42712,722.2754,242.86794,629.5307,361.34763,743.9338,328.68863,595.3389,217.49644,601.28424,248.11923,611.0102,271.83124,627.6232,291.76895,652.1672,301.76117,675.1655,303.92737,-18.161179,301.73972,-16.056847,232.51613,-6.5841713,179.25337,14.284072,132.09682,50.56162,101.39647,87.88224,86.39924,0.023084352634491944,1,357.1428528,3,3
613.6283,261.05884,723.3622,241.90166,630.81854,359.86316,744.85565,327.49808,598.9718,225.29749,598.96155,258.89322,605.31793,281.36536,622.6369,302.69122,649.9328,307.5937,677.34436,303.74677,-13.415097,281.62885,-22.10013,209.78944,-18.085535,161.43532,2.6904655,111.80653,43.87773,89.84843,90.07391,84.67091,0.025249030158397686,1,357.1428528,8,8
614.6159,260.51117,724.49255,241.75932,632.0521,359.34894,745.8307,326.80334,600.45856,227.8653,598.7706,259.9033,603.08356,282.62103,622.72156,304.11255,649.7988,308.47223,678.2297,303.14087,-13.200319,274.27145,-24.055649,206.82266,-23.257423,159.09271,0.62449586,108.51142,41.23702,87.76671,89.40767,85.107315,0.022858828913248447,1,166.6666718,5,5
615.7684,259.72784,725.44745,240.76549,633.2802,358.76346,747.5195,326.29364,600.33386,224.49603,601.48,255.42155,607.55945,279.30536,626.56085,300.27863,653.48535,305.2725,679.8224,303.1978,-14.616175,280.81873,-20.92825,214.0796,-17.787981,162.83365,5.5163717,113.24992,46.093853,91.35385,89.91759,83.15507,0.024157516072235763,1,126.5822754,4,4
618.1349,258.04977,726.2556,239.8044,633.8583,357.79288,747.7506,325.1475,599.1066,215.68149,604.97437,245.58208,616.796,269.9507,632.51263,289.11456,656.7272,298.16763,679.9271,300.62326,-20.001518,298.77066,-17.699173,231.07024,-5.0190835,175.61327,14.746142,130.30408,50.91026,101.5668,88.666405,85.84818,0.021685510312123575,1,58.6510277,1,1
617.3958,258.34457,726.8961,239.19292,634.1765,358.23618,748.71924,324.65936,601.5112,203.29286,615.345,227.61725,628.462,245.57446,645.81464,267.62598,663.0681,284.21515,678.832,295.55176,-10.702133,325.53302,4.969688,266.84454,21.019178,223.20357,42.574272,169.59169,65.5924,127.66134,88.01502,97.05297,0.007725411627429089,0,58.6510277,1,1
618.18164,257.63818,727.03644,238.78513,634.75256,357.7745,748.846,324.53177,597.17944,194.32065,612.11365,218.68573,625.49054,236.14404,642.6745,258.6718,660.2165,275.2397,676.622,287.76428,-17.169916,345.92682,0.611254,286.41684,17.506632,243.53825,38.99961,188.69908,62.81482,146.63057,86.181595,113.31597,0.006545292512774389,0,28.9017334,1,1
619.2106,257.14886,728.23285,238.45699,635.7713,357.2876,749.741,323.9834,595.1532,187.09166,609.84564,210.91676,624.31274,228.79985,640.94037,250.47588,660.4645,269.1614,676.77313,282.7256,-20.282303,361.56628,-2.7745628,303.3954,15.7663555,259.2525,36.63923,206.3339,63.150204,158.8944,86.09791,123.36679,0.005514780887037423,0,350.8771973,2,1
620.96545,253.507,729.86957,234.4194,637.38165,352.97403,752.43164,319.7469,631.692,212.54816,637.9482,244.47527,647.71265,267.11893,664.29553,288.16177,687.4905,298.57352,708.91016,301.39728,29.00525,287.51068,29.795628,213.18498,38.94761,160.72672,59.402702,109.91342,94.31464,77.75923,129.95123,61.2453,0.024105599123106985,1,16.9923534,1,1
621.2068,253.32439,730.42065,234.74251,637.7597,352.83636,752.8422,319.67163,634.5806,220.26701,635.7891,254.26834,642.3137,277.8891,659.34656,299.17087,684.61993,305.37772,710.631,302.49777,30.887718,268.46277,22.810974,192.63983,26.440434,140.56218,47.153027,90.09461,86.14291,65.64348,131.5138,58.359215,0.0279506336515653,1,16.9923534,0,1
621.28186,253.68497,729.8118,234.68939,637.1981,352.9301,752.2097,320.0639,637.0199,226.42863,635.34534,261.55048,639.805,284.81195,658.1968,306.2848,682.78955,309.13422,710.7006,303.00262,33.27889,254.61946,20.377321,177.85799,21.10859,127.7785,44.163982,76.6284,83.12098,59.093517,132.88416,57.326736,0.02648989720092126,1,16.9923534,1,1
620.7284,254.44862,729.1034,235.47195,636.70795,353.64938,751.2917,320.36978,635.82544,227.7102,634.50446,261.88028,639.2847,285.67227,657.7458,306.8098,682.81616,309.70844,710.16077,303.41086,31.967592,253.6279,19.961468,178.89601,21.039005,127.56302,44.251694,76.92527,84.015434,58.870567,133.06407,57.54022,0.026674310742439627,1,1.8341893,0,0
619.6586,254.66373,728.2285,235.90839,635.8775,354.00522,750.70197,320.9269,634.33356,224.47003,634.96484,258.05994,641.4737,281.24387,658.8236,302.54547,683.3191,307.66296,708.5542,303.59888,32.35407,261.72958,23.498594,186.98784,27.336933,135.79791,48.742947,85.0878,87.027985,63.075375,131.66006,58.51301,0.02866215886237533,1,1.8341893,0,0
618.4748,255.59845,727.0185,236.78925,634.4872,354.86777,749.24316,322.0694,630.83905,216.63127,637.2884,248.30144,646.56915,270.79315,664.34937,292.41782,685.60034,301.4404,706.8608,303.7221,31.08325,282.66278,32.41269,208.81558,40.966476,156.8313,63.41613,104.250885,95.81738,75.82532,131.59299,60.53946,0.024665698174326966,1,1.8341893,0,0
615.81696,256.8753,724.51416,238.13371,632.2774,355.71973,746.6472,323.05893,604.24286,209.13078,610.99316,237.27678,621.47076,262.09378,636.36066,282.24725,659.0591,294.84512,681.273,298.55154,-5.9253664,309.821,-2.49585,244.12756,7.542312,186.81964,25.568563,138.83583,58.344364,103.08039,94.06567,85.05594,0.023172270042574727,1,1.8341893,0,0
615.5009,256.71292,724.4676,236.50044,632.41943,354.29828,746.5637,321.6538,605.4272,216.48491,606.1654,248.42648,612.1527,271.12793,629.84143,293.67728,656.2343,300.65137,683.5061,298.5505,-5.0628576,292.30527,-12.541869,221.35184,-9.1432705,171.04768,12.332799,117.30155,52.270626,90.89756,98.246376,81.79803,0.025467128017247882,1,363.6363525,6,6
615.01215,255.53604,724.4539,235.59494,632.0798,353.35297,746.528,320.4696,604.8609,217.59407,604.5232,249.92975,610.33,272.3602,628.15857,294.42,655.71027,300.5993,683.2992,298.44574,-5.6975384,286.80765,-14.898954,215.92137,-11.7563715,166.67651,9.775353,114.24542,51.364983,89.01141,97.60132,79.86916,0.024124713517169636,1,80.0,2,2
615.776,252.43365,724.3906,234.45392,631.78973,352.26056,746.01733,319.60446,602.59656,213.17834,606.9839,243.97307,614.6403,265.9296,631.86383,286.94775,657.00793,295.9643,682.629,296.0884,-11.083647,289.84805,-11.662336,220.942,-5.1055846,172.28398,16.262402,122.85117,53.629818,93.83483,96.13895,81.65147,0.024021032967498402,1,51.0204086,1,1
614.2742,251.4301,723.87915,233.06805,631.167,351.46887,745.59644,318.7306,600.9043,204.88,612.24884,229.48448,618.41583,245.92259,644.37665,274.44232,664.15356,288.02167,682.09906,293.7441,-8.821604,304.94324,2.6601348,247.3868,7.956543,210.14427,41.11105,140.90239,69.01902,104.64039,97.05601,84.67119,0.014305683163538642,0,75.187973,3,3
613.69714,251.4558,723.35986,232.62253,631.2266,350.98828,745.31433,317.74164,595.3439,197.39343,611.08844,221.26456,623.67175,241.64018,639.5424,264.91248,657.2512,283.7259,673.01544,298.3477,-14.094627,323.205,4.2975883,265.59866,18.462805,217.24794,36.84778,162.09789,59.493256,115.7392,80.42694,78.68229,0.0059384453244645365,0,85.8369064,2,2
613.10254,246.50635,722.8016,227.65057,629.50055,346.55847,744.52216,312.72577,595.558,231.40259,601.6038,261.11765,609.8422,285.2825,627.71515,306.602,649.8419,315.77066,673.81604,317.85684,-23.233713,237.92683,-20.950104,174.1347,-14.29021,122.89547,7.0610757,74.00187,38.120747,45.92967,75.2108,29.641665,0.024270908879420947,1,1.056524,0,0
611.73816,245.28331,721.7573,227.06317,629.5123,345.772,743.9749,312.2432,595.9261,236.55565,598.61755,268.74826,605.0958,292.35718,623.0368,314.23135,647.11707,319.58194,672.9722,318.66647,-21.673075,223.3506,-25.55726,157.3114,-21.837107,109.129776,-1.306678,60.17962,33.046524,38.605247,73.716385,27.122726,0.02685621723953603,1,1.056524,0,0
610.16455,245.32411,720.18024,226.51883,628.1476,345.28287,742.7085,311.4282,592.9062,236.89406,596.28644,268.2357,602.9728,291.89627,621.38934,313.5225,645.7658,318.74597,672.17847,317.3343,-23.912703,223.49823,-26.667309,158.6374,-22.736492,109.99855,-1.5233855,60.979298,33.29957,39.283386,75.01935,28.286573,0.02553246555691697,1,1.056524,0,0
608.0286,244.48535,718.0224,226.00734,625.92957,344.34293,740.4003,311.16586,588.8024,233.65002,594.66785,264.13605,603.14014,285.51144,621.6559,307.01007,645.5105,315.6963,670.41266,316.2501,-26.364668,229.0557,-25.210445,164.8013,-18.09067,119.5459,3.57111,70.40787,37.065037,42.591125,76.08131,28.873882,0.022216388003617648,1,1.056524,0,0
606.218,244.63797,715.4194,226.35616,622.5657,344.87555,737.3805,312.01013,584.8838,207.65952,592.91943,235.32767,604.8964,257.64993,620.8596,279.9665,644.51746,291.98767,666.4658,297.48206,-24.284061,286.564,-18.334661,224.15544,-5.305814,173.48851,13.5965,122.180046,47.336956,88.03365,81.20765,66.84031,0.018519479190467543,1,1.056524,0,0
605.58057,245.31471,715.2627,227.43906,622.8606,345.9881,737.29443,312.65445,584.8765,216.73785,588.19446,247.9955,595.516,270.8211,614.92377,292.06268,641.33124,299.37354,667.6495,298.82748,-24.414904,266.8056,-26.878109,200.31126,-21.462978,152.01268,1.9614717,102.88969,40.181114,77.012726,82.588425,65.553406,0.022519367197086602,1,1.056524,1,1
605.37225,245.62413,715.1444,227.7479,622.9183,345.8207,736.8733,312.8698,584.1102,219.49136,585.6648,250.66489,592.60956,273.50482,612.00684,295.52948,639.5685,300.66428,668.2524,299.08005,-25.682878,261.51425,-30.889671,196.2898,-26.142365,148.37782,-3.1210709,97.898865,37.300644,75.68624,83.91507,65.13543,0.02177623356512386,1,0.1377961,0,0
604.57336,244.98842,713.7927,226.73059,621.0834,345.5996,735.78357,312.1402,580.60675,216.82814,585.085,246.58319,593.8863,268.24487,612.27155,289.25772,639.59485,298.09552,666.366,298.2243,-30.133707,267.59894,-30.016706,203.41002,-21.777815,156.5051,0.6499685,107.89178,40.1623,78.55409,83.21802,65.487976,0.020410927432140884,1,0.1377961,0,0
597.68756,247.99532,708.4486,229.09088,615.4939,348.96146,730.13446,315.01514,563.0691,214.34785,568.3265,244.5973,577.765,267.50388,596.27747,289.25458,621.2788,298.91907,646.8772,300.9012,-43.376137,280.50662,-42.64728,216.78218,-34.32569,168.14694,-12.773736,118.81704,21.860388,89.3426,61.13199,73.460846,0.02101603213905973,1,0.1377961,0,0
598.67926,247.99985,709.00604,229.71526,615.96497,349.50177,731.0896,315.47595,565.8348,220.26178,566.00586,251.6162,572.74866,275.1024,592.2934,297.18948,618.2926,303.77435,648.5127,301.63754,-42.540936,267.87866,-48.940556,203.57578,-44.272697,155.3041,-21.397234,105.6649,14.965255,81.91008,62.27354,71.93076,0.021930216355916837,1,0.1377961,0,0
599.6316,248.05846,709.87897,229.85521,616.81274,349.49942,732.3111,315.53488,567.03925,223.03767,567.3732,253.32083,573.00635,276.60455,592.8659,298.57526,619.4262,304.63876,649.21576,301.94806,-42.944847,262.46274,-48.788113,200.12756,-45.55864,152.55898,-22.172684,103.0246,15.090385,80.025055,61.810284,71.345665,0.021992389746430842,1,0.1377961,0,0
600.7242,248.06494,711.1283,229.31798,617.8859,349.52026,734.0648,315.43246,567.3162,221.31891,570.9848,250.53288,578.07697,274.4808,598.1605,295.91574,622.42676,302.46335,650.93585,301.19406,-44.078236,267.02634,-44.867584,205.20432,-39.68285,155.24948,-15.571189,106.14706,18.571066,83.095695,63.04155,72.262665,0.022124888029913456,1,0.1377961,0,0
602.0339,247.60503,712.37885,228.6175,619.6679,348.90427,734.8247,315.15942,567.5157,214.08185,575.6695,241.41696,588.02844,265.09137,604.9555,285.37976,627.4556,295.8573,651.4067,300.5828,-44.0024,281.05048,-38.150932,221.66196,-25.486576,169.82785,-5.452435,123.53619,25.71058,93.58235,61.80634,73.31122,0.01775421737457667,1,0.1377961,0,0
608.6398,245.99464,719.1431,226.36229,625.7725,346.2246,741.2056,312.40997,567.10864,227.15611,574.95123,255.22342,584.5448,279.28537,602.00916,300.0072,625.15485,310.9325,648.9802,315.13934,-57.882896,253.36742,-52.364494,193.51114,-43.69424,142.66353,-23.219913,95.803764,8.01604,64.63082,42.983974,45.04911,0.0203565317858105,1,0.1377961,0,0
609.0378,246.56985,719.003,227.35068,626.7277,346.80334,741.33636,313.08487,568.03143,236.71793,569.75793,267.306,576.95264,291.21405,595.6713,312.48404,621.62115,318.5934,649.79047,316.4163,-58.823177,234.28903,-62.74577,172.73866,-57.60423,124.322784,-36.00208,76.85529,-0.18761083,53.535717,42.904854,43.748863,0.023341086234562318,1,0.1377961,0,0
609.348,246.70833,718.9751,227.72464,626.8942,347.03766,741.63617,313.03806,568.63135,239.65038,569.5663,270.65543,575.80927,293.9399,595.0122,315.61154,621.6178,320.39255,650.51105,316.62384,-58.970814,228.49953,-63.8802,166.48315,-59.81168,119.83448,-37.696,71.6661,-0.899134,50.486816,43.53376,43.236908,0.02319901027299594,1,0.1377961,0,0
609.862,246.57999,719.59485,227.72917,627.1255,346.87695,741.9597,312.90125,567.97906,235.83923,571.43536,266.23557,579.7396,289.89166,598.54285,310.71014,624.34717,317.08154,650.5766,316.16452,-59.80081,236.32286,-60.93151,174.20694,-54.02895,125.65844,-32.11509,78.895226,3.4398959,55.15873,43.18664,43.974873,0.0227455939858215,1,0.1377961,0,0
599.75854,244.84137,707.9076,226.01535,617.82495,344.31097,730.10516,310.63654,564.80035,248.44473,568.08075,280.04166,576.31744,303.16483,593.96375,323.11078,619.59467,329.942,643.7995,327.6203,-53.4353,204.98299,-55.777153,141.80579,-49.293846,94.87942,-28.993134,50.217915,6.468903,24.983727,43.98248,16.496046,0.025310097444507438,1,0.1377961,0,0
597.573,243.72766,706.2994,224.77364,616.06683,343.46677,728.6392,309.4043,565.9949,255.33694,566.1953,288.15897,571.773,310.32858,590.2253,331.3762,617.5771,333.22763,642.8965,327.28745,-49.955875,187.8585,-57.090527,124.595535,-54.28068,81.32857,-33.607502,34.82149,4.980196,17.552074,44.947414,14.917748,0.0263068112410946,1,0.1377961,0,0
596.133,243.54883,704.9372,224.1925,614.45526,342.66882,726.83136,309.11713,564.9325,257.45502,565.2017,291.03076,571.1201,313.20047,590.4869,333.2014,617.49115,333.6515,642.3956,326.8177,-50.393852,183.35413,-57.73107,118.51853,-54.45463,74.89076,-32.020615,29.437586,6.950033,14.728743,46.993435,14.045618,0.025857531944478217,1,0.1377961,0,0
595.25146,243.02298,703.7469,224.2331,613.7759,342.66794,725.8604,308.82376,561.4733,253.12964,565.92737,284.39163,574.4345,307.26175,592.778,326.03732,617.6969,329.92358,640.4227,326.5009,-52.847305,191.55365,-53.714645,129.49512,-47.06911,83.36528,-25.810442,40.628216,9.268717,20.901619,44.860752,15.075471,0.02540062325882952,1,0.1377961,0,0
594.2809,244.26352,702.7468,225.03418,612.0222,343.2446,725.02716,309.5114,557.6537,242.77094,568.36566,267.33887,581.6787,291.03674,597.6128,308.2073,618.91626,319.15103,639.0768,325.38837,-54.853905,216.22058,-44.817867,162.89247,-31.043386,111.298096,-12.026111,71.46859,16.764694,40.461536,45.86792,18.208847,0.01496282187192298,0,0.1377961,0,0
589.73615,251.22174,697.6443,231.84024,606.274,349.71802,719.7515,316.39844,576.11334,259.11432,582.7044,289.11182,592.13116,313.69107,609.4139,332.13922,633.96356,344.54688,657.8286,347.36484,-23.21929,188.62242,-20.338446,125.192116,-12.111398,73.40559,9.096798,30.369879,43.075424,-5.449434,79.827934,-23.984663,0.021423263015015716,1,0.1377961,0,0
589.7325,251.69669,697.25037,232.5816,604.84296,349.41974,719.1888,317.26715,581.81116,269.51785,580.7625,302.72485,585.6123,324.43378,606.18427,344.1812,630.6962,351.74084,658.82495,348.78012,-16.795889,165.22392,-25.624601,98.80617,-22.946295,55.18357,3.200907,8.795073,38.366756,-17.549894,83.43965,-27.276499,0.021989814567337264,1,0.1377961,0,0
589.93365,251.47789,696.94135,231.97966,605.9667,349.3151,718.93274,316.60727,584.2951,272.9916,581.365,307.15332,585.1109,329.9625,604.9619,347.6968,630.25775,354.02542,658.1986,348.87704,-14.388297,157.06024,-26.820986,90.48498,-26.32514,45.776093,-1.1003902,3.4403145,35.50441,-21.470064,81.18724,-27.606134,0.02151659752836356,1,0.1377961,0,0
588.31915,251.45859,695.8977,232.08179,604.7972,348.87,717.9394,316.8737,582.30084,270.06708,581.74524,303.3728,586.2686,325.1042,605.63385,345.02026,630.33356,352.13843,657.81604,348.6682,-14.420545,163.17577,-23.42479,96.63716,-21.784962,53.04195,2.2285252,6.5906615,37.909832,-19.385408,82.54549,-28.028723,0.023979334211271023,1,0.1377961,0,0
587.55786,251.45767,695.23596,232.32748,604.01495,349.87924,717.515,317.00745,575.84534,260.6048,582.4272,289.81348,591.8147,313.4491,608.9994,333.2482,633.1054,344.07645,656.30865,348.21533,-20.685986,185.18076,-17.630703,123.22728,-9.195743,73.19238,11.642532,27.70393,45.541862,-4.8336062,80.94673,-25.254972,0.02138634110495854,1,0.1377961,0,0
578.40826,242.88492,685.64886,223.12482,594.3881,341.98624,707.61115,307.5124,586.2004,248.17615,592.1222,280.3611,599.2424,302.70572,615.52167,324.1744,640.18945,332.7258,665.4731,333.2057,11.031504,185.63539,11.866586,116.88143,17.036846,69.79582,36.326797,20.87489,72.60403,-8.720463,113.93505,-24.5099,0.025786613891777062,1,0.1377961,0,0
576.59796,241.68547,684.54175,222.0883,593.69507,340.06052,706.54974,305.7715,589.3397,256.9822,587.80457,290.58273,591.8531,313.49298,609.16284,334.88565,637.20276,337.56155,664.8942,332.94153,15.772452,162.67235,4.097964,95.575584,4.1273546,49.708073,24.266813,0.86819965,66.76934,-20.070665,113.62482,-28.051672,0.02497796748769641,1,0.1377961,0,0
576.1102,240.90427,683.7878,221.26552,592.72235,339.33478,706.5158,305.1619,589.7488,259.07285,586.7018,292.92206,590.51013,316.07074,609.5636,336.121,635.45435,339.11243,664.77386,332.24658,16.604925,155.94269,2.740857,89.21143,2.5408885,43.396507,25.689857,-3.333532,64.49089,-23.263268,114.26829,-27.76861,0.022701169836455433,1,0.1377961,0,0
575.9982,240.12177,683.7984,220.7624,591.99146,338.82565,706.54663,304.8098,588.02,255.39113,588.6638,288.2109,594.6723,311.40912,612.1636,330.97253,637.24426,335.9496,665.43945,331.90042,15.021531,162.64415,7.4034085,95.7715,10.615033,48.466465,31.79463,3.3750885,68.941154,-19.457096,115.85366,-28.252275,0.025634430080398906,1,0.1377961,0,0
575.9806,240.69926,684.0964,220.98035,592.10205,339.5526,706.17426,305.1888,584.1586,244.99937,592.70215,273.7162,602.9082,296.44186,621.2099,318.22104,642.31793,327.2429,664.01794,331.38007,11.807391,187.59457,17.526806,124.37284,27.210545,74.499886,49.47582,23.371857,80.13412,-5.2976413,114.236755,-25.782547,0.020244925984799846,1,0.1377961,0,0
573.0403,236.51485,681.60095,216.25168,589.98413,335.72806,704.1415,301.40723,595.00494,221.49245,601.78265,252.08209,610.8576,275.0689,627.5447,298.37842,648.5194,310.4499,670.28845,316.96597,39.98752,223.91347,41.49672,155.27519,48.982224,103.92644,68.387566,49.418114,98.53168,14.67029,132.68845,-10.418329,0.02381300764226341,1,0.1377961,0,0
572.4949,235.30127,680.8463,215.52608,589.2116,334.10898,703.63184,300.00278,594.4782,226.19672,596.93225,259.70016,602.6549,283.0482,620.1477,306.36536,644.6494,315.1246,670.4591,316.31924,38.17555,211.20634,31.88793,138.55707,34.02592,88.73305,54.46948,34.65396,90.8532,4.6628666,133.4887,-12.46408,0.027686920114123714,1,0.1377961,0,0
571.52747,234.87315,679.98517,214.95438,588.27606,333.80917,702.84326,299.30637,592.9985,225.41763,595.4783,258.28125,601.4435,281.77847,618.7622,304.9331,643.7582,314.38474,669.2972,316.11417,37.327095,212.12668,31.297815,140.79478,33.765385,90.52207,53.92364,36.7989,90.77598,5.1411924,132.65768,-12.976753,0.0272148907793585,1,0.1377961,0,0
571.4154,234.63242,680.04816,214.5101,588.16846,333.68033,702.15894,299.63962,591.85693,220.79543,597.82855,252.04568,605.7039,273.75595,622.78253,297.18677,646.38165,310.3619,668.88055,315.70996,37.032776,221.9264,37.216106,152.52579,43.29578,104.50692,63.397415,49.656357,97.48625,11.367375,133.41219,-11.930962,0.024017972465646888,1,0.1377961,0,0
556.5066,232.72253,665.0474,213.29495,572.4118,333.19952,687.05646,298.40103,587.5797,196.6158,594.2441,227.07068,603.57635,253.35808,617.36725,272.42038,642.7047,289.0825,662.4044,295.2599,61.68621,269.1094,63.0799,197.5704,70.19747,137.15916,86.91822,91.28165,124.069374,44.476826,156.24756,21.027128,0.025518423353132265,1,0.1377961,0,0
554.93396,233.59772,663.1444,214.4413,571.03284,333.67297,684.94464,299.43112,585.09015,204.95221,588.22723,238.10516,594.5309,261.28766,611.90204,284.4809,636.5974,294.2708,661.40063,296.49643,57.927593,252.19904,52.57944,177.42975,55.758167,126.00081,76.93508,70.762825,115.11625,38.331036,157.88899,19.946585,0.02718537932270409,1,0.1377961,0,0
553.3121,233.9672,661.50903,214.27554,569.8131,333.85986,683.99835,299.5983,584.23724,203.87639,587.3051,237.8805,593.4885,260.8556,610.5444,283.93106,634.9768,294.24615,659.9274,297.17844,60.169228,254.9587,54.06172,178.05359,56.89791,127.01366,77.393,72.123314,114.734634,38.8548,157.1443,19.071526,0.027534493624849242,1,0.1377961,0,0
551.94794,234.28134,660.7751,215.32182,568.34796,334.49435,682.6182,300.02884,583.1599,198.52682,588.66345,229.42438,597.57947,252.37285,610.33484,271.1053,636.8392,290.59265,658.5217,296.48328,61.694633,268.36618,60.799046,196.61952,68.19023,143.62238,83.20644,98.82675,121.25602,45.66163,157.15068,21.613508,0.024956445600052925,1,0.1377961,0,0
551.82263,236.61458,659.7688,218.16127,567.93146,336.81357,681.7394,303.0408,600.31805,184.45555,606.9667,213.90997,615.4646,237.3907,629.51697,259.93478,648.60443,274.91986,667.231,282.6771,99.608925,303.34576,100.31069,230.47499,106.56156,173.69417,122.879585,118.17608,151.23537,76.861115,182.3721,50.549255,0.028265136353110714,1,0.1377961,0,0
551.5447,235.79291,659.9316,216.8593,567.7766,335.19116,681.3654,301.77972,602.1728,193.28519,605.47394,227.18623,611.62,250.49866,626.4273,272.51746,648.07324,281.39987,667.0492,282.2698,99.38681,278.0293,92.589745,198.17131,94.88086,144.33765,112.5786,90.71362,147.55185,61.07314,182.1656,48.932312,0.038358508271349775,1,0.1377961,0,0
551.67316,234.7564,659.5692,215.959,567.88995,334.40094,681.3749,300.88544,603.9121,196.34042,606.22864,231.23045,611.0988,255.15218,626.33685,276.64606,647.94086,282.75177,667.6377,281.81903,101.33261,268.0814,92.224464,186.59274,92.005684,132.40588,110.52811,80.11181,146.40906,56.295994,183.17535,47.49317,0.04057594170510735,1,0.1377961,0,0
550.49207,233.89061,658.85724,214.89499,566.8437,333.62073,680.49994,299.86493,602.91956,192.61151,605.7081,226.24503,611.9088,250.71046,626.2822,272.45123,647.9878,280.23846,666.5118,280.24127,102.20724,274.39694,94.4152,195.43486,96.285416,139.19797,113.23572,86.51906,148.71182,59.084145,182.90958,48.92875,0.04086505049082855,1,0.1377961,0,0
549.64996,233.19035,657.4898,214.1934,565.858,332.76892,679.5119,299.12198,601.6003,182.22867,607.60126,213.2541,615.4683,235.12505,628.46185,257.78543,648.5004,272.99457,666.3485,279.6914,105.979256,298.66245,104.66404,222.31773,110.2937,169.44171,124.58409,114.0393,154.48717,71.63274,184.5705,47.85969,0.03192369660144895,1,0.1377961,0,0
546.8458,235.36584,655.2917,216.08049,563.0446,334.96948,676.0348,301.40152,596.70465,161.36475,605.1425,187.75023,616.19617,212.67389,629.5928,231.03116,647.19995,255.73152,664.89246,267.1362,109.6718,353.58673,115.11305,286.40073,125.80387,223.74356,143.29828,176.27977,165.8801,113.07802,194.54475,78.988045,0.017882968421848958,1,0.1377961,0,0
547.2557,235.41234,655.0706,216.87457,562.97644,335.1792,676.6819,301.39005,594.25104,171.6201,595.45703,203.7456,600.9842,228.32323,616.2208,251.92712,641.80615,264.29193,666.1593,269.19415,101.244446,333.38757,91.11563,254.027,91.97207,195.13835,110.24931,136.41066,151.65855,97.39047,195.5456,74.05348,0.029813053820009164,1,0.1377961,0,0
546.8321,235.54709,655.0186,217.02548,562.7128,335.43597,676.70624,301.54727,595.03973,176.67856,592.5867,210.1128,595.97784,233.36763,612.3824,256.76526,638.57117,267.2597,664.83606,269.18552,101.24225,320.4393,84.0934,240.21458,81.7755,186.06291,101.96297,128.02263,144.62383,92.97687,193.0834,75.14719,0.02590465175119968,1,0.1377961,0,0
546.74207,235.6687,655.3106,216.99823,562.41626,335.21536,676.39166,301.54578,596.08624,174.19957,595.53784,206.88127,599.7768,231.0888,614.46466,254.64606,640.27783,265.9491,665.49023,269.5182,103.63993,325.85443,90.36011,246.75032,89.225876,189.80502,106.54974,131.81421,148.49866,95.07368,194.35295,74.19634,0.030394851100597094,1,0.1377961,0,0
546.2844,235.07133,654.06995,216.59848,561.8513,335.1971,675.506,301.13922,598.07745,166.82364,601.8859,196.60847,608.6408,221.44704,624.1285,244.39323,644.4349,260.62573,665.92633,269.23114,111.87193,343.51892,107.11326,267.86078,109.87572,206.74977,129.13292,148.34427,159.95988,102.94745,197.0905,72.93327,0.029971090408677903,1,0.1377961,0,0
550.40784,234.62381,658.4042,216.47708,566.1716,334.05267,680.0629,300.77316,584.12213,127.60717,591.5179,155.80577,601.2511,183.6635,614.20953,204.90298,632.25745,223.49469,651.4254,234.68034,93.1584,452.46524,96.10171,374.70377,103.402176,300.87473,119.067085,244.7472,145.17435,193.82562,176.93312,159.57265,0.02596893997051945,1,0.1377961,0,0
549.5488,234.8069,658.51666,217.31015,565.26636,334.4301,678.9208,300.9924,580.85236,140.53271,580.5577,172.96071,584.59814,197.61421,600.34924,220.68427,625.67737,232.9522,650.85046,236.60587,81.16881,414.55505,69.22677,332.07272,68.08904,271.83804,87.87921,213.52127,129.02522,176.05685,175.36853,157.10912,0.02942664106799002,1,0.1377961,0,0
548.9277,235.63884,657.2596,217.84695,564.7566,335.69232,678.0816,302.13525,582.0993,146.88428,578.3086,179.69171,580.3762,204.23514,596.6564,228.18753,624.7878,237.18924,651.26025,236.26128,83.55554,399.41724,65.015015,317.58768,60.51499,258.9759,80.828705,199.13397,128.00505,167.92213,178.92305,158.74153,0.02440932082511571,1,0.1377961,0,0
547.897,236.6256,656.32074,218.61282,563.8748,336.3119,677.1032,302.77658,582.3671,148.54887,578.8063,180.22571,580.3228,205.39328,596.9241,229.18555,623.7052,237.64264,649.71576,236.95247,85.85958,396.9894,67.988144,318.10196,62.201283,258.13696,83.06557,198.42154,128.0079,168.82066,177.81998,159.21652,0.024993093153066033,1,0.1377961,0,0
547.0316,236.83188,655.4306,219.16234,563.0209,336.45227,676.1653,303.07272,582.77844,145.19301,581.29346,176.68596,585.50793,200.86757,599.3882,223.51022,625.28204,235.60345,648.662,236.7413,89.6049,406.88773,75.28047,326.9721,74.35639,267.73676,90.98219,210.85054,133.4611,173.37791,177.78021,160.8799,0.03260861702955244,1,0.1377961,0,0
545.9209,237.7634,653.6224,219.45975,561.844,336.7332,675.1429,303.6071,584.7839,135.34337,591.80786,161.79982,601.2447,188.35146,613.6122,208.12772,631.90967,226.65935,648.82153,238.31813,101.79622,438.11655,104.50632,365.62875,111.60778,295.34747,126.75994,242.85457,153.52518,191.7066,180.89769,157.10966,0.025829229208873136,1,0.1377961,0,0
536.3286,234.54958,644.7752,215.32242,552.6441,333.7753,665.45685,300.13806,564.73517,149.50623,566.3847,181.3728,571.9835,206.12865,587.47253,230.44199,609.177,244.2915,631.84436,249.67473,73.97093,386.72946,65.80105,308.53107,67.239815,249.28198,85.89734,189.00336,119.34452,149.23764,158.91893,126.750244,0.03348100569231536,1,0.1377961,0,0
535.3662,233.77258,644.42993,214.72495,551.7549,333.17377,664.5692,299.30923,564.5247,158.41713,559.59265,191.43784,561.8651,215.58124,576.98956,240.91766,603.82635,250.06915,631.3978,249.79591,70.96805,361.1525,51.42906,284.39026,47.731426,229.49425,65.12361,168.80905,108.26472,137.50279,158.69102,125.11071,0.024365698867212862,1,0.1377961,0,0
533.7781,233.07721,643.4586,213.95432,550.2199,332.66772,663.6013,298.61768,564.5681,162.0129,557.08765,196.00833,557.8631,218.84695,574.12054,244.22832,601.88696,251.68594,630.67114,248.9328,71.91717,349.95648,47.898804,272.49884,42.231167,221.62817,61.296215,160.927,106.11836,132.87122,159.3792,125.27916,0.01729888146345606,1,0.1377961,0,0
533.0158,232.04933,642.44104,212.92227,549.3317,331.45605,662.64886,297.63437,563.309,158.4331,557.8631,191.64914,560.3854,217.25764,575.29175,240.51166,602.7034,248.69402,629.5548,248.38338,72.1763,356.75034,51.73202,279.821,48.026745,221.72775,65.65265,165.71295,110.004364,136.20552,158.973,124.23256,0.02311628955161399,1,0.1377961,0,0
531.87244,231.45218,641.35565,211.6238,548.3446,330.6531,661.62524,296.6864,563.9118,151.81288,565.8792,181.1489,572.19525,211.10454,586.9856,230.86266,605.5064,242.82973,628.3255,247.32921,77.6637,369.79034,70.99791,299.16052,71.880005,228.75539,90.71101,179.31956,118.9958,145.06589,158.85179,124.330795,0.03656537820376986,1,0.1377961,0,0
528.02704,234.23389,636.51227,215.29419,543.9743,334.90167,657.80695,300.92545,568.3176,169.97168,567.62103,204.10193,572.6524,227.97636,586.7975,251.85466,611.9547,262.19113,636.4262,265.84995,87.98432,333.112,74.57311,252.07309,75.23661,196.62573,91.49887,139.19469,132.07555,105.54813,175.71602,85.39259,0.03196279410723405,1,0.1377961,0,0
527.37537,235.095,635.9806,216.34436,543.47266,336.0608,657.5753,302.03647,568.627,180.89723,562.1939,215.85127,563.78125,239.4563,580.71344,261.68192,609.00867,269.30255,636.9161,266.63953,86.0723,308.55618,62.542374,229.1981,57.639988,177.02927,78.88143,123.129234,125.13598,93.94405,177.46686,85.4745,0.018281136546619736,1,0.1377961,0,0
526.5843,235.78795,635.4577,217.13995,542.88086,336.407,656.7081,302.8293,568.20715,186.25874,560.7175,219.86234,561.9304,243.73642,580.85425,266.8995,608.7201,271.30054,636.91974,267.4266,84.86338,296.76862,60.208637,222.0695,54.660908,169.99603,78.83626,113.60959,125.44037,91.2896,178.84862,85.301994,0.016080315898906083,1,0.1377961,0,0
525.86816,236.56253,634.65015,217.75809,542.052,337.2305,655.8369,302.98737,567.0917,185.3752,561.7143,217.84047,564.09717,242.6942,580.08466,263.40976,607.96533,270.61002,635.18,267.7881,84.523964,301.06262,63.862976,227.62688,59.885387,172.50917,80.010704,122.06605,125.78164,93.733345,177.0508,85.813416,0.021304093216121922,1,0.1377961,0,0
524.89136,237.46497,633.80304,218.68524,541.0937,337.65805,654.9621,303.89703,566.1907,179.44965,566.9501,210.79837,572.6214,234.30302,586.7755,256.67776,610.50696,266.33752,633.7537,268.8726,87.27079,317.68604,77.42469,243.53024,79.187614,188.82816,95.84566,134.56204,134.1439,102.89421,175.998,85.72927,0.03302102242951663,1,0.1377961,0,0
516.116,241.17612,624.65375,222.20721,532.5644,341.39767,645.02075,308.11404,561.7725,195.62434,567.2162,222.5398,606.4063,257.36783,596.42065,280.42245,609.67773,290.0706,626.4113,299.3415,90.81282,284.64102,90.94656,221.48158,148.97467,128.36378,121.76155,84.23526,141.8377,57.401527,168.7412,29.046999,0.014992151161578366,0,0.1377961,0,0
516.5381,241.60547,624.75934,222.44533,532.3183,341.9476,646.47064,307.6852,561.7176,210.58252,559.5332,243.67255,563.2395,269.685,578.549,292.12567,602.5598,300.89987,626.5776,301.5515,85.091095,252.5179,69.82338,178.74634,67.58858,122.03909,85.74991,69.1135,123.499016,38.972492,165.9475,24.20309,0.031770285449535744,1,0.1377961,0,0
517.20056,242.15962,625.09686,223.18427,533.27747,342.0141,646.81995,307.9159,561.496,216.14832,557.51105,250.19058,558.9035,273.97345,574.9452,297.54465,600.4601,304.01187,627.751,302.04446,82.0115,241.43114,63.381958,166.98344,58.06827,116.46628,76.92189,61.20888,117.753654,34.817974,167.15965,23.359474,0.02484023708050853,1,0.1377961,0,0
517.5484,242.23267,626.01855,223.27995,534.1708,342.03757,647.64233,308.07065,560.612,215.97365,557.3659,250.01428,559.0735,273.82703,575.39233,297.33545,601.7035,303.9687,628.5105,302.1664,79.51761,242.24019,62.18778,167.99634,57.302643,117.427574,76.46383,62.19283,118.5268,35.03666,167.02342,23.5308,0.02565008970191748,1,0.1377961,0,0
518.84155,241.38661,626.61273,222.67133,534.7036,341.23618,647.9175,307.15314,558.5525,209.78804,557.5684,242.30708,561.80634,267.9133,578.4424,290.51346,602.83777,299.59543,629.32196,301.77234,75.70366,256.2422,63.02431,183.19781,61.94365,126.91122,82.3679,72.76208,120.882416,41.630646,167.5569,22.215963,0.028129810208173674,1,0.1377961,0,0
519.0482,240.41089,627.0381,221.53024,535.0107,340.36816,648.3375,306.8453,556.93964,198.99707,562.0604,228.89272,570.22363,252.13184,580.4898,274.0131,607.29456,290.26874,629.8915,299.28696,76.037254,279.2243,74.72521,208.8784,80.93272,154.77818,91.02808,104.05124,131.81294,57.127407,168.96127,26.2654,0.028429333777586416,1,0.1377961,0,0
518.6072,228.07532,626.2082,208.44122,534.8327,327.24063,647.24646,293.68805,542.84937,183.26608,543.18915,216.5659,548.2673,241.57118,564.352,265.39276,586.8269,275.31445,610.7393,277.6218,53.529884,290.61813,43.499077,215.27931,44.315773,159.60287,63.60028,103.030304,98.298744,71.630325,139.49773,54.196056,0.032956219967921675,1,0.4939735,1,1
518.0615,227.77017,626.46515,207.95465,534.23004,327.50766,647.27454,292.73068,543.3405,189.9309,539.6065,224.0056,542.76575,248.75891,557.7486,272.47815,583.77124,279.17194,610.5906,278.11346,52.1478,273.88467,35.473755,199.62732,33.45171,146.33743,50.635662,91.32635,91.454636,64.575264,138.50993,52.05773,0.027350478678553697,1,0.4939735,0,0
518.0132,227.70409,626.4297,207.68925,534.0909,326.85403,647.29584,292.97272,542.874,189.10497,539.8163,223.41924,542.7935,247.89825,557.9444,271.0767,583.7306,278.33517,610.498,277.78253,52.060295,275.76443,36.360004,200.55907,34.100914,147.69853,51.844097,93.50927,92.27263,65.89312,138.9951,52.66823,0.027767283307618677,1,0.4939735,0,0
517.85736,226.84738,625.3744,207.24255,534.0846,326.28897,646.7524,292.4832,541.0658,179.94528,541.18915,212.82162,547.3221,236.27377,562.70215,260.28467,586.66,273.0638,610.1041,277.0516,52.453674,296.1544,42.16186,221.31972,45.20361,168.23976,63.257797,111.39001,99.4916,73.46999,139.17609,52.85927,0.03073966974812178,1,0.4939735,0,0
517.42426,226.37456,625.44653,206.54039,533.5603,325.3716,646.4194,291.53064,541.084,165.04834,550.3074,189.3303,561.7288,215.12549,577.20905,239.27708,592.4916,258.42636,609.19727,273.8382,57.661522,330.08057,65.756966,269.79993,76.942474,206.91994,95.49814,147.3217,115.3187,99.162895,139.06146,58.195126,0.015026514525714246,0,0.4939735,0,0
510.15878,215.96513,618.1638,196.84468,525.97345,316.42804,639.22375,282.385,538.06165,127.37057,547.5607,152.89482,558.3426,177.27078,572.9432,201.06216,588.9005,221.73013,604.52765,237.38249,74.12727,396.87988,82.48124,330.70465,93.32137,268.91177,111.038475,208.58078,132.197,155.53229,154.70842,113.880684,0.015120813497173554,0,0.4939735,0,0
508.73953,216.48672,618.3723,196.95862,525.13293,316.97995,638.3215,282.1981,536.10443,140.53148,535.9465,172.56104,540.0118,197.45157,554.80414,222.34074,579.61017,234.96524,603.7845,239.32083,67.06731,360.52185,56.392727,285.82773,55.484577,229.09157,72.51324,169.74658,111.02846,131.87567,153.12318,110.74567,0.03276545550837536,1,0.4939735,0,0
508.7619,216.25073,617.99744,197.28009,524.6701,316.33026,637.85736,282.17783,537.1123,144.82379,533.9813,179.40968,536.89026,202.17226,551.7216,228.04887,577.92584,238.28108,603.5563,239.90509,67.358795,351.47998,50.924023,271.4204,48.942196,219.8942,65.83724,158.56398,107.421036,125.22773,153.18988,109.36288,0.028566506505577082,1,0.4939735,0,0
507.59866,216.40211,617.48474,196.8814,524.03796,316.8052,637.64276,282.2456,537.83374,142.83746,537.19965,177.2245,541.772,201.45212,556.33734,226.44643,580.66064,236.81128,603.85547,239.78732,71.42803,354.476,59.00284,274.5094,59.069347,219.20404,75.58649,159.75037,113.972115,126.81575,154.73915,109.11896,0.03456498406927809,1,0.4939735,0,0
507.39542,216.29881,616.4547,196.79814,523.535,316.09933,636.9474,282.16946,540.7489,134.77551,547.81616,164.2609,557.0348,189.5271,568.0492,209.71996,585.3714,227.86879,603.86285,239.05547,80.831696,375.2612,83.15601,301.89352,90.67971,240.15453,103.01451,190.49004,127.28294,143.01895,156.68874,109.78293,0.02919735288041356,1,0.4939735,0,0
504.4742,215.95073,614.40106,195.50568,520.82263,317.022,635.7848,281.7926,539.0119,156.36244,539.2994,189.61806,544.29193,216.4876,560.9149,241.20288,581.7982,254.50084,607.14453,261.1489,74.820915,320.36737,64.10304,243.53192,63.843197,182.93945,83.58428,123.70838,114.45477,86.08027,156.54819,58.907936,0.031761594132070546,1,0.4939735,0,0
504.2146,214.80197,613.7303,195.42313,520.60297,316.4553,635.7858,281.49527,539.8827,162.03493,534.4487,194.62283,535.9291,219.65576,550.40247,245.03159,577.47205,258.3117,606.07275,260.82748,74.863,305.71622,54.487625,232.40027,49.120884,177.68277,64.9035,118.98933,105.58888,79.12641,154.75044,59.06657,0.02253703145657168,1,0.4939735,0,0
503.6917,214.45692,613.3108,195.28291,520.15704,315.81192,635.32166,281.5481,539.63477,161.2619,533.80023,193.99084,535.5833,218.51941,549.86523,244.0023,576.66956,257.39838,606.0623,260.8303,75.67191,306.66364,54.508003,233.19977,49.76548,179.41899,65.21247,120.55529,105.46787,80.74171,155.65485,58.656174,0.021719003553974204,1,0.4939735,0,0
502.6455,214.9179,612.57416,195.39085,519.0623,316.04977,634.3264,281.13696,538.9369,157.4912,537.32684,190.63824,540.3663,215.00444,555.33997,239.7916,579.5546,255.071,604.68823,260.28943,77.28381,316.56787,63.116722,239.95958,60.31952,185.34784,77.142654,126.75252,112.74024,83.68229,154.92487,59.77821,0.03099431147111321,1,0.4939735,0,0
501.86542,214.9659,611.77014,195.14136,518.1705,316.09372,632.9599,281.1181,540.1513,151.96388,546.00085,180.1318,554.4763,206.83809,567.45886,229.93758,585.68243,249.48141,604.2593,260.22964,82.52488,328.15543,82.95569,260.09128,88.41298,197.00479,102.73886,141.54704,127.34154,91.678246,156.23837,59.57251,0.030417105116144857,1,0.4939735,0,0
501.11432,205.3138,611.55774,185.28178,517.47314,307.37332,633.0048,271.5107,525.60004,172.8951,527.64105,206.13254,533.4049,231.8444,547.3897,254.62042,571.0758,269.5056,593.607,275.19647,47.948795,260.82285,41.375008,188.12325,43.151752,132.919,58.656887,81.29988,92.2007,40.134537,127.939804,16.453156,0.03449875061356188,1,0.4939735,0,0
501.54535,205.42035,612.22015,184.92009,518.5238,306.50037,633.6921,271.23126,527.9536,184.75174,524.333,219.26479,526.92035,245.68869,541.8094,269.80106,568.6484,278.0225,594.6699,275.65353,47.857872,233.89088,31.670685,162.49947,28.227907,108.52545,44.3941,54.760643,84.36318,24.78041,128.50183,14.613194,0.028981433252843847,1,0.4939735,0,0
501.49353,205.55548,612.3708,185.11212,518.4241,306.78955,633.89984,271.43692,527.1494,185.57812,523.74585,220.80489,526.0624,245.71417,541.81,269.96582,567.58154,277.4035,594.50775,275.6576,46.276844,232.71233,30.361565,159.90762,26.981949,109.20035,44.40289,54.841686,82.8014,27.00557,128.07553,15.19278,0.027611199423696192,1,0.4939735,0,0
500.749,205.57745,611.5351,185.10315,517.7008,306.99298,633.0647,271.73328,521.7231,177.62843,522.9348,212.68651,528.7686,236.40572,545.1639,260.23102,569.81323,272.01584,593.6728,275.55402,41.103886,251.6334,32.65759,176.66927,35.03661,126.16889,53.805645,71.69868,89.62725,36.094265,128.22078,15.89675,0.02993853442715493,1,0.4939735,0,0
486.80624,203.59517,596.23346,183.47809,502.97095,305.10242,617.2492,270.0954,492.8695,147.37471,501.84216,176.316,511.15845,202.99141,528.187,227.80762,547.15076,244.70984,562.5361,255.38327,24.685638,319.99805,31.3025,252.45032,38.903694,191.8361,59.396183,133.28423,85.478485,90.11704,107.85626,60.883644,0.02223605894995266,1,0.4939735,0,0
487.4001,202.5566,597.1454,183.38995,503.23163,304.46716,617.6336,269.46664,491.94977,157.65758,494.82422,191.93951,502.4642,215.09285,518.20874,240.34952,540.9659,252.25754,564.0105,256.5262,18.518467,294.72952,14.172797,219.46011,20.23287,168.72742,38.25312,111.47732,71.31103,77.21225,108.42841,56.929756,0.030279921164837794,1,222.222229,3,3
487.45554,201.49834,597.30994,182.1882,503.51416,303.3925,617.66736,268.2648,491.29483,157.84392,493.99124,191.79945,501.02374,214.59732,517.8124,239.78836,540.9825,251.52164,564.02374,255.64603,17.127596,291.6798,12.54123,217.75108,17.674961,168.23993,37.239906,110.82735,70.949776,76.66744,108.106895,56.58463,0.02919688747136488,1,66.8896332,2,2
487.2553,200.7861,596.85626,181.25427,503.52084,302.7356,618.23346,267.5509,490.25076,150.21585,498.30124,180.79982,509.24722,205.59938,524.02625,228.5852,548.20276,245.9637,564.1898,254.23622,17.950212,308.40802,22.611942,238.22069,33.306858,181.70016,50.42563,128.46379,84.55368,82.25745,108.60786,57.609467,0.022235451924875704,1,2.2941041,0,0
486.93835,190.72626,597.3885,170.61568,503.25598,292.13245,617.47943,257.1646,501.791,114.07753,509.86758,142.57379,520.15643,168.28593,530.5819,188.94759,553.58685,211.67856,571.71747,223.3956,45.05832,362.8269,50.0832,295.38934,59.516396,235.19472,70.58079,186.83377,102.280365,128.94258,129.82246,95.65845,0.02349482298210962,1,2.2941041,0,0
486.28824,189.0783,596.5787,170.59274,502.43198,291.70853,616.7953,256.7153,499.0283,124.75229,501.40002,159.02701,507.20776,182.96071,523.1233,208.34825,547.681,220.85503,570.6101,224.3623,37.248856,335.71118,31.429386,258.38065,34.171955,205.46097,52.59921,146.98236,89.34298,110.75397,127.89601,92.55425,0.03204060933729724,1,2.2941041,0,0
485.98297,189.12837,595.4908,170.92885,501.29654,291.9726,616.2937,256.62952,496.04395,126.31572,497.46753,161.45407,503.35028,185.20706,520.0186,211.04608,545.8324,222.2551,569.6384,224.83401,31.995647,335.9157,24.825768,255.28816,28.064142,202.18246,47.785843,142.24286,86.91298,108.05085,127.246376,91.31095,0.030216674037588393,1,2.2941041,1,1
484.95093,189.79514,594.5877,170.83728,500.2513,292.01846,615.2914,256.66214,492.6519,123.44548,497.04706,157.5402,503.94458,180.62811,521.16516,207.37929,544.54266,219.6516,569.22955,224.49849,29.141596,344.63324,27.148895,265.12546,32.173416,212.50826,52.67092,149.66167,87.6798,114.02155,128.76465,92.01452,0.027625662792058664,1,0.10087,0,0
482.8673,190.53096,593.272,170.58702,498.97137,291.68668,613.62115,256.67142,490.0906,115.10368,500.04062,143.6104,512.0195,169.60104,526.49713,191.86136,547.75134,210.09608,567.72687,223.6162,31.694508,363.6179,40.029392,295.33377,52.246445,233.7433,69.560974,180.23254,99.64906,132.3981,129.6601,94.362335,0.016710222808418263,1,0.10087,0,0
488.3991,183.36057,597.894,163.78896,504.4004,284.274,618.7562,249.6609,503.09586,95.05373,507.07782,128.62276,512.7668,154.26883,527.2097,178.84581,548.8755,192.63394,572.4334,198.74098,49.05841,395.89752,45.454033,314.2208,47.27197,253.96759,63.96939,194.75629,96.45404,156.09015,136.01251,132.21928,0.03464807375486065,1,0.10087,0,0
487.64154,182.7074,598.6387,162.1285,504.41226,283.2119,618.70874,247.99002,507.42688,105.5524,503.09125,142.03755,505.51538,167.41629,520.4408,193.32146,545.8919,200.86751,571.9826,199.23595,53.92621,362.77274,35.49343,280.95255,32.04842,225.21048,48.47903,165.0077,88.121056,138.00395,134.11533,129.06604,0.028832723074604223,1,0.10087,0,0
487.686,181.50888,598.8305,160.69751,504.39493,281.8292,618.5498,246.98323,510.42792,106.23431,505.053,143.33049,506.2304,168.88477,520.451,194.76822,546.3806,201.28381,571.9582,198.21706,58.28291,356.41324,37.91469,274.41077,32.427956,219.1629,47.79296,159.55807,88.56203,134.43294,134.11423,128.71643,0.02636460648961778,1,0.10087,0,0
486.87375,179.07343,598.63306,158.43182,503.7147,279.64792,618.68286,244.55711,511.78876,99.01244,510.42853,136.00316,514.3567,162.14204,527.42804,187.39803,550.57513,195.77347,572.14795,195.44699,63.32713,367.7555,49.318874,283.49783,47.83487,225.16342,61.448715,166.61566,97.299934,138.82278,134.973,129.32668,0.04347767848162167,1,0.10087,0,0
486.33038,176.56456,597.1233,155.97063,503.31152,277.58978,617.7408,242.42148,511.24838,88.5293,515.30994,122.105865,521.08655,147.15033,533.2796,172.20724,552.62,185.6623,571.70557,192.67772,66.95894,387.42892,62.767727,307.66394,64.39886,249.63002,76.75314,190.62477,105.22798,153.60872,136.29651,129.71353,0.0446033152254852,1,0.10087,0,0
485.87363,174.96178,596.2862,154.93271,502.28195,276.2508,616.9711,241.2852,508.56705,72.27622,519.2334,100.90854,529.28503,122.58683,541.7039,148.89297,555.6382,170.16432,570.6043,187.3753,67.695946,426.627,76.93395,354.06833,87.25639,299.93903,99.93493,235.43304,116.9162,182.60397,137.20592,138.44452,0.01503580595183946,0,0.10087,0,0
492.1479,176.45406,602.04144,156.40948,508.0965,277.42593,623.0248,242.57564,499.9004,67.71352,505.55573,98.42362,514.9239,126.03158,529.171,151.61668,549.1395,168.42375,569.2108,179.78366,43.108894,448.38037,43.427063,370.70328,51.004887,302.73538,67.28244,239.7672,96.181854,194.77507,127.63623,161.19989,0.028511765768450565,1,0.10087,0,0
492.23022,176.32332,602.5186,156.2058,508.3337,277.12646,622.8788,242.31038,500.86646,78.18722,499.3658,112.77723,503.1372,138.78517,517.7391,165.38335,543.7362,176.8114,569.7941,180.53389,41.096687,418.253,28.285263,336.1882,27.146252,276.33997,43.436996,213.39774,83.385345,178.57156,127.762726,159.2079,0.03185796181609383,1,0.10087,0,0
491.9054,175.88313,601.646,156.19131,508.1028,276.79703,622.53906,242.31647,502.8281,85.654495,496.02692,119.82424,496.91083,146.83804,513.22253,172.9599,540.2749,183.3853,570.1683,181.29604,43.20042,400.36154,21.444004,320.70056,15.430085,259.96948,34.535583,198.09154,76.15253,165.12437,129.21484,156.63829,0.020185846878614723,1,0.10087,0,0
491.9934,175.86165,601.8941,156.07436,508.36786,276.83173,622.6407,242.16028,503.39322,87.07992,494.97607,121.350006,495.25687,148.0019,510.2399,172.87692,539.5952,184.33856,569.85846,181.7886,43.57365,395.5388,19.177732,316.8657,12.331575,257.68967,29.500015,199.36826,74.318825,163.41643,128.01183,155.68114,0.01551305077375588,0,0.10087,0,0
493.0876,176.21068,602.92505,156.63205,508.91058,277.42044,623.53644,242.80005,501.48425,84.19792,495.5582,117.28492,496.7435,144.06543,513.30695,169.65611,541.00836,181.17125,570.58813,181.66206,38.64378,405.14334,19.080475,327.62134,13.850164,267.13126,33.68972,206.25154,76.16061,170.85614,127.758934,157.09386,0.020440272347617312,1,0.10087,0,0
493.06384,176.66188,603.43256,156.13252,509.42935,277.23175,624.26935,242.75377,498.27255,75.23957,498.17194,108.04591,503.63556,133.80133,518.3232,160.02966,546.1318,174.75304,570.83765,180.51768,36.8961,427.19623,26.852304,348.60583,28.460718,288.28668,44.98368,225.54936,87.09766,182.70801,128.33963,159.43054,0.03021332015046636,1,0.10087,0,0
489.62955,179.72926,600.25055,159.54018,506.50406,281.2436,621.1495,245.58305,471.63632,74.17568,480.30502,102.86822,503.3346,133.96861,506.81177,162.85301,525.6141,174.8772,543.4532,188.0602,-0.73119354,438.7442,5.5539007,369.61038,34.22148,293.20917,31.413294,228.97688,58.406803,196.34596,83.92224,161.01497,0.016212433980299236,1,0.10087,0,0
489.8306,180.23817,599.3148,159.56807,505.67053,281.21,620.3155,246.23239,473.84906,92.45078,474.2481,129.42525,478.88565,155.02722,489.4181,173.35388,519.4738,190.48914,543.9496,190.59311,-3.6826684,400.5801,-12.256693,314.74335,-11.045121,257.133,1.0477383,214.48636,44.576073,166.5997,85.44172,155.61559,0.03551195999658119,1,0.10087,0,0
487.34094,180.8911,598.6142,159.6184,504.20624,281.36063,619.3725,246.02458,475.55356,103.40042,469.66714,140.93704,471.95764,167.60696,488.8163,190.07956,514.23206,197.36128,543.1237,192.17004,1.9635749,371.89886,-17.018679,290.10492,-20.032497,233.11115,-0.10194915,180.70389,37.367382,155.14943,86.203606,152.96593,0.022933297638688815,1,0.10087,0,0
486.65704,181.79489,596.74365,159.57709,502.87006,281.27472,617.2609,245.98378,473.42545,107.610756,465.3962,144.86101,466.694,170.80139,484.59943,196.02994,512.84186,199.64134,541.58356,192.09125,-1.8693285,367.03387,-24.051779,286.31772,-28.127388,230.85344,-6.746739,171.73965,36.65176,151.67203,86.52877,153.89842,0.01800341624520383,1,0.10087,0,0
485.12137,179.72179,595.2596,159.88075,500.80255,281.8341,615.3261,246.57959,467.97476,106.61605,461.9474,142.61267,464.29202,168.57593,482.31592,192.03891,510.5127,198.33163,539.68097,191.72878,-9.497608,362.3398,-27.00624,284.7272,-28.980207,229.99168,-7.1138134,176.24255,34.960598,152.23158,84.87383,153.3123,0.021084234030646066,1,0.10087,0,0
483.56,182.01987,593.3629,161.02307,498.9901,282.44138,613.53735,247.51575,461.4366,98.765564,461.12302,132.498,465.67877,158.63234,480.45685,177.66231,511.14584,193.35909,537.40533,193.05473,-15.302994,390.42145,-23.610548,313.72348,-22.347988,255.64949,-3.7978098,210.25444,40.9524,165.05809,84.743996,153.99425,0.02717510674625423,1,0.10087,0,0
481.43906,181.4632,591.47345,161.77727,497.40396,282.79263,611.78235,248.12204,454.24658,84.53534,463.65524,111.9893,494.3519,176.73032,496.19434,175.0092,514.9595,181.52493,535.7911,191.71281,-19.398293,420.61423,-10.971411,355.26617,21.403728,205.0565,24.799686,207.98773,53.437717,187.13182,85.218796,157.01247,0.02128850010268098,1,0.10087,0,0
478.93982,186.71022,588.1341,166.1616,494.78162,287.579,608.92285,252.41252,435.6591,105.47973,441.73062,136.59103,452.83664,162.90497,470.1407,186.01324,491.52176,201.70671,514.0602,209.5509,-49.061695,390.66266,-46.122322,319.18402,-34.717743,259.16632,-13.438947,204.82935,15.922573,164.1186,49.834183,138.22997,0.02167701705438691,1,0.10087,0,0
480.07672,187.24496,588.19464,166.61345,495.2655,288.10507,608.87726,252.33676,439.95673,117.242905,438.19724,151.82828,441.6579,176.45706,459.67484,202.42952,487.35577,211.09647,514.7636,211.13725,-47.713974,366.2465,-56.92755,289.73224,-56.199398,236.72675,-34.42577,177.26387,5.700558,148.21397,49.385532,135.6795,0.025839901832105838,1,0.10087,0,0
479.28583,187.42502,587.99176,167.68118,495.13766,288.91214,608.7207,253.08386,441.8905,119.91985,436.8933,153.83897,438.2989,177.99133,456.3267,204.66158,485.899,212.78633,514.4651,212.29907,-42.421482,356.88663,-56.543774,283.9961,-58.928005,233.64272,-38.061707,174.08612,4.0299587,146.047,49.078766,134.46648,0.020259487597857277,1,0.10087,0,0
479.01086,188.40538,587.16583,168.2708,494.4768,289.3128,607.76587,254.0344,439.7343,117.278824,436.95236,148.97173,439.02545,174.19002,457.52048,201.1145,485.09186,211.28027,514.0937,212.86221,-45.666428,367.23392,-56.11109,297.55093,-57.686775,243.78107,-35.54965,182.50226,3.9768243,150.88283,49.76076,134.80788,0.0232957753588091,1,0.10087,0,0
479.03775,189.29228,587.58057,169.21825,494.3863,290.1394,607.9111,255.37758,437.7726,107.83632,440.2533,139.35431,446.90265,164.9586,464.18954,191.07718,488.57034,206.5599,514.29846,213.04811,-46.771847,390.72476,-49.22374,319.11865,-44.158062,262.13525,-23.339653,201.96045,10.766531,160.78845,50.32407,136.37894,0.026692277163639474,1,0.10087,0,0
487.2306,193.31067,594.8294,173.36273,502.41003,294.0715,615.7934,259.338,435.90778,101.94348,440.16403,134.71452,447.9228,160.55295,462.67853,185.56761,490.3631,200.9477,510.1762,206.0908,-61.972477,419.7212,-61.32012,342.50128,-54.152004,283.27505,-36.475895,225.3132,3.1277053,182.8824,33.644928,164.01128,0.03045030194885451,1,0.10087,0,0
487.5741,193.81523,596.0091,172.82457,502.95267,294.35812,616.0608,258.84744,445.16083,112.37688,441.65652,147.9496,443.5372,173.82907,459.05054,200.4393,483.30136,209.02197,510.66464,207.09473,-48.387558,390.92554,-60.718582,312.68036,-62.69396,257.51035,-44.853252,197.79248,-10.181371,170.74641,33.425694,162.85509,0.030254915226407053,1,0.10087,0,0
488.1566,193.29207,596.8308,171.89514,503.23282,293.53357,616.6216,258.3502,444.61734,109.72166,440.64163,143.42332,441.59818,170.09322,457.8797,197.07089,483.61444,206.6733,511.22745,206.95753,-50.3329,396.70276,-62.981617,322.44302,-66.38259,265.52612,-47.198784,204.38654,-10.184433,174.51505,33.481087,161.8969,0.026124052510014123,1,0.10087,0,0
489.48148,191.94925,596.68243,171.56195,503.75107,292.95633,617.6118,258.25836,438.18408,95.85149,441.53232,127.78911,448.4724,154.39635,464.3307,179.70107,493.0536,197.47408,511.86853,205.305,-63.873947,434.76068,-63.85294,357.60208,-57.400543,295.49506,-37.219357,235.44916,4.469771,186.98935,33.115612,162.73528,0.029527724995397846,1,0.10087,0,0
492.6479,191.55716,601.7784,169.87798,508.50806,291.67178,623.12366,256.91208,448.71475,97.92783,454.81964,129.09543,465.47064,155.36029,480.99615,177.23955,506.61526,195.24043,527.82196,202.08572,-48.35868,423.8551,-45.339222,349.47958,-34.291576,287.54398,-14.905235,234.76949,21.367245,186.43138,54.109722,162.77275,0.022562277956026718,1,0.10087,0,0
492.12933,189.34348,601.9866,168.90938,508.71906,291.52695,623.5804,256.17123,454.15598,110.725136,452.30316,146.4381,456.88428,171.19077,473.89804,196.83202,501.25034,205.25235,528.27606,202.84071,-40.35815,381.23373,-50.82547,302.81952,-49.082474,249.61151,-29.36443,191.8255,10.058226,164.21535,53.75135,157.70767,0.028131163363892535,1,0.10087,0,0
492.2074,189.57549,602.6696,169.59889,508.75693,291.6597,624.0364,255.99138,457.12494,116.30286,453.05774,152.25304,455.68082,176.7962,474.26706,202.026,500.85342,207.3852,528.53644,203.06891,-36.50669,368.01544,-50.17211,290.2781,-51.233566,238.66316,-29.573925,181.70305,8.725138,160.62923,53.4567,157.86418,0.02434376342526702,1,0.10087,0,0
492.05203,189.47168,602.60846,169.4,509.2774,291.1964,623.88556,255.39188,455.82303,116.26894,454.34497,151.54599,458.92996,177.07619,476.3442,201.26385,502.7502,206.84973,528.4471,202.48985,-37.071896,366.65433,-47.127308,290.57324,-45.9584,236.62422,-26.173136,182.25044,11.732136,160.74965,53.377983,158.85254,0.029716405555864484,1,0.10087,0,0
492.21506,189.66246,602.11786,168.36514,508.85217,290.094,623.3173,255.44702,451.4327,110.53108,454.67743,145.60559,461.42386,169.80783,480.0466,192.37025,505.3292,202.20142,528.6161,201.86943,-44.562885,384.7439,-47.426483,306.12137,-42.53745,252.64528,-19.471395,199.2885,17.272024,168.89174,54.934067,159.43044,0.027738898226121675,1,0.10087,0,0
490.96902,187.12613,600.0052,167.04298,506.9919,288.48843,620.9683,253.68288,427.7961,82.216225,441.8145,108.99407,454.55695,129.9054,471.64767,156.35344,492.46436,189.21873,516.33276,155.0629,-75.09818,448.0134,-58.70832,383.60666,-43.38061,333.7805,-22.757568,271.3472,1.816774,195.12283,50.171276,259.61758,0.021696812045464704,1,0.10087,0,0
494.12558,175.64182,603.436,155.3229,510.86737,276.73132,624.87463,241.33429,428.79425,105.65007,435.94397,137.4414,445.30658,162.81288,461.33008,186.76544,485.02814,202.36911,507.93832,210.25253,-82.92932,368.82147,-78.35264,298.64557,-69.64596,243.514,-51.395935,190.0639,-20.257544,150.0496,12.29412,124.66121,0.02314001226919512,1,0.10087,0,0
495.5644,175.02257,604.3187,155.08621,511.1438,276.9347,625.336,241.02805,434.3321,115.47265,435.63193,150.23492,440.05518,175.79974,457.57578,201.46117,483.13245,209.69568,508.8508,210.76077,-80.26387,345.24335,-83.760345,271.13568,-81.417816,218.33418,-61.145206,162.23874,-26.262236,136.0552,11.881122,122.72813,0.030136192740479784,1,0.10087,0,0
496.93887,175.73537,605.5466,155.7402,513.04785,276.6069,626.4942,240.85883,434.60898,115.90522,438.5241,149.92203,443.75012,175.254,460.67273,199.53484,485.73065,208.57799,510.21277,210.64206,-80.86718,346.32193,-80.98809,273.05072,-77.875244,220.17331,-58.494087,166.52324,-24.441011,138.76897,11.708634,123.933815,0.03024423913390015,1,0.10087,0,0
486.32877,170.59103,596.1882,149.90382,503.52066,271.15598,616.552,235.84839,443.7122,112.54225,440.43164,148.01472,443.0605,173.97818,460.11533,199.42871,488.1075,204.94345,515.18066,201.59657,-50.228535,334.63007,-62.703667,261.75763,-64.354126,209.2663,-45.640965,153.54504,-6.1442914,130.95665,36.428013,125.25257,0.02655991768763393,1,0.10087,0,0
484.65875,168.97919,593.9571,148.11348,501.32,269.61023,614.967,234.21095,443.8715,118.39397,436.63037,151.75974,436.93042,177.14102,456.18588,202.45323,484.78955,205.9864,514.9113,200.53685,-50.483738,320.5814,-67.956215,252.64436,-72.3389,201.85664,-50.010105,145.32724,-9.029564,126.0417,38.97491,122.893585,0.016571641725460235,1,0.10087,0,0
483.8956,168.64166,593.26337,146.83131,500.48575,268.5034,613.64667,233.05208,436.28485,108.14941,434.59058,140.74814,438.96423,166.86995,456.23224,190.39458,484.99603,199.22795,513.2216,199.20023,-58.73188,344.2995,-68.03421,275.7626,-66.937126,221.221,-46.812748,167.95694,-6.0746713,138.0152,37.979702,124.812126,0.024761804889671564,1,0.10087,0,0
484.56973,165.46606,592.5776,144.79048,499.51154,266.38135,613.1412,230.74306,426.2057,76.930176,429.74188,110.36051,436.1216,136.71939,453.0619,161.25487,482.8887,172.85986,505.12982,176.03723,-73.30869,413.657,-73.45644,336.58813,-68.27127,277.69937,-47.395344,220.79256,-4.335919,185.38705,30.230442,169.45914,0.02816243149420966,1,0.10087,0,0
483.97925,167.15895,592.615,144.25195,499.3794,266.16272,613.33093,230.29779,429.64548,87.33516,426.96518,121.412315,428.86105,146.83847,448.6459,172.6577,479.03894,178.27446,504.91098,177.07141,-68.33375,396.7276,-78.762634,320.551,-80.36363,265.31717,-55.62716,203.96608,-10.4529505,179.12668,31.069294,169.65208,0.02292546711990486,1,0.10087,0,0
484.28513,167.23988,593.0734,144.46745,499.83386,266.4555,613.7566,230.37549,430.50018,90.65006,425.13834,124.390785,427.2642,148.83817,447.04303,174.97522,476.79276,181.45569,505.5019,178.00264,-67.4368,387.88928,-81.79679,314.17728,-82.86808,261.53708,-58.527706,200.12196,-15.079407,174.00014,31.134687,167.88118,0.0197102756115016,1,0.10087,0,0
485.63388,167.34825,594.08093,144.97906,500.697,266.29898,614.71234,230.59175,426.66208,89.43193,424.2423,123.39423,427.4895,147.38144,448.27054,173.04326,479.36014,178.56181,506.08405,177.60146,-76.420456,394.22412,-85.84853,318.1062,-84.8856,265.43893,-58.56378,204.09642,-12.481035,179.38048,30.2384,169.20808,0.02136256820535602,1,0.10087,0,0
487.24283,166.6572,595.04333,144.77568,501.8029,266.27783,615.3437,230.17075,420.48264,83.59232,424.9446,115.3986,432.11963,140.40302,451.95184,164.76625,483.8366,173.90332,509.07382,176.8112,-88.25417,407.213,-86.27759,333.52945,-79.39311,276.9378,-53.946205,218.51625,-7.018867,186.32408,32.637894,168.9457,0.021313089180211988,1,0.10087,0,0
488.06863,165.87126,596.9144,145.43434,503.49677,266.54987,617.06354,231.06232,404.50528,38.322704,398.56183,88.13441,414.73148,113.706436,432.79947,138.84895,457.62186,166.5105,477.24817,176.187,-102.388824,504.91983,-118.06299,391.46307,-98.84265,332.74854,-77.06328,275.02872,-46.08184,210.1956,-18.919773,183.17839,0.015212343119492057,0,0.10087,0,0
488.674,170.72865,596.01874,150.26651,503.53378,271.44977,616.33405,235.46849,409.68542,109.3359,415.80066,139.79782,424.0503,165.96408,441.16257,190.24826,463.34406,202.59732,485.61127,209.9185,-107.74072,356.17575,-102.928154,289.55087,-94.80411,233.59563,-74.33987,179.53325,-44.76721,146.55342,-13.386598,122.52225,0.02546293650696338,1,0.10087,0,0
489.11407,171.42867,597.76324,150.06819,504.76068,271.14868,618.28156,235.88394,419.58044,123.695335,417.00174,157.8706,418.8403,182.7279,436.56204,208.4624,462.58267,214.00804,487.71887,210.7117,-95.507195,325.24445,-104.462326,254.85506,-105.55223,204.88538,-85.029526,148.45282,-49.259785,126.57125,-11.492598,121.41346,0.028487595742732175,1,0.10087,0,0
490.56747,171.13712,599.2424,149.93535,505.7498,271.30804,619.898,235.80048,425.84918,129.84203,418.81348,163.9336,418.02197,190.48169,435.64093,214.99919,463.04422,218.2398,489.24527,210.06726,-89.978035,310.3527,-104.86409,241.83727,-109.40608,189.9942,-88.73749,136.48409,-50.998997,118.35571,-10.952444,122.02474,0.018162201655004286,1,0.10087,0,0
491.98526,171.13147,600.7616,149.89587,507.51624,271.5842,621.5347,235.77037,425.18243,129.69713,420.1281,163.6318,420.41824,190.32672,438.81915,215.05515,465.13217,217.70691,490.98502,210.21317,-92.1952,310.5515,-104.280304,242.21466,-107.49913,189.984,-86.070274,135.98244,-49.919456,119.45018,-10.636577,121.92185,0.023577186334136194,1,0.10087,0,0
494.02005,171.90094,602.58624,150.53537,509.61298,271.83197,622.9576,236.53294,422.971,126.41997,422.30148,160.12943,426.58017,185.8929,443.31967,209.43895,467.578,215.58958,493.0931,210.63734,-98.095345,320.44113,-104.19967,250.96759,-102.06593,198.60632,-82.55417,146.87912,-49.332233,124.62192,-10.618788,122.45251,0.032690569769875576,1,0.10087,0,0
495.47617,171.93854,603.39496,151.22812,510.83014,272.34665,624.0324,236.53049,418.2214,116.3248,424.6735,146.2637,433.92783,173.29457,450.79156,193.76324,472.05615,205.44772,494.83783,210.70763,-105.3444,343.50107,-100.346504,278.32648,-91.25253,220.54085,-70.80083,174.02841,-42.494823,142.56963,-9.944655,122.18652,0.02444673895925975,1,0.10087,0,0
507.0311,175.0147,615.9736,154.07738,523.02454,275.0294,637.53894,239.53786,445.95663,102.39303,455.07672,132.0367,466.82272,156.4239,480.93082,177.02895,503.65753,197.01643,524.1802,208.66165,-78.301605,379.13168,-69.95967,310.24396,-57.08217,254.11737,-40.247593,206.13333,-10.519844,156.28067,18.10628,123.76212,0.017465602687573314,1,0.10087,0,0
507.21994,176.05324,615.3465,154.95769,523.44794,276.32376,636.67456,240.24644,448.6008,119.014015,449.004,152.02321,453.99,178.32423,471.23718,201.63045,499.2591,210.62375,524.6119,211.33119,-76.99561,342.09863,-82.1946,271.26733,-79.57334,216.03522,-59.29684,163.49442,-20.405212,133.84483,18.007675,120.65572,0.027718248643989273,1,0.10087,0,0
506.7193,176.52028,615.83923,154.78903,522.7093,276.27478,636.7266,240.39891,451.9634,128.17067,445.968,162.31938,447.3529,186.52168,466.68994,211.91422,495.57663,216.75906,524.5905,211.55386,-72.84885,322.51874,-87.53215,252.52388,-89.54925,203.5692,-66.84838,146.48688,-26.286428,124.208595,18.880173,120.67891,0.019129985066458032,1,0.10087,0,0
506.5705,176.8872,615.2334,154.61404,522.5256,275.87814,636.64124,240.07307,451.3641,129.12318,445.00693,161.19995,445.78244,186.2673,465.4084,211.56601,494.5383,216.03058,524.1077,210.84639,-74.76982,324.07007,-89.783134,257.44244,-92.74756,206.11818,-69.17967,148.18689,-27.681374,126.13803,18.746935,122.13039,0.01789767962452053,1,0.10087,0,0
506.9435,176.67293,615.8653,155.23792,523.14374,276.90356,636.53796,240.76175,446.5095,124.14845,444.04874,155.75224,446.87772,179.9971,465.3374,205.03062,495.64545,212.21127,524.93585,210.9802,-79.64173,331.44427,-88.65459,266.01474,-88.74005,216.55746,-67.422615,160.81651,-25.443155,133.80516,19.13393,122.56981,0.021984058621160443,1,0.10087,0,0
507.62042,176.7222,615.7031,155.483,523.591,276.40158,637.2833,240.96423,441.22763,114.24164,447.06516,142.31798,457.0669,168.87141,474.9668,189.67871,500.88193,204.38667,525.341,210.33554,-89.05904,358.72195,-85.106125,295.25165,-75.02003,236.00966,-52.668533,186.80489,-17.097378,146.3636,19.187698,123.22842,0.01979208963186186,1,0.10087,0,0
505.03516,168.86821,612.7239,148.00081,521.0309,269.49966,634.6427,233.42146,442.22403,139.52629,442.09036,173.62056,446.60794,198.44026,463.97455,221.14357,492.24408,229.76697,519.2591,228.2625,-88.77805,284.35983,-94.07663,214.6341,-91.44028,164.81483,-71.105484,115.0426,-32.928696,86.05781,7.195291,75.55858,0.026495422049206605,1,0.10087,0,0
504.64435,168.44235,613.1014,146.83978,520.5313,268.6964,634.2932,232.40523,446.3842,147.64398,441.0055,181.08856,442.51807,206.76857,462.31952,230.38931,490.11456,235.09334,519.1642,228.17622,-83.1381,265.23853,-95.92237,200.05725,-97.60522,150.56181,-74.403366,98.35105,-36.538563,76.41909,7.600502,74.6379,0.02036603994686672,1,0.10087,0,0
503.97162,167.52266,612.41364,146.40353,519.74896,268.085,633.3204,231.938,446.3364,147.76382,440.9885,181.16226,442.6155,206.65665,461.43216,230.29807,489.9462,234.28308,518.0868,227.732,-82.03687,262.02313,-94.66393,197.3429,-96.14611,148.46819,-74.40437,97.01336,-35.588825,76.226974,7.002919,74.33481,0.020950222345733658,1,0.10087,0,0
503.56744,166.8534,611.1912,145.95679,519.1868,267.58035,632.65955,231.13261,443.10843,143.16759,441.55786,176.57184,445.6427,200.88927,463.9376,224.97533,490.96677,230.70338,517.9751,227.0017,-86.04072,271.56543,-93.055855,204.53493,-90.8523,156.32213,-69.53653,103.88384,-32.803944,80.64558,7.6253767,74.03723,0.026415096061776194,1,0.10087,0,0
502.97504,166.40173,611.62384,144.6236,518.9713,265.8639,633.303,229.54863,439.2356,131.64096,445.3713,162.2468,454.21136,186.63663,471.48117,210.95775,494.59122,221.17029,517.7827,225.87167,-88.8417,297.7694,-84.982544,231.54852,-76.5038,179.29022,-56.446613,124.83259,-25.372149,94.532074,7.8630247,73.952705,0.024339063377144726,1,0.10087,0,0
498.72855,158.82358,606.9023,136.87997,514.90027,258.40323,627.6158,221.42354,440.04965,113.12995,441.00327,146.46259,446.98914,173.01343,464.43027,196.78983,489.63568,204.41205,514.5921,203.50455,-78.43308,317.90076,-82.915565,247.91982,-79.09397,192.76724,-59.023453,139.4909,-24.49215,113.116646,13.1049795,102.439575,0.02997200142521933,1,0.10087,0,0
497.35284,157.47539,605.2555,136.64786,513.3673,257.76736,626.8561,221.35442,444.99927,124.53347,442.1015,159.82898,444.07123,185.39445,462.42957,209.3184,489.45578,211.002,515.00653,204.76826,-72.14125,288.51898,-82.12197,216.4702,-83.37587,165.81792,-62.0767,113.00504,-24.203648,97.25499,15.335217,96.68573,0.02705177911632268,1,0.10087,0,0
496.71973,157.88295,604.5049,137.26517,512.8367,258.50745,626.1135,221.8715,445.37616,127.78969,440.97232,163.30315,442.78336,189.02333,461.54648,213.38498,488.46347,213.20686,514.73944,205.07166,-70.80851,281.56442,-82.884346,210.30658,-84.35375,159.97661,-62.799587,106.66872,-25.051027,94.39648,15.845271,97.02848,0.02497199694895533,1,0.10087,0,0
495.80515,159.76273,604.497,137.52658,511.72592,259.3892,625.4603,222.44342,439.8212,123.32732,437.5741,157.83269,440.87418,183.09192,458.85727,207.31255,485.9644,210.96909,513.1127,205.1311,-76.66732,298.16394,-85.69418,227.46695,-85.17046,176.45435,-64.3849,122.48035,-26.609745,102.59554,15.303613,100.18963,0.027334071888538085,1,0.10087,0,0
493.72382,159.85394,602.73267,138.55684,510.56342,260.1514,623.4034,223.30095,431.35638,112.22223,434.7375,144.90508,441.30692,168.91396,458.5439,193.6768,485.34744,203.59349,511.19284,205.80013,-81.35392,319.993,-82.573685,251.8915,-77.879944,202.28554,-58.86068,147.9508,-23.088314,117.097305,14.690962,100.341034,0.026172342245546053,1,0.10087,0,0
482.9614,167.0505,590.99475,145.99849,499.17532,266.95325,611.92926,230.64452,439.3341,101.020195,443.79202,134.61761,452.25296,161.82164,469.32184,183.45154,493.3007,195.53813,517.8045,199.29152,-52.15855,357.9562,-52.339447,282.70612,-45.36434,222.77995,-24.711273,172.1411,8.780815,137.33907,46.486748,118.05959,0.02625223163136395,1,0.10087,0,0
481.77383,168.64249,589.5513,146.30087,498.45203,267.0987,610.2634,231.43001,441.90088,111.83267,440.7555,145.70708,444.2679,171.80656,461.8476,196.86148,490.64526,203.37329,516.7774,201.05516,-48.401176,337.22974,-57.760746,264.4503,-58.154602,209.28926,-37.6152,151.6656,4.6427426,125.11541,47.037067,116.67587,0.027825108937958448,1,0.10087,0,0
479.96335,167.25607,588.65216,145.8204,496.95865,266.7373,608.5748,230.87352,440.3048,112.78898,438.7046,147.47203,442.1979,172.74817,460.15363,197.01086,488.1243,203.96219,516.0562,200.66258,-47.03577,327.72064,-57.147663,255.73991,-57.555386,203.84892,-37.046295,149.09918,2.8789365,122.775635,47.75495,115.72449,0.026218663269030076,1,0.10087,0,0
480.26343,167.28122,588.1784,146.03668,496.4355,266.3884,608.73926,230.76257,436.5939,107.98694,439.22467,141.81064,444.9367,166.91551,462.0747,191.62395,489.15802,199.9022,515.3469,199.99065,-53.877018,343.1672,-56.926758,268.89893,-53.58825,214.79979,-33.5287,158.20464,5.5071416,129.48207,47.053165,116.62033,0.02818957727338945,1,0.10087,0,0
480.42725,168.49971,588.2719,147.54878,496.93915,268.14935,609.0566,232.27348,432.13647,101.29608,441.8466,129.5957,456.96017,158.71591,473.4531,174.76149,493.8394,191.74332,515.1726,200.31813,-58.668415,360.84586,-49.994583,296.0161,-33.655098,229.38959,-12.378139,189.91634,14.860776,146.55835,46.47808,119.102516,0.015059196302746065,0,0.10087,0,0
478.21103,170.35593,586.1019,149.42656,494.87372,269.9957,606.6693,233.55208,416.18115,123.23965,419.6192,155.3004,427.1744,180.9661,445.36014,204.96608,468.82172,214.75764,494.55682,217.03302,-81.860596,319.63162,-82.83122,252.21745,-76.98564,198.61572,-56.274006,144.97786,-24.887367,115.680595,12.961991,98.775406,0.026233700986462494,1,0.10087,0,0
478.76953,170.33945,585.9769,148.35127,494.36356,269.26636,606.73364,232.9021,420.7424,130.6022,418.56708,164.4425,421.22305,189.68437,439.37817,213.9054,467.3359,220.21269,495.04196,216.88045,-80.64996,306.9948,-89.40579,236.59702,-89.61597,185.16644,-68.0768,130.54904,-28.951056,105.16429,13.791387,97.628395,0.02541451830760228,1,0.10087,0,0
478.1644,168.95702,584.94745,147.9032,493.552,268.715,605.80255,232.46573,420.32117,133.18513,416.82156,165.68881,418.68634,191.19359,438.50006,216.11127,466.0668,221.45099,494.80078,216.60066,-81.033,297.09045,-91.06703,230.56004,-92.15147,179.54099,-68.47479,123.7437,-30.085266,100.79569,14.2887535,95.882645,0.022735144000439116,1,0.10087,0,0
477.8994,170.22952,585.3278,148.37262,494.22006,269.42053,605.7867,233.17705,416.37897,129.62662,415.73483,161.87321,420.93433,187.93195,439.2817,212.10342,465.5912,219.29941,493.62906,217.16284,-84.21249,307.75964,-90.884705,241.48434,-88.11478,188.11699,-66.82918,134.00696,-30.49934,107.94893,12.327997,98.03455,0.02632204033976286,1,0.10087,0,0
477.91376,170.61192,585.8146,149.26248,494.37296,270.13376,606.0001,233.72667,410.42096,121.47119,417.23502,151.61981,426.63123,176.07275,443.4615,199.13066,469.58267,212.10283,494.4947,217.27058,-89.71782,325.61325,-85.48748,261.25372,-76.78451,209.1701,-57.565166,157.58043,-22.691551,120.85636,13.526351,98.65025,0.02116644059847244,1,0.10087,0,0
487.16455,176.69646,593.9066,155.80643,502.49808,277.00998,615.3619,240.56758,426.85254,150.41396,430.8409,182.67793,438.4731,207.54646,455.8379,229.29408,481.43484,241.87457,507.20218,244.3732,-86.36099,277.7853,-85.344124,210.0074,-78.27575,158.39796,-57.411575,109.781105,-23.151875,74.18302,14.616287,56.262245,0.02461456441647519,1,0.10087,0,0
486.60678,177.24808,594.3334,156.15155,502.33957,277.36224,614.795,241.10109,430.25882,160.3709,427.77094,194.20177,431.74228,219.35515,450.94244,242.92815,479.01144,249.26523,507.50378,245.62784,-80.731834,255.73985,-89.6188,189.48709,-88.06515,140.33185,-65.77417,88.49165,-27.633429,63.125557,15.295937,54.95667,0.023580907373502925,1,0.10087,0,0
485.60712,178.15262,593.69385,156.04568,501.92883,277.4682,614.3389,241.06053,430.92746,164.21358,426.33176,197.0046,428.60443,222.30905,449.15103,246.01569,477.18332,251.30673,506.9113,246.47064,-78.98016,250.24872,-91.19931,186.94778,-92.294525,138.0741,-68.36075,84.923874,-29.978226,61.048145,15.242426,54.15024,0.020037816369564594,1,0.10087,0,0
485.56543,178.83763,593.9267,157.08516,501.9943,278.40512,614.3085,241.93188,427.27545,162.3612,425.0863,194.86856,429.7605,220.62224,450.04123,243.24825,477.49026,250.10571,506.9468,247.31976,-82.79281,255.85483,-91.490654,192.49791,-89.49084,141.92354,-65.982895,91.04322,-28.946554,64.76397,15.171236,54.292652,0.022020373113436853,1,0.10087,0,0
486.7851,179.60043,593.87054,158.2666,502.37546,279.9717,615.1352,243.00331,422.56668,154.19429,428.47195,185.2433,437.94992,210.18497,456.58508,231.77829,482.65222,242.87498,507.7218,247.43301,-91.299324,277.069,-87.52952,211.76715,-78.105606,159.51266,-55.6878,110.61725,-20.588694,77.33631,15.644426,55.74616,0.020504816108770654,1,0.10087,0,0
489.95828,180.785,598.24884,159.5979,506.74963,281.84155,620.0649,244.37277,444.25754,147.18716,446.77472,180.68317,453.39255,205.77364,470.94394,228.9024,498.1318,237.2942,523.35114,237.51497,-60.93379,286.74057,-63.676033,216.9335,-59.076595,165.26167,-39.047565,113.83111,-1.7931292,84.95779,36.27545,71.449974,0.026909350711885032,1,0.10087,0,0
490.67322,180.77538,599.1506,158.96654,506.99863,280.7176,620.0031,244.15213,449.08307,156.73244,445.80246,191.17519,449.00235,215.17213,468.70462,239.48164,495.36957,243.16728,524.2856,237.77544,-57.58613,265.9545,-68.94383,197.28282,-68.84114,149.57933,-45.86124,94.976906,-8.161693,74.77918,37.27522,69.817085,0.023335686825769985,1,0.10087,0,0
490.98932,180.93654,599.0715,158.78647,507.9142,279.86414,620.33575,243.62296,451.19043,159.20416,446.49133,193.08937,448.32092,219.00809,468.44824,242.0351,495.34552,244.53386,524.59454,237.38481,-55.604492,261.25858,-69.48388,193.98152,-71.960106,142.93298,-48.240288,90.17808,-9.751054,71.81409,36.985374,69.91229,0.02125472609021126,1,0.10087,0,0
491.09848,180.89015,599.20667,158.66483,507.75784,279.81143,620.60486,243.5469,449.36136,158.32483,445.89597,192.19687,449.28387,216.53961,469.41904,240.31467,495.5373,243.3461,524.5877,237.17737,-58.604706,264.10483,-70.45788,195.98688,-70.28141,147.02362,-46.462013,92.615486,-9.096374,73.671814,37.068115,70.05612,0.023091284301468385,1,0.10087,0,0
491.5374,181.29152,599.74005,159.0194,507.92935,280.58176,620.7202,244.31155,446.19705,152.77187,447.55872,186.01096,453.1929,210.95433,471.17657,233.92558,498.76614,239.66742,524.7278,237.61304,-62.839867,277.59598,-67.400085,208.6489,-64.114204,157.21497,-42.944733,105.07722,-3.631109,80.3767,36.934853,70.593575,0.02702129831819661,1,0.10087,0,0
491.68887,181.20766,600.1572,159.90245,508.94153,281.3151,621.2644,244.73938,442.64963,143.58305,450.87576,172.6838,461.30334,197.58318,479.03348,220.12154,502.59094,231.97496,526.0167,237.25996,-64.57024,295.5921,-58.766224,232.93571,-49.113987,179.48001,-28.621122,128.21205,3.2276554,94.2468,37.722626,71.98144,0.019803290611110153,1,0.10087,0,0
498.4031,178.63156,607.6064,156.73898,515.3493,278.73764,628.726,241.33739,461.34723,150.78328,467.71133,182.34062,475.994,208.16924,493.5631,230.25714,517.13824,242.7236,541.2853,246.47705,-48.925087,271.91403,-46.416065,204.88072,-40.07891,150.64928,-19.837555,100.278885,11.672579,64.659744,47.484333,44.207733,0.024260014823382286,1,0.10087,0,0
499.28763,178.31711,607.4696,157.40388,516.402,278.52255,629.0556,241.41748,466.04575,162.65715,465.10516,196.79886,469.54584,222.19904,488.4785,245.54486,514.54694,250.60107,541.60913,247.70665,-46.091496,244.93608,-54.52211,176.60571,-53.402973,126.209206,-31.932325,74.0943,4.2690306,51.268436,46.070213,41.746105,0.026468737634009653,1,0.10087,0,0
499.15094,179.75786,607.4107,158.07758,517.2632,278.69806,629.1478,242.4086,467.80997,170.1036,463.93842,204.08977,466.80234,229.3759,486.3491,252.67072,513.4737,256.04984,542.2869,249.78017,-44.884632,232.31476,-58.348206,166.0278,-59.901962,116.63947,-37.814938,64.032845,0.527741,43.404053,46.40015,39.099068,0.022846632026478353,1,0.10087,0,0
499.2589,181.01352,607.97186,159.30563,518.08716,279.35654,629.3609,243.49808,468.72238,173.25847,464.2627,206.43602,466.47433,230.89282,486.89484,254.38861,514.7671,257.89017,543.92706,250.60608,-43.790466,227.88483,-58.42003,163.9217,-61.117577,116.45479,-38.254208,62.851715,1.1724043,41.45577,48.163815,38.888214,0.020980460065318167,1,0.10087,0,0
500.74774,181.56451,608.8856,160.14223,518.8943,279.93683,630.21326,244.11903,467.0673,169.56725,465.11386,202.66774,469.1226,227.44563,488.91745,250.6747,515.69574,255.20435,543.87067,250.5916,-47.748463,237.87589,-58.353085,172.27962,-58.311577,122.95634,-35.809372,69.94535,2.0324337,47.37291,46.751526,40.450424,0.024149550790538883,1,0.10087,0,0
500.7985,181.39429,609.30945,160.31245,518.4354,280.79593,630.4248,244.37093,463.5849,159.811,468.6102,191.41948,476.91058,216.70512,494.04556,238.27193,519.34766,248.20909,544.61523,249.78151,-50.326046,258.3598,-50.168392,192.51555,-44.017998,139.8443,-24.600203,90.96962,9.955811,59.28623,48.334206,42.37446,0.02462656970064777,1,0.10087,0,0
501.83847,190.8144,609.6852,169.5896,520.1971,289.998,630.6697,253.62807,481.45462,182.34541,484.27628,215.54059,490.27982,240.74614,507.48743,264.18234,531.1398,273.20502,556.5035,272.72696,-28.64145,225.25403,-32.964928,157.89908,-30.592222,106.827614,-11.674051,54.269756,21.065828,24.304485,60.902485,10.076837,0.029995016459439427,1,0.10087,0,0
501.38464,192.09343,609.2671,170.72987,519.5439,291.29083,630.22626,254.37411,485.7003,194.62312,481.3702,229.565,484.08917,255.09143,502.30966,277.02292,528.91895,280.9235,556.96173,274.2863,-24.394325,201.16446,-39.328896,134.40376,-41.50145,85.27769,-21.108915,35.641098,16.694483,13.225727,62.23553,8.568899,0.023698079006366213,1,0.10087,0,0
501.01617,192.92746,608.59454,171.80971,519.22833,292.2275,629.8151,255.32484,486.64993,198.63974,479.6226,233.42467,480.94287,258.629,501.22504,281.32196,529.17365,283.2508,557.2621,275.4808,-23.288004,194.15155,-42.019276,129.17038,-45.984795,81.66693,-22.99772,29.900623,17.141098,10.292666,63.11331,7.659112,0.01759302366908851,1,0.10087,0,0
498.66614,193.6408,606.77716,172.38702,517.6182,292.4369,627.69885,255.78185,483.16898,197.44382,477.05035,232.57864,479.56796,257.35464,499.20477,279.5587,526.1434,282.7042,555.4826,276.0779,-24.365738,198.47995,-42.30213,132.48064,-44.893948,84.98044,-22.984682,34.025494,15.397817,12.68194,63.11424,7.1680336,0.019394388782601683,1,0.10087,0,0
496.70905,193.81343,604.74133,172.34178,514.5585,292.5554,625.78345,256.3628,476.79108,190.11287,476.1998,223.64604,481.2207,248.45322,498.09808,271.345,524.87854,278.3523,553.05164,275.80972,-29.370327,215.60379,-38.478455,148.91316,-37.159813,99.14524,-18.485455,47.903187,19.277288,19.979055,64.06005,8.018827,0.027005119909645544,1,0.10087,0,0
488.148,197.08952,595.8125,176.54282,504.7784,297.38797,616.79663,260.50012,474.62326,176.6886,477.026,209.80338,482.21463,235.38748,499.6523,259.20642,522.8819,268.38177,548.5228,269.2625,-15.7474785,247.92404,-19.976894,178.52179,-18.227188,125.93378,1.7834024,72.141815,34.502876,42.41682,74.94936,25.9663,0.030265537768852855,1,0.10087,0,0
488.358,197.60687,595.5022,176.6132,504.91937,297.2453,616.8588,260.40424,478.29102,186.38254,474.1489,220.26257,477.2485,246.06746,494.18237,269.79852,521.3767,275.15936,548.524,270.50485,-12.813094,227.66884,-27.074219,159.83243,-28.276531,108.35425,-9.070669,55.437202,30.253695,30.52117,74.64437,23.446045,0.025604051150121373,1,2.0052135,1,1
488.94156,197.91798,595.9178,176.90736,505.4085,297.5514,616.8728,260.64548,479.4585,187.78383,473.65994,222.27806,475.21326,247.51773,492.91388,271.82144,520.8452,276.69363,548.79224,270.98032,-12.189275,225.06137,-29.018276,157.04352,-32.27091,107.62131,-12.092328,53.373962,28.400991,28.846632,74.434296,23.165127,0.02130660088021274,1,2.0052135,0,0
487.9778,199.01498,595.8639,178.15471,504.9869,299.05283,616.75494,262.01855,475.91498,184.96982,473.2686,219.0934,477.0856,244.16731,494.65958,268.10876,520.5054,275.3688,548.3398,271.9696,-14.90094,233.87955,-27.010725,165.50043,-27.201448,115.306984,-7.4108844,61.705883,29.224808,34.02969,74.19569,24.15139,0.026720446753308313,1,2.0052135,0,0
486.96933,201.10037,594.97845,179.94048,503.79517,300.51096,615.524,264.1629,470.69327,176.339,475.46585,207.60164,482.4535,233.1612,498.9896,256.8915,523.0264,268.60944,547.864,272.35483,-18.83747,258.1965,-19.237183,191.33983,-14.968667,137.30127,3.8716843,83.31914,37.57707,48.02669,76.255356,26.489204,0.02731002751248812,1,2.0052135,0,0
489.5247,210.32178,597.42633,188.74403,507.87836,308.6154,618.4345,272.52377,466.27118,171.89035,471.67206,204.95915,478.99054,227.61089,495.03665,252.45058,518.68414,265.5679,540.9742,269.59253,-25.08532,289.61597,-25.787294,218.2242,-20.864584,169.31322,-3.56272,112.787125,28.938803,74.94941,63.30323,54.62719,0.028263548134092965,1,2.0052135,0,0
490.33902,209.92445,597.33624,188.92612,507.50235,309.80457,618.5353,272.80753,470.78912,183.12521,468.90695,216.78429,472.30737,242.71797,488.6219,267.37552,515.1554,273.89273,542.9178,271.3248,-23.333992,263.77878,-34.179077,194.65128,-35.09877,142.15147,-17.118185,87.51853,20.88869,61.308533,65.63093,50.66879,0.028720827823564773,1,2.0222447,1,1
490.30692,210.10683,597.43243,188.9225,507.50598,309.44336,618.48413,272.85553,473.87643,187.08966,470.15533,220.2713,472.04733,246.58139,488.11578,270.99142,514.27747,276.21677,542.6601,271.5893,-19.489298,254.77466,-33.208958,187.52837,-36.49974,135.00108,-18.838825,80.895,18.956749,57.19605,65.331764,50.158638,0.02680393333749343,1,2.0222447,0,0
490.59583,208.88734,597.4233,187.89867,507.78333,308.63544,618.63043,271.9884,473.15848,184.31477,469.83414,218.67255,473.3745,243.94064,489.5349,268.81714,514.8929,274.50085,542.31165,270.66818,-20.722988,258.33725,-34.05062,188.50972,-34.649994,137.37415,-16.886698,82.43147,19.687778,58.394833,64.32677,50.416985,0.02870066371612355,1,2.0222447,0,0
490.19986,207.7602,597.6871,187.04576,507.47354,307.23788,618.50586,271.19345,468.05365,175.67462,470.73315,209.31056,476.0286,234.38654,492.59222,258.3699,516.7741,268.37778,542.28564,268.94427,-25.890547,275.55014,-30.060091,204.46046,-28.20196,152.2965,-9.576923,98.256805,24.45322,66.73325,64.915405,51.642265,0.030912737462629535,1,2.0222447,0,0
491.27234,210.63248,598.2608,189.19298,508.35175,309.18964,619.00397,273.18262,461.4465,161.82271,466.1276,194.54948,473.83798,218.96555,488.9905,244.60953,512.9611,258.41107,536.4177,264.1182,-33.981644,315.54416,-34.766495,243.55574,-29.000359,190.14156,-12.480099,132.09761,20.749903,93.034386,56.60079,69.17315,0.028752363238168877,1,2.0222447,0,0
489.89023,209.92206,597.0055,188.82198,507.30408,309.04572,618.27655,272.8907,462.5977,169.87248,461.1345,205.08955,464.90524,229.75267,481.3918,255.50359,509.2718,264.6442,536.01105,265.35565,-31.939627,295.21225,-42.61645,221.30885,-42.743423,170.24385,-24.662794,112.79007,14.900412,81.29445,57.033108,65.55299,0.02784727520672497,1,2.0222447,1,1
488.50272,209.49774,595.31085,188.57812,505.0653,309.13776,616.77966,272.61795,459.37057,169.46529,458.00134,204.37766,461.7487,228.7251,478.36514,254.57996,506.79904,263.86584,534.3213,264.83554,-35.620274,296.74414,-45.369106,222.65819,-44.96598,171.97023,-26.28154,114.254814,14.0826,82.35217,57.25737,65.78411,0.026737130542345597,1,0.6961849,0,0
487.28656,209.84654,593.95984,188.34103,504.28882,308.56305,615.044,272.27844,455.65616,164.14209,457.43884,197.61223,462.86832,221.42087,479.7502,247.7479,506.76123,260.37946,532.7606,264.01886,-37.792545,309.91577,-42.929016,237.47412,-40.264538,186.54625,-21.320911,126.82372,16.594913,88.68,56.99767,67.47598,0.027569209614520494,1,0.6961849,0,0
485.77295,209.41603,593.3238,187.04948,503.00168,308.08292,614.3018,271.98444,451.31656,150.94298,460.60114,181.64883,474.96103,208.27905,488.9023,229.63863,510.95547,250.0848,531.0316,262.41107,-38.844955,338.4946,-32.042118,268.52496,-16.60346,206.97496,-0.62611055,157.16417,28.298937,105.37803,56.86532,70.192375,0.015997249177708766,1,0.6961849,0,0
491.7952,206.57857,598.9521,184.01851,508.94672,304.45648,620.4427,267.92093,461.69678,131.91837,463.1538,166.22952,469.46832,189.75522,485.99026,211.21538,510.39948,228.19914,537.5233,232.22868,-27.95827,377.44296,-34.410645,298.6437,-30.45983,245.10692,-10.367384,192.86736,23.399256,146.22487,66.592636,124.0379,0.02612731053158019,1,0.6961849,0,0
492.78104,205.92615,599.5143,183.9073,509.61688,304.6992,620.9178,267.93567,466.70477,142.13728,460.28528,177.15567,462.0395,201.78612,479.4342,228.13045,508.17575,235.63254,536.9527,232.61177,-24.841047,350.22885,-43.35086,274.08826,-46.22961,221.44571,-26.192652,160.46875,16.135885,131.73158,63.874874,123.28846,0.02002360147055762,1,0.6961849,0,0
493.73972,204.70203,601.1972,182.76445,511.23666,303.32883,622.59985,266.5975,467.0547,139.56044,460.42862,171.90034,460.9933,196.63939,480.0985,223.74503,508.6329,232.34155,538.91266,231.91992,-24.373419,351.9905,-42.75174,282.305,-47.703888,230.02434,-25.825144,167.02966,15.485741,136.43924,64.55167,122.077805,0.01704372201888742,1,0.6961849,0,0
494.16586,203.3032,601.1977,181.44095,511.56613,301.53763,622.67236,265.5002,463.6829,131.57838,462.0281,162.84546,466.04852,188.41808,484.25137,214.16913,510.76978,227.00279,540.0631,230.59456,-29.037214,369.12558,-39.607105,299.07278,-39.686375,242.67926,-18.35699,181.79066,19.51931,143.37846,66.293884,121.36586,0.024013320693156842,1,0.6961849,0,0
494.61182,202.23282,602.3009,180.5998,512.2177,300.90378,623.3438,265.03467,462.46924,116.273926,469.0491,144.89996,500.36777,205.01587,501.31363,204.89682,518.065,217.69218,539.70544,228.50264,-27.349216,399.36655,-24.534645,332.49918,8.2729025,191.78621,9.804449,191.62946,32.802597,157.61946,64.90439,124.77776,0.02053238486524298,1,0.6961849,0,0
501.5227,198.37079,608.83136,176.96515,518.6719,297.14346,629.65076,261.09213,489.90656,99.887245,494.16992,131.94887,502.08313,158.9688,515.05634,182.87015,539.24207,198.51067,562.04285,206.62885,9.253467,425.92847,6.888154,348.5853,12.01651,284.71292,26.16431,227.41435,61.543686,183.3826,98.18623,155.134,0.031236807794791557,1,0.6961849,0,0
502.60706,198.82442,609.4517,176.70828,519.4291,296.81094,630.81213,260.72116,495.18982,112.98282,491.22845,148.70088,493.4095,173.76457,505.93198,193.9517,534.64233,208.59644,562.98505,207.38237,12.5069895,398.49957,-4.563525,314.804,-7.8880415,257.76578,6.6631866,208.90813,49.30432,164.57979,98.48214,153.19878,0.025783144525221385,1,0.6961849,0,0
502.78265,197.88824,610.6843,175.95016,520.39954,296.28235,632.09515,259.8138,497.4567,115.775475,490.18362,151.35252,490.4313,175.4786,506.18735,199.4823,533.9436,210.10828,564.3998,206.86212,15.638878,385.9747,-6.8418946,305.5021,-13.097392,252.45541,4.876798,195.20964,46.17462,160.36842,99.029175,152.44835,0.017210826199596137,1,0.6961849,0,0
503.0781,197.79114,610.6567,175.18184,521.1633,295.15472,632.25745,259.13663,495.59348,111.17789,490.23355,146.14085,492.25195,171.11246,506.24765,192.17348,534.47473,206.82968,564.64636,205.77837,14.471939,397.4293,-5.280789,317.52057,-9.361691,261.45428,6.6923494,210.46875,47.9119,166.44528,99.83913,153.71815,0.021878340844015156,1,0.6961849,0,0
503.22855,195.93825,611.5151,174.19965,521.35675,294.39844,632.485,258.20728,492.992,101.28226,494.36,133.02817,500.2469,160.2915,514.82404,182.73083,540.35645,199.12392,564.5152,204.35652,11.885476,413.42673,4.378885,339.3518,5.690376,276.8929,22.240318,223.03264,58.780544,177.14848,98.25125,154.49272,0.031227254820267607,1,0.6961849,0,0
501.98254,186.45709,610.0987,165.22128,519.31244,285.77606,631.56964,248.79832,510.23547,117.23506,514.404,151.62097,520.7244,175.18257,532.40045,200.83385,558.2909,215.86513,579.08105,221.9557,33.832497,352.1041,29.91614,270.83545,32.98092,216.35121,43.958424,156.6585,81.80553,112.5344,115.37191,88.58173,0.03702323609643569,1,0.6961849,0,0
504.66965,187.85583,611.59033,166.16928,520.91473,286.63235,633.4423,249.99258,519.4276,134.19427,514.5685,170.7429,516.257,194.25006,531.21765,222.18086,556.10956,228.05196,582.2388,224.72455,40.062305,315.6217,20.668331,232.98723,16.745943,181.32976,32.770046,116.373924,71.57727,91.40953,117.59222,83.7982,0.028510151701191616,1,133.3333282,3,3
506.63495,188.72108,613.6024,166.83766,523.14276,287.66742,635.3195,250.9657,523.8674,141.43451,514.58276,176.81924,513.41113,202.85118,529.20856,229.41893,557.2137,232.65623,584.7233,226.51485,42.375256,298.59354,16.012478,222.12431,6.935615,167.47131,24.519377,105.97487,68.82,84.62958,118.12812,81.81629,0.012504081195992407,0,62.5,2,2
507.84396,189.21101,615.8891,167.52832,525.0469,288.1714,637.0333,251.36777,523.6087,140.97646,515.00073,177.01164,515.28076,200.57117,530.483,228.58789,558.9015,232.61977,585.9654,227.05406,39.821136,299.88535,14.667453,222.87007,8.460672,173.24237,24.258791,109.33342,68.61538,86.28143,116.76002,82.60445,0.016505402685059054,1,51.1508942,1,1
509.23715,190.05574,616.6682,168.39703,525.9093,288.8947,638.6713,252.32568,520.9097,134.05005,517.5633,170.59935,519.9658,193.82797,535.42365,220.56609,562.00726,228.06326,586.48126,226.81221,35.598854,321.7179,18.771614,238.69325,15.980791,187.35104,32.937775,124.59136,73.93898,95.575165,116.27574,84.72863,0.02971825568410858,1,44.5434303,1,1
509.0508,190.97516,616.4032,168.8301,525.8728,289.16864,638.3975,252.50899,515.15466,123.07119,520.84454,156.26263,528.4281,179.99959,542.44775,206.08543,565.11365,219.9112,585.82043,226.41203,30.130135,352.46848,29.28948,271.77325,34.523262,215.26295,49.42318,152.47046,82.669685,111.7673,115.95804,86.742424,0.031688944133180096,1,2.6326182,0,0
505.54688,192.96947,612.8109,172.1242,521.9912,292.4704,634.7275,255.67792,492.50186,119.4397,499.3923,150.45973,507.1399,188.49602,524.3714,203.93782,546.3533,217.12375,567.08484,226.21776,-1.4879766,371.5163,1.413947,296.00784,3.6676373,208.85956,26.811634,168.80843,58.588837,130.91072,90.34153,101.396065,0.028258332149664375,1,2.6326182,0,0
505.16464,195.34781,612.94476,172.89287,522.44507,293.54703,634.2501,257.0367,498.382,134.4163,493.35593,169.38371,498.28223,197.85316,513.084,221.62733,539.2394,230.35214,567.659,229.74901,6.480028,336.86627,-11.492221,260.22134,-11.400631,197.77371,5.0991063,142.31015,43.96934,111.48632,91.454,97.443596,0.02670699120743149,1,87.7192993,2,2
505.8705,195.3796,612.3073,174.17125,522.5006,293.93805,633.73004,257.50406,501.87436,141.0158,492.2148,174.67212,494.80933,199.46689,509.3684,226.12994,537.69806,234.08575,567.4862,230.82458,8.590473,322.645,-16.14078,249.8627,-18.274803,196.07565,-2.6022785,135.14565,39.78133,105.07813,90.57293,95.901405,0.016854481972780406,1,42.9184532,1,1
505.38306,195.67432,611.89526,174.7605,522.1156,294.37872,633.6595,258.04218,501.8211,142.05318,492.13644,175.4186,494.7024,199.73112,508.9591,226.326,537.1456,234.29228,566.81256,231.3598,9.172572,321.17023,-15.5709915,248.75786,-17.656214,195.90848,-2.4877098,135.27629,39.550674,105.42127,89.90063,95.80028,0.01668263085333402,1,25.7731953,1,1
504.4855,196.33977,612.1572,174.64583,521.9303,294.5286,633.14856,258.3002,499.7871,136.72449,495.11337,170.58974,500.99393,201.62831,514.1617,222.25554,539.165,231.47107,566.8528,231.41835,9.637612,332.59253,-7.5838437,258.49405,-6.8680506,190.48605,7.8332033,142.3844,44.719902,111.32949,90.88529,96.73018,0.02958704878514111,1,7.2516317,0,1
505.07553,195.41129,612.61145,175.34009,522.8763,294.59845,634.2348,258.1043,496.91168,127.26516,502.23425,159.84445,509.76193,192.75562,527.3492,210.31404,546.3678,223.14496,568.0791,230.20158,6.618807,354.05344,5.621247,277.82303,8.012839,203.7546,30.544653,159.6498,57.188133,124.18674,91.1346,98.47304,0.029922402690881963,1,7.2516317,0,1
507.31512,196.05197,614.0903,174.91676,524.46765,294.95816,635.5442,258.54727,485.6831,108.0173,498.54877,135.21602,511.01895,156.68776,526.94995,183.18163,543.2441,202.77429,558.802,218.9724,-10.618189,405.7313,2.9401152,337.7577,17.23513,284.46234,35.50751,219.48738,56.39899,170.0178,77.20252,128.12627,0.00901124217880694,0,7.2516317,1,1
506.78897,191.43597,613.51715,170.68987,523.4324,290.15244,634.8477,253.66054,506.78287,160.15468,507.8394,187.63469,516.73987,219.48286,531.58246,243.80283,554.2991,257.66037,576.55927,263.68146,8.51348,268.22754,2.6630476,207.64355,8.050369,137.62756,24.4298,81.90241,56.23473,42.434124,90.753555,17.514124,0.032080157381118184,1,2.7773919,0,1
505.51392,193.99947,612.9711,171.63345,523.00433,291.00238,634.3506,254.67725,510.57474,171.57121,506.97723,207.69702,508.4922,232.21187,523.87335,257.87823,549.146,267.1231,576.5543,265.53796,14.668851,246.40353,-1.5662493,170.63843,-5.971992,120.11506,10.374007,61.674572,46.92057,29.299023,92.1255,15.688774,0.028143439268476438,1,2.7773919,0,1
505.15524,194.2905,612.60114,172.36082,522.66486,291.72662,634.18414,254.54138,514.5409,178.13339,508.0322,214.12741,507.5967,238.78178,522.5727,264.89395,548.20575,271.03238,576.7071,266.73508,19.58424,230.98264,-1.0527372,157.32515,-8.310208,108.100464,7.0218673,49.7028,44.35472,23.006266,91.80144,13.626498,0.020247124608209387,1,2.7773919,1,1
504.72806,194.08176,611.6577,172.30667,521.78033,292.08978,632.7233,254.36606,515.3769,179.5768,509.44806,214.34203,509.0496,239.9474,524.0461,265.19592,548.8542,271.39252,576.0708,267.26297,20.98632,226.7461,1.8304707,155.76224,-5.4732285,104.83485,10.323649,48.18803,46.58486,21.656082,92.11221,12.416356,0.022169751933304904,1,1.0690614,0,0
503.66748,194.28633,610.7344,172.28818,520.6253,291.52405,631.5774,255.49991,512.29767,172.9732,511.456,208.8735,513.5042,234.0838,526.3671,258.05502,550.6014,267.4733,574.86334,266.58243,20.03261,242.47882,8.244265,165.90462,4.4667106,113.5828,17.724989,59.63244,53.128654,27.438828,93.36162,14.399842,0.03928473198350066,1,1.0690614,0,0
503.16495,194.01218,609.37396,171.89136,519.11957,291.83307,630.6676,254.69269,506.2036,157.78897,513.6032,185.24948,552.4394,248.16733,553.6001,244.64574,557.024,254.66675,572.9185,265.43433,14.784182,279.28632,19.207518,214.3761,63.87117,62.84475,66.92408,69.21709,69.30386,47.268204,92.05488,16.424793,0.015782081939118685,0,1.0690614,0,0
498.41574,194.73756,604.69116,173.88109,514.4164,293.43945,625.3449,256.42184,484.1051,153.16626,486.2395,186.39366,491.01077,210.2334,506.74796,236.43475,531.9111,249.10172,554.6507,252.86646,-12.166083,296.29214,-16.873987,222.59554,-15.191477,170.95287,2.3910398,111.03826,38.122158,72.90957,73.90542,52.550045,0.03304148728721082,1,1.0690614,0,0
498.06903,194.86375,604.58466,173.86996,515.05304,292.87338,624.9067,256.62988,489.58423,163.00636,483.62497,196.63234,484.1018,221.33922,499.55096,247.79253,526.53534,256.50006,555.4991,254.07599,-4.72897,271.5969,-22.724504,202.22348,-28.02847,152.03644,-11.560627,92.910164,27.334929,61.66226,75.02372,49.84595,0.02153292596505034,1,1.0690614,0,0
496.07257,192.93195,603.0058,171.93617,513.70953,290.7457,623.85657,254.46054,486.4673,158.66301,479.36798,188.93384,479.03363,213.31375,495.88995,240.31982,524.03064,250.74557,554.9907,252.26149,-5.4383583,277.3117,-24.53225,215.0485,-31.14811,165.48837,-13.072751,104.44508,26.848461,69.41426,76.33828,48.794476,0.015998438755446223,1,1.0690614,0,0
495.0726,191.37387,602.53186,169.79428,512.00104,289.70605,623.23553,252.74438,479.51187,144.83311,480.0446,177.49266,485.63995,202.22194,500.41125,228.7025,526.70624,243.44928,552.9749,249.59334,-12.019137,306.76074,-19.563253,235.3149,-17.225903,181.57333,-1.6466647,121.515175,34.853313,78.721794,75.347786,51.607555,0.029599264349241913,1,1.0690614,0,0
488.10504,189.65984,594.342,168.42503,504.05228,288.4903,615.0259,252.18292,493.00665,139.78685,494.22922,175.99002,500.3653,198.02321,516.1048,224.63852,539.07886,234.37215,560.9289,236.48453,21.667189,308.7487,13.475137,226.76228,17.39747,177.07925,35.342197,114.73303,70.20818,82.91205,106.953705,66.29778,0.03482853747112676,1,363.6363525,3,3
486.74567,191.4188,593.77515,169.4027,503.46558,289.28064,614.39307,252.71715,496.77054,151.07924,492.26025,184.87708,496.36304,212.63228,511.97165,237.32329,537.1015,242.97722,561.41943,238.2047,27.868431,284.38818,10.555123,211.51692,9.352739,151.56293,26.989832,93.833435,65.86342,68.64044,108.88264,64.19177,0.031294469749791325,1,363.6363525,6,6
486.06284,191.5066,592.8072,170.47403,502.61044,289.86093,613.90173,253.48965,497.33023,154.5399,492.55582,187.57742,496.54016,216.06311,512.18115,240.67159,536.2411,244.24399,560.2063,239.25562,28.83201,277.1624,11.362626,205.66858,9.853071,144.32797,27.530382,87.15626,65.1403,66.98043,107.51932,63.402737,0.0319570955186129,1,106.9518738,3,3
486.51846,191.9874,592.7555,170.73926,502.12756,290.92923,612.9974,253.98473,495.72513,150.80785,495.22394,187.77362,499.4995,211.48056,515.2903,235.43388,537.4142,241.46988,559.73285,239.60063,26.031605,287.17813,14.97833,205.28384,15.557062,153.62296,34.242634,97.239395,68.57523,73.06692,107.39415,63.961643,0.03760139231017818,1,77.2200775,2,2
484.9119,192.32184,591.5402,170.80742,501.49686,290.39502,612.7806,254.29433,492.88422,138.85109,499.0777,172.18846,506.94016,194.77199,520.30945,219.65306,540.03455,231.86137,560.0743,239.0441,28.610123,316.63113,28.786766,237.85272,34.93624,185.09502,49.253006,126.21346,78.17464,90.64408,110.05062,64.574776,0.032571073527092355,1,61.7283936,2,2
484.2114,191.6403,591.0488,170.26476,500.7422,290.41602,611.7181,254.04315,488.58514,123.179344,500.3781,149.48262,511.04062,170.6912,525.6603,196.3414,541.22766,216.58507,555.35614,231.51114,26.655853,351.5301,38.65112,286.26437,50.09025,234.25874,66.63026,171.64777,86.44781,120.809456,105.65419,81.93621,0.011430759326498046,0,54.6448097,1,1
483.4518,191.85666,590.4428,170.26675,499.56088,290.26608,610.9761,253.5797,502.74713,105.386055,510.17145,135.05653,519.5896,163.44417,536.29694,187.66272,552.94006,204.58348,572.3573,216.73003,58.326267,393.32083,61.494442,317.84424,68.45599,247.5906,89.410995,185.49152,112.82758,139.88493,143.41881,102.8209,0.024318196293077493,1,2.4408104,0,0
483.15237,191.20148,591.18445,170.14465,500.04605,289.96173,610.9003,253.3505,505.19876,117.69494,503.64682,153.27286,506.8705,177.1349,521.3137,204.04565,546.97095,215.1465,572.8911,218.00957,58.128525,356.3442,43.893486,274.26965,41.839497,220.3487,57.335224,156.49641,97.29988,120.2479,142.88023,99.99395,0.03223811257743543,1,2.4408104,0,0
483.87885,189.65427,590.8895,169.34795,500.1827,288.90833,611.424,252.62071,505.66473,123.48789,499.52936,159.1316,501.19824,183.61186,516.36,210.23361,544.603,219.63281,572.85425,217.55713,55.684658,342.22623,33.770164,260.54108,29.291988,205.92715,46.200348,142.91493,90.73706,109.26231,142.25073,98.49796,0.022180672348942467,1,2.4408104,0,0
483.21567,188.52242,590.2033,168.7937,499.6497,288.41626,610.9387,251.67085,504.682,122.11009,498.9187,156.58505,501.20792,180.81369,515.9543,207.91193,544.3777,217.5681,572.50116,216.9452,55.0138,343.5466,34.087845,263.9278,30.66345,209.46045,46.642555,145.68341,91.3312,111.604034,142.19754,97.9068,0.02323858230031569,1,2.4408104,1,1
482.03165,188.53758,590.0611,167.1185,498.72873,287.14893,610.03394,250.72885,501.85858,112.88308,500.19806,147.61813,503.08093,170.934,518.64734,199.45471,546.10657,211.62498,572.7119,214.90808,55.145416,362.56912,41.082016,281.95117,38.7061,229.01904,55.658382,160.96457,98.344795,121.51979,144.91434,100.000984,0.029128007937921026,1,1.089028,0,0
481.68933,187.24237,588.9196,166.20073,497.90256,285.81625,609.46027,249.56691,499.54514,98.91886,505.52533,130.59552,513.2161,157.23244,527.5357,182.6799,548.8742,200.90102,571.5837,213.98682,56.293365,398.26755,56.24267,318.55115,60.810684,253.42581,77.073524,190.13834,108.1197,139.90503,144.23196,99.31533,0.027894240546871688,1,1.089028,0,0
477.76395,188.71411,584.5773,167.71184,493.91583,287.37845,604.8604,250.8875,488.2752,96.464325,490.49957,130.11737,495.4563,155.87563,510.57565,181.18124,533.30707,194.64879,556.398,199.67584,44.32102,409.32416,37.490585,326.33383,38.01498,264.89917,55.747074,202.37485,90.5752,162.47325,130.40794,139.84782,0.03551587516501422,1,1.089028,0,0
477.1177,188.72264,584.68896,167.72603,494.1097,287.5556,604.73175,251.41782,491.16858,105.47179,487.50403,141.96385,490.44403,165.99205,504.9583,193.52711,529.67377,201.71776,556.36566,200.89859,48.012615,381.7523,30.111622,297.49463,27.707006,243.15959,43.175617,178.17613,82.1873,149.34937,130.13258,137.81609,0.03113272178043046,1,1.089028,0,0
477.7615,190.05888,585.4762,168.29562,494.33685,288.24725,605.16144,252.23016,491.59674,109.57991,486.02527,146.27097,487.8819,171.49854,503.82364,197.2986,529.0924,204.3137,557.0564,202.10017,46.433147,374.9276,25.582567,291.52237,21.27597,235.25606,39.75137,173.38756,79.99572,146.45505,130.49872,136.96968,0.024261450058368404,1,1.089028,0,0
478.80762,190.52544,585.6819,169.09662,494.89105,288.92407,605.90234,252.38757,489.6634,106.74775,488.52097,140.07338,491.08807,165.53735,505.95444,191.10052,531.91327,201.4876,557.4593,202.4686,42.188927,387.8183,29.865541,308.02753,26.657072,249.1435,43.76216,186.9613,84.615265,152.27399,130.06529,137.0581,0.032491047972325646,1,1.089028,0,0
479.43576,190.44197,586.14417,169.15353,495.5772,288.9444,606.7366,253.29904,486.28687,95.8906,493.37988,125.31206,503.75897,152.26913,518.3261,175.23746,538.4819,190.47688,558.38806,200.98766,39.028515,415.7737,42.116547,341.41568,51.56322,274.4882,69.34795,216.54216,99.62427,173.5703,131.7697,140.51341,0.024119308465475515,1,1.089028,0,0
481.91687,189.5527,588.8993,168.19289,498.49258,287.78204,609.0614,251.21936,483.85403,114.57028,488.54315,146.96326,494.26437,171.37074,508.34204,196.98035,530.1928,212.30498,550.4957,219.19763,24.419891,367.43085,22.581728,290.46924,24.828768,233.9462,40.28354,172.7368,71.92068,129.69733,104.6745,104.31555,0.035995786061573415,1,1.089028,0,0
482.05624,189.648,588.64484,169.10706,498.4854,288.8345,609.07404,252.2142,487.35922,121.910286,486.95135,157.12341,490.02734,184.02591,504.0697,208.83104,527.82056,219.07635,550.8872,221.33774,27.678928,349.7789,16.645529,268.51593,14.105717,208.67654,29.652699,150.57773,65.55781,117.81808,104.56127,100.923546,0.0390392378701829,1,126.5822754,4,4
481.9581,190.90941,588.2219,169.94778,498.1035,288.90002,608.56384,252.76506,488.3344,123.150764,485.83496,158.01845,488.84753,187.3088,502.571,210.84404,526.1283,220.7964,550.16425,222.00478,29.72581,351.09644,15.196308,270.40958,11.944856,204.7975,27.482573,148.96596,63.287785,116.54554,104.37553,101.1744,0.03660217466437521,1,85.1063843,2,2
481.26578,190.64444,588.3369,170.20007,498.00745,289.10205,608.5609,252.59451,487.2951,119.79479,487.62137,153.7642,490.63116,180.61371,504.32755,205.77135,526.73157,218.38887,550.4127,221.5233,30.085459,357.0264,20.375057,277.90787,17.502272,217.63902,32.199112,158.45395,65.04241,121.29428,104.69195,102.229744,0.04087506395817924,1,51.5463905,1,1
481.17175,191.54362,587.6498,170.01624,497.21796,288.8844,607.37054,253.20287,485.121,109.900116,493.1032,139.56113,501.18134,162.53395,509.89215,184.60385,531.40674,207.83623,549.4848,220.42172,29.743464,383.86633,34.433617,310.82556,41.184612,255.20114,49.143734,202.48207,78.49289,141.88382,105.81468,105.39059,0.029270140147361005,1,18.5356808,1,1
479.23572,191.39922,585.6375,169.55997,495.2588,288.5252,605.49854,252.49152,469.55737,89.91597,481.7365,116.43558,495.39285,138.45454,511.40744,163.54675,529.585,184.75023,544.4496,199.82759,12.127471,437.2184,25.25975,368.904,42.087,312.05066,61.857616,247.7385,86.625854,191.71371,107.75454,150.82181,0.008589711513808726,0,17.0794201,1,1
476.26727,188.93257,582.89453,167.107,492.1264,286.6665,603.4071,250.66272,501.94086,128.38821,505.25302,162.52934,511.68396,186.77217,528.3103,212.8534,548.28827,227.43147,569.2574,235.40776,61.381496,327.59885,55.858234,245.86969,59.07903,188.7809,78.94925,124.357605,108.52108,82.759056,142.93503,53.745296,0.032575303142119545,1,3.1254883,0,1
475.45682,188.02487,581.9796,166.56609,491.5805,286.20795,602.75183,250.28879,504.2017,135.44437,502.59845,170.33023,505.6753,195.00827,521.1052,222.0986,545.24725,232.49524,569.5109,235.2677,64.34483,307.26337,49.915558,227.05016,47.33112,171.65988,64.58638,107.079605,102.26432,72.43635,144.43309,52.467045,0.03354287517712898,1,3.1254883,1,1
474.88278,187.19998,581.2865,166.15321,490.96844,285.8305,602.1166,249.77591,505.5881,136.95682,503.1519,172.81345,505.49884,196.89894,520.0908,223.81276,544.7439,233.42926,569.2813,235.34427,66.92524,301.35577,50.68197,219.41878,47.071793,165.93228,62.956364,102.51,101.68928,69.31876,144.727,50.974297,0.03300185367969889,1,0.9747539,0,0
474.02042,186.64119,580.3974,165.1805,490.3602,284.96494,601.35846,248.76736,505.2716,134.74373,504.62018,170.11324,508.35983,194.46965,522.54156,220.37297,545.01556,231.64577,568.7435,234.16165,68.75877,304.75653,55.487347,222.9587,53.915092,167.91301,69.34884,106.29033,103.94441,70.62911,145.34561,51.376476,0.03810617591650131,1,0.9747539,0,0
473.64655,186.44193,580.6486,164.87514,490.04666,284.59677,601.16815,248.45253,503.07217,128.40697,507.15485,161.02957,514.55426,185.10536,528.07965,209.42839,547.4739,225.1228,568.059,233.21625,67.09073,319.35098,63.08578,241.64479,67.768074,184.79588,82.722885,125.835625,110.85339,82.27053,144.6108,53.221264,0.034716186098558484,1,0.9747539,0,0
468.56918,189.43391,575.9905,167.56198,484.92496,287.56375,596.8262,251.31245,494.19434,167.47438,495.4983,202.0934,501.23932,227.85277,515.78656,252.04066,539.4456,263.83698,562.5958,267.1523,48.30395,237.01418,39.70809,161.09401,41.297867,105.01741,57.414806,48.897564,92.441154,11.765554,130.76007,-9.403453,0.03535362388261575,1,0.9747539,0,0
467.78226,189.36125,574.4485,168.0057,483.5715,288.14813,595.2484,251.21698,495.6979,178.93279,491.22202,214.89067,494.17618,239.83093,509.0379,264.6328,535.17944,270.96497,561.4356,267.56625,48.481316,210.67291,30.465458,135.99911,28.243578,84.378235,44.66955,28.18934,84.85376,0.2224282,130.72792,-10.1711855,0.028225942581564255,1,0.9747539,0,0
465.73642,189.84306,572.55695,167.82976,481.82272,287.98914,593.5483,251.1395,493.84644,182.84808,489.31717,218.72285,491.50513,243.31857,507.7419,268.06018,533.15533,273.2649,559.8191,268.19867,47.881298,202.64384,29.661417,128.64656,26.208956,78.23885,44.671196,21.31694,83.93032,-4.216746,130.94133,-11.705962,0.026936650724358243,1,0.9747539,0,0
462.87094,189.73856,570.42175,167.73074,479.0976,288.39346,590.8132,251.35579,489.33203,179.92743,487.1987,215.65579,490.87827,239.22159,506.35162,264.54996,532.0181,270.58636,557.27374,268.04828,45.5256,209.56606,31.44562,135.03105,30.622793,85.81172,47.76655,27.905455,87.408005,0.5044686,131.33739,-11.043062,0.03159985974771809,1,0.9747539,0,0
461.51248,189.74077,568.3762,167.57367,477.3575,288.14114,589.3642,251.38214,483.28397,167.84142,488.0433,200.4788,495.79477,225.0235,510.99295,249.55188,533.715,261.67596,555.5921,267.01196,41.86358,238.4778,39.94049,165.01494,45.32921,110.12663,62.61751,52.712715,96.252884,15.407844,131.75092,-8.933766,0.03011708900201441,1,0.9747539,0,0
463.5072,199.42249,570.65546,178.0919,479.68997,299.10175,591.1956,262.3877,467.85312,164.78429,467.03485,195.29848,473.88525,225.93475,491.49625,252.0931,516.1843,262.06735,540.7905,264.93134,16.209389,272.97998,6.6302857,207.18385,9.403614,141.19647,29.953869,80.7179,66.63323,47.63963,106.995834,27.403973,0.02980764892222459,1,0.9747539,0,0
461.53885,200.36081,570.0276,179.74847,479.0685,300.15854,590.37665,263.9649,468.3892,176.29497,464.16708,201.4342,465.17334,234.40526,482.9136,260.84015,510.2497,268.80887,540.14886,267.33502,17.479023,247.98296,3.7553895,196.766,-3.5235364,130.29355,16.143126,70.54705,56.452095,40.281742,106.596985,25.512197,0.02405841379173245,1,9.2635479,1,1
460.4187,200.62608,568.29663,180.47444,477.63107,301.14798,588.8764,264.05103,466.86765,180.37178,460.49197,209.51347,461.44196,236.53386,480.57837,263.15372,508.66663,270.36905,539.51215,267.26636,15.56044,240.20749,-2.1979039,181.83185,-7.607389,127.92269,14.03184,67.62811,55.390972,38.368046,107.58299,25.91823,0.01881797101369513,1,9.2635479,0,1
458.3499,199.73651,567.0508,180.24849,476.51865,300.4667,587.70953,264.11954,463.9005,175.92253,459.0665,206.38686,461.18512,232.51071,480.16122,259.5526,507.31052,268.08002,537.2525,267.19293,15.307205,247.69835,-0.7280151,186.26053,-4.553993,133.7552,16.345047,72.941025,55.78799,42.091022,105.64882,26.307945,0.02151518824573601,1,9.2635479,0,1
457.83612,200.58113,565.2296,179.43893,474.24118,299.93015,585.61633,263.2833,458.4099,163.68388,459.43555,196.05812,465.71204,221.68954,482.07605,247.61435,509.2902,260.67743,535.61914,265.746,10.747775,279.26303,3.6794152,208.82008,6.778948,153.23885,25.315466,93.59592,64.9907,53.119045,107.501205,27.4745,0.02699275525943205,1,9.2635479,1,1
455.93912,212.28679,561.586,191.15718,471.89352,310.50815,581.49976,274.49246,450.55368,158.50797,454.38998,190.4854,463.30377,216.27197,478.96396,239.59554,502.16336,251.5719,526.18463,255.8789,5.5626206,320.43933,3.2285862,247.3827,10.746885,188.45367,29.638151,132.71985,64.45835,96.1871,104.52098,73.882,0.027438520326375324,1,129.8701324,2,2
456.1895,212.28139,561.27484,191.67087,471.4539,310.85535,580.81555,274.6119,452.50528,170.06305,451.9908,204.7176,456.38992,226.60905,474.87714,253.202,500.57578,259.50455,526.07336,257.58807,4.7086563,293.89105,-4.8353033,217.74934,-3.1759353,170.0448,19.371725,107.343506,59.508408,81.051285,104.10785,70.51654,0.028254368450648767,1,69.204155,1,1
456.11453,212.89507,560.0072,192.03258,471.14767,310.69348,580.1626,274.619,454.01477,175.13144,450.75436,209.20746,454.51974,234.61716,472.91852,258.19263,498.65912,262.69894,525.8979,258.02353,6.228555,284.88483,-7.7579303,210.19588,-7.8197737,155.14519,15.539967,98.36722,56.353973,75.37571,105.0367,69.29283,0.02591908219150813,1,31.7965031,1,1
454.73376,213.47836,559.0422,192.3156,469.78592,311.41315,578.9192,275.42343,451.79675,173.17996,450.79245,207.00847,454.3928,231.9233,472.70786,255.3995,498.37033,261.331,524.76,258.42288,5.4673276,290.33832,-4.7841988,215.52948,-5.056051,161.50522,18.303188,104.82391,58.809246,79.0533,105.50038,69.90053,0.027780518952610977,1,19.6656837,1,1
452.71277,213.4761,558.1075,192.30235,468.97046,311.5249,577.91113,275.84537,447.42725,162.40079,453.3714,193.5876,461.04398,217.28075,478.80466,240.6912,501.50992,252.54662,523.1282,257.6232,5.283395,313.55658,6.4373865,242.18474,12.386524,188.43535,34.697998,131.51172,69.0405,95.36216,104.94273,72.76184,0.02544214601987723,1,2.4423006,0,0
457.40463,208.87225,560.4871,189.13275,471.92285,307.24008,580.31683,270.85257,448.26596,171.15642,451.063,204.19138,458.9416,227.81293,474.22952,254.15305,497.43405,267.43152,521.09216,273.20227,-5.9418454,287.33066,-9.103219,212.63405,-1.9964234,159.40816,15.938063,98.600075,49.98937,59.68418,88.24049,34.237637,0.02953291704930436,1,2.4423006,0,0
457.64072,209.12154,560.9729,187.97072,472.8872,306.50345,581.32306,270.43527,451.4817,176.18895,450.61047,208.98988,453.7717,232.74146,471.6869,260.5046,496.47913,271.13876,522.37946,273.75717,-1.6825591,275.5394,-11.367619,203.35434,-12.028895,152.21199,9.458298,87.39062,46.596416,52.607372,89.51738,31.895712,0.028609013418008877,1,63.4920616,2,2
458.93182,209.53691,562.58344,188.78224,474.29456,306.7839,582.5604,270.62228,452.84473,174.23665,452.3642,207.81052,455.64883,230.99367,472.15964,258.45044,497.95316,270.48062,524.14026,274.0151,-0.8487408,280.61993,-10.122155,206.4938,-10.53283,156.40567,8.613809,92.78711,46.80272,54.63229,89.88717,31.814009,0.029352762002554822,1,35.8422928,1,1
459.2566,209.3805,563.66595,188.36203,474.719,306.35037,583.6778,270.3717,451.70184,165.65291,456.05743,197.01083,463.21054,220.27345,478.227,247.48615,502.30038,263.65454,524.8971,273.59982,-0.9701163,300.52167,-1.9930202,228.18471,3.5507693,175.04333,20.457253,111.330086,55.13479,65.483116,90.153854,32.020775,0.027951959988342077,1,2.3593252,0,0
473.17297,207.83322,577.737,186.92738,488.9731,304.75394,597.5154,269.21667,455.76743,161.29105,458.34503,194.32147,464.14835,219.51097,480.15048,244.648,502.49503,256.97833,525.8674,259.76007,-16.173008,309.23862,-20.251778,235.03796,-17.255636,179.332,1.5334796,120.4034,33.91925,83.92668,72.008415,65.18266,0.033525163125276744,1,2.3593252,0,0
472.73672,206.3969,577.442,185.74323,489.0006,303.73004,597.2176,267.90747,463.61603,171.50848,459.17316,206.972,460.3931,232.52028,474.97415,258.18982,500.0799,264.107,526.7635,259.86658,-5.36134,279.30695,-21.474249,204.38153,-25.745672,151.56615,-9.834702,93.771736,27.749256,68.725624,73.12454,62.009216,0.028635841321947037,1,250.0,3,3
472.42526,205.48286,577.3845,184.57388,488.78522,302.6573,597.33026,266.74533,463.89322,172.08565,458.14093,205.85332,457.8322,231.7699,473.40228,258.21182,499.2357,263.53088,526.59753,258.84207,-4.7330847,275.9505,-22.523409,205.16895,-29.205383,152.24176,-12.067676,92.46406,26.640285,68.15494,73.12719,61.907135,0.022668339334315887,1,24.7831478,1,1
472.1597,205.34206,577.97327,184.19061,488.72974,302.23935,598.0447,266.43552,459.29797,162.80432,456.0943,198.13303,458.66635,222.0425,473.9661,249.6455,499.374,258.6337,526.3031,258.03845,-9.063209,297.92126,-23.268713,221.87721,-25.21475,171.09735,-8.840444,108.41353,28.27633,77.2157,72.615585,63.22589,0.029917435090355576,1,12.3152714,0,1
472.9299,205.39102,578.39984,184.31299,489.4365,302.71698,598.3298,266.81082,452.44324,150.86833,457.53885,182.99504,469.06943,216.80492,481.98187,234.36333,504.13397,249.26524,526.3794,257.02823,-18.2904,326.8268,-18.462399,253.93607,-9.088568,177.81299,6.4853168,135.86172,37.67962,94.35544,72.15337,66.22847,0.02830634672993699,1,12.3152714,0,1
473.13943,206.35936,578.8367,183.03423,489.51883,301.96698,598.6962,265.6859,447.4236,138.7508,460.19662,165.8613,473.2105,187.16612,488.87305,213.05843,506.40414,234.47037,523.15857,251.9398,-23.432306,361.0906,-9.8620405,294.40494,5.4921327,241.57024,23.71291,178.07652,46.234543,123.61096,68.739265,77.75406,0.008226973687671328,0,12.3152714,1,1
479.57242,196.56828,586.19965,175.41653,496.58218,294.5382,606.66125,258.3566,457.7587,164.17682,461.92642,197.33159,468.44928,223.45961,483.6779,247.41316,506.21637,259.75974,530.442,263.837,-25.506502,277.3728,-27.366858,205.63535,-23.958935,149.90997,-7.1398406,95.53451,24.023943,59.60795,61.453526,37.752903,0.03187180611169928,1,0.5587841,0,0
482.41562,197.22308,588.5906,176.36967,499.35678,295.43915,608.89484,259.0017,469.1098,179.91177,464.13776,215.46896,465.56445,241.9809,481.3187,266.47668,506.24023,271.77267,532.42175,265.92355,-16.17663,241.76231,-32.414833,170.35071,-36.435318,117.81824,-19.286295,63.491924,16.590466,39.71788,59.742725,35.604485,0.02732780041074581,1,0.5587841,0,0
484.703,197.74878,591.0675,176.81398,502.11472,296.1497,611.4813,259.14297,473.27298,186.21606,465.8423,220.12018,465.2193,246.498,481.85037,271.0264,508.08472,274.68353,534.86694,266.7441,-14.5420885,228.65552,-34.067165,162.60445,-41.055138,111.937874,-23.082691,57.55915,14.640467,35.948997,59.085434,35.182556,0.0182172649969074,1,0.5587841,0,0
486.95807,197.71846,593.02515,176.42592,503.6581,294.91733,613.6314,258.72064,472.12186,182.73172,466.4988,217.62875,467.50574,243.24841,484.22186,267.68158,510.02905,272.4318,538.2411,266.3544,-19.335686,238.08536,-36.315487,167.69228,-40.62973,116.643425,-21.903376,61.493065,15.532288,38.11606,62.056873,33.2559,0.023043217317215012,1,0.5587841,0,0
488.51993,196.84987,594.33093,175.79488,504.9725,295.10733,615.13055,258.33618,467.48898,175.73389,466.97772,208.88672,471.6541,234.36374,488.00882,258.21805,513.2709,266.22952,538.88495,265.0116,-27.509565,253.38466,-35.898746,184.15187,-34.639984,131.40628,-16.07515,77.48158,19.95884,48.476833,60.931232,35.886066,0.030736505938957888,1,0.5587841,0,0
489.63712,195.9625,595.5538,174.43797,506.80078,293.87366,616.4055,257.3326,463.83167,163.92937,470.89886,192.79005,481.5228,218.63493,496.4516,240.65958,520.235,256.10397,539.8648,262.49814,-31.920847,278.46918,-28.248947,214.43974,-18.578674,156.98154,-1.5640987,105.99418,31.094093,63.0148,60.71882,39.12191,0.023095344421022554,1,0.5587841,0,0
496.5057,187.93799,603.30145,166.72395,513.2927,286.37564,624.2975,249.30017,475.56912,166.4587,482.8588,196.0386,491.99826,224.18428,507.99484,248.87875,527.46765,264.16907,549.79175,273.82855,-26.855068,253.91074,-22.917265,188.8835,-16.045938,128.22272,1.6379321,72.28096,27.019241,32.39181,59.02435,0.67108905,0.02507098293923777,1,0.5587841,0,0
496.27744,187.25426,603.48663,165.64412,514.329,285.4009,624.5066,248.41992,481.43173,175.26022,477.7751,209.2906,480.8268,234.85872,496.16034,261.46054,521.9907,272.44214,550.6001,273.80792,-19.469702,231.03471,-33.665028,163.266,-35.522713,112.22557,-20.108812,54.311516,14.953734,19.138235,58.917408,-1.1039339,0.02745070224324236,1,0.5587841,0,0
496.42505,187.34584,603.13464,164.96721,514.4608,284.9346,624.6167,247.69176,484.36865,177.53824,475.84607,210.20667,476.05997,234.98854,493.34448,262.43835,520.37506,273.2196,550.65234,273.9674,-15.972263,225.80748,-37.295586,162.58626,-42.989315,114.23777,-24.867619,53.529076,12.065372,17.871586,58.834423,-2.406108,0.015052744024288377,0,0.5587841,0,0
495.5815,185.37411,602.3362,163.8895,513.83765,283.48416,623.3609,246.6315,482.70395,173.87372,475.84564,205.43892,476.2886,230.22772,493.12207,258.4173,519.61993,269.95612,550.4036,272.42603,-16.6189,229.18532,-35.151024,167.74744,-40.623737,119.42041,-23.503857,57.847626,12.393259,21.326855,59.552258,-2.3683608,0.018352967071174304,1,0.5587841,0,0
494.29416,184.12437,601.36053,162.97055,511.0553,283.10242,621.94336,245.62009,476.48264,164.1253,476.54004,196.14525,480.823,221.58414,495.9432,248.88571,521.2181,263.438,548.28424,271.796,-22.269032,249.08546,-29.693783,182.7309,-29.219135,130.62622,-13.64707,71.12126,20.069695,29.808533,59.59256,-2.4019208,0.029724383782261537,1,0.5587841,0,0
483.7024,179.895,590.0718,157.94597,500.05392,277.31836,610.88446,241.12462,468.5133,149.35225,472.9446,181.99316,479.4831,207.78111,495.19742,232.54445,518.03625,245.60355,541.8953,251.70503,-16.215664,272.5284,-17.459827,200.25557,-13.757829,144.18568,4.0822434,87.078156,36.161774,49.046223,72.870926,23.083065,0.030205582920129495,1,0.5587841,0,0
482.86227,180.08066,589.2195,157.46735,498.95682,277.55215,609.741,240.09285,470.48618,157.32428,469.40976,191.811,473.0137,217.44943,488.33087,243.01553,514.6012,252.21623,541.0738,252.18117,-13.737209,254.4124,-23.749266,181.59369,-24.254166,128.18298,-7.4001913,70.44827,30.33834,37.701874,72.766624,21.498394,0.03148217553764739,1,0.5587841,0,0
481.66736,178.09514,588.28735,156.52464,498.09555,276.62854,609.06696,239.12599,470.60638,159.13113,467.6429,193.82448,471.06522,218.49059,486.90076,244.24905,513.8837,252.84642,540.6245,251.07117,-12.411528,244.987,-25.242643,173.60072,-25.802351,123.12429,-8.571964,65.76839,29.831451,34.25883,72.87554,21.422953,0.028507670355586903,1,0.5587841,0,0
481.32263,177.80571,588.26904,156.41101,498.0555,276.0754,608.8042,239.19716,467.40616,155.00914,468.73056,189.39203,473.11682,214.0994,490.02234,239.93192,514.58887,249.15248,540.54224,250.94928,-15.737347,254.02975,-22.198992,181.38768,-21.569466,130.02599,-2.8060389,71.5371,32.12316,40.200294,73.06427,21.16475,0.030805246411870876,1,0.5587841,0,0
482.67056,177.96388,588.21265,156.6464,498.18854,275.5968,608.77203,239.38284,464.27365,147.35959,471.70135,177.0287,481.36362,202.40903,495.953,225.68169,518.52844,241.09062,539.97516,249.75945,-21.8796,274.29654,-17.127867,206.67773,-8.100774,149.48676,8.824147,95.49378,40.312008,52.92131,72.60206,23.407774,0.023584580909551758,1,0.5587841,0,0
473.90045,180.5869,580.9553,158.0798,491.02817,276.9179,601.31287,240.01459,474.33783,159.97504,478.98828,189.79878,487.64716,217.50189,503.29367,242.75368,525.5723,256.3851,546.7705,263.27512,6.536336,244.31267,5.390723,178.22665,11.075286,116.821945,28.161987,57.76251,59.36353,17.453278,91.92101,-9.906688,0.029035190151802455,1,0.5587841,0,0
473.02634,180.92027,580.3759,158.21547,490.77753,277.0344,600.72614,240.3756,475.9001,173.65912,474.24005,206.83798,477.4885,230.771,494.31625,256.6859,521.148,265.14264,547.2302,264.5347,6.643851,214.15755,-5.485158,145.75757,-7.181238,96.22046,11.022947,36.313774,50.239403,3.4159098,93.17637,-12.572784,0.028352431428725518,1,2.3546033,1,1
472.6866,181.19305,579.59155,158.67378,490.49417,277.4169,600.6058,240.98741,474.12628,178.97389,471.9707,209.14357,474.48776,232.85162,492.79944,259.5298,519.41473,267.39218,547.1153,265.48627,2.9220355,204.07591,-9.057363,142.39569,-11.743149,93.8987,8.473212,32.150978,47.364494,0.87437296,93.22083,-13.411489,0.02567397945881546,1,2.3546033,0,0
471.58667,182.2968,579.13446,159.3678,489.78665,278.41046,600.2052,241.46434,473.0227,170.90233,472.51932,204.18932,476.5621,228.12508,493.3929,253.30994,519.62744,264.20813,546.8906,266.14474,5.66203,223.68965,-4.9291263,154.04253,-5.599359,103.84588,12.609421,45.237335,49.948757,8.128051,93.67254,-13.534887,0.027471829628277246,1,2.3546033,0,0
473.33447,180.71072,578.79443,159.16948,489.1795,278.04782,599.3768,241.87428,471.03488,157.12215,474.45374,173.56728,520.829,251.89792,503.40988,240.5118,524.37415,255.27689,545.468,265.23062,2.5165682,252.50356,3.6834307,214.90775,56.43826,30.174088,31.75424,62.492065,61.17133,21.485825,92.89395,-10.971049,0.021764251794871254,1,2.3546033,0,0
468.37802,185.10294,574.84314,162.99716,484.68185,282.6202,595.1775,245.4509,470.59613,142.87651,471.5611,177.43608,476.6479,201.09827,491.69052,228.08694,516.03784,239.83476,540.8392,243.15129,15.208741,292.18802,7.0997486,215.0006,8.759802,162.66345,25.047302,99.97852,60.74346,62.734165,101.375854,41.010418,0.03349720241051205,1,136.0544281,2,2
467.5366,184.59393,574.45905,163.08049,484.94965,282.31287,595.25854,245.43962,474.00687,149.36807,468.87714,185.66068,471.2208,208.64757,487.9785,236.39206,513.755,244.72327,541.3367,243.91226,20.62903,274.1424,1.7930176,197.18698,-0.9224572,148.69214,17.090998,84.8948,55.284763,53.993294,101.64672,38.97806,0.02435825494159286,1,90.0900879,2,2
467.6491,184.50452,574.4928,162.79224,484.84824,282.1298,595.2111,245.16586,474.9966,150.29967,469.4491,185.13022,471.68597,209.10228,488.11307,236.94006,514.20776,244.87158,541.1162,244.40215,21.695248,271.63184,2.6418338,197.90756,-0.45545578,147.32094,17.13472,83.39884,56.0253,52.998142,101.14729,37.614628,0.024069889264619098,1,45.4545441,1,1
468.22522,184.77606,574.3672,162.85588,485.02875,281.5978,595.5722,244.92055,474.13928,145.71765,472.01907,179.81662,476.4983,205.62828,492.1476,232.0353,516.9849,241.72588,541.0874,243.63927,20.987066,284.6113,7.431102,209.01657,7.2864666,152.23125,24.403194,90.41254,61.339935,56.98671,101.16787,38.57683,0.03224141383533339,1,30.5343513,1,1
468.76395,183.31705,574.9534,162.03955,484.9144,282.03833,595.21063,245.07594,472.09628,137.05954,477.6266,169.96555,486.47983,194.08517,501.32614,219.1848,521.4654,234.17415,541.4339,242.41632,17.96369,300.36594,17.767075,224.8695,25.35025,169.60997,42.153446,110.577545,70.71294,69.282906,101.90553,40.84281,0.029214459613592755,1,2.6055238,0,1
463.9537,177.85553,572.08026,156.0634,480.96756,276.38327,592.2359,239.90656,472.46124,147.20193,468.8391,182.54918,472.6249,208.40947,487.20624,235.89359,512.5481,248.5589,538.7151,250.96275,22.161798,262.15176,6.337937,188.18817,5.1965084,133.87735,20.13063,72.35923,56.29264,33.437397,98.665634,12.746567,0.030807212001165395,1,2.6055238,1,1
463.13297,176.86636,571.0922,155.37329,480.70154,275.8132,591.5111,238.94637,475.60757,151.99915,466.80917,186.68869,467.74573,210.3663,481.99954,240.66063,509.2405,250.84111,538.6599,251.5091,26.965717,247.8549,2.9705722,178.27179,-2.0175452,130.36462,11.30345,64.38632,50.535275,29.340296,98.61312,9.834849,0.017131994846630152,1,1.1007155,0,0
463.61734,175.63321,571.1635,155.0314,480.52414,275.55206,592.0664,238.78003,474.36493,147.94647,467.2578,182.91742,469.62595,207.08734,483.75256,236.6788,510.73804,248.50081,538.6965,250.7059,24.808937,255.28943,3.7175522,183.46318,1.0398003,133.7156,14.699995,69.43059,53.18208,32.002678,98.2364,10.935877,0.022348458784143665,1,1.1007155,0,0
464.80316,177.32634,571.33386,155.64844,480.49805,276.39365,593.19214,238.99231,471.99103,139.60278,472.60516,171.93312,478.56506,198.20447,494.33685,227.5154,515.79645,242.76083,537.9063,251.01154,21.855742,281.3409,13.869357,208.23837,16.376337,149.88353,33.284405,82.89642,62.970135,41.233994,96.480354,12.06559,0.03516783875643068,1,1.1007155,0,0
460.28036,179.3263,567.6085,156.98961,476.39618,278.48233,588.3036,240.70032,478.74246,135.03232,479.2707,170.31616,484.94098,194.73938,500.8788,222.68608,523.9158,234.21402,547.67834,238.84006,42.671707,290.2172,32.896473,210.90985,35.035168,156.42627,52.5742,91.117325,86.91285,54.850018,126.1063,30.91702,0.03365749538631227,1,1.1007155,0,0
460.0574,179.87581,567.744,157.4621,476.62384,278.5252,588.92035,241.17989,480.7958,145.924,475.63788,182.51974,478.29794,206.75449,495.07632,233.24115,521.34094,241.7595,548.9998,240.18051,43.611122,265.7676,23.98528,187.4493,21.327995,135.87358,40.18723,74.139946,79.949295,42.23721,127.55992,28.37118,0.024302591824042995,1,1.1007155,0,0
460.1556,179.83092,568.2011,157.63068,476.5391,278.68887,589.0456,241.43422,480.36566,146.75537,475.1394,183.90508,478.3532,208.00873,495.33456,234.61115,521.20764,242.62248,549.5471,240.50424,42.12541,263.89496,22.541079,184.81796,20.921238,133.49527,40.101696,71.63759,79.31567,41.039536,128.22168,27.888048,0.024427255840580104,1,1.1007155,0,0
460.7161,180.29968,567.9234,157.80063,476.46872,279.19467,589.17944,241.6429,478.23785,142.81493,475.749,178.84227,481.40488,203.305,497.36658,229.29276,522.60254,239.01195,549.2203,240.01205,39.1483,275.7255,24.452774,196.3451,26.762327,142.21548,44.892426,81.42555,82.98675,47.759373,127.98848,29.503695,0.028872774480763964,1,1.1007155,0,0
459.99817,179.4262,567.3266,157.57951,475.68896,279.3614,587.94006,241.53732,474.6357,132.83559,479.86426,165.96426,488.14346,191.18182,506.05148,217.01973,526.3287,231.45279,547.90424,239.02664,36.43868,297.05356,35.501724,220.3955,41.822254,162.72183,63.49789,100.41262,92.734436,59.921757,127.31307,31.599707,0.026942168058784147,1,1.1007155,0,0
461.8052,177.37227,569.78595,155.57475,478.41306,276.972,590.92773,240.00018,479.6619,126.53199,481.76898,162.59106,487.12186,187.09755,502.17105,214.31694,525.23773,226.54713,548.09216,230.42633,43.867523,305.28827,36.178482,223.20566,37.56894,168.52473,53.723827,105.2308,87.85564,68.08103,125.72801,46.902225,0.03673899056462191,1,1.1007155,0,0
462.96567,176.28629,570.4802,154.0262,478.91574,275.8771,591.42224,238.2003,483.5978,133.687,482.71097,171.26372,486.12692,196.05841,500.98618,221.69528,525.285,230.4172,549.652,230.03918,45.770424,285.57657,32.975826,202.00827,31.439997,148.26256,47.910217,88.81203,84.997604,57.76524,126.945625,43.8686,0.036257605109517387,1,34.782608,2,2
462.97192,175.04889,570.8026,152.7331,479.34418,274.036,592.0858,236.46335,485.1448,133.61815,486.5107,170.1684,491.326,195.71954,507.39136,219.83965,528.51544,228.8017,550.68915,228.39252,48.24731,282.65643,39.080544,200.0197,39.243023,143.6276,57.860596,86.09311,89.725914,56.10013,127.91944,43.535072,0.039075497864777625,1,1.169659,0,0
463.7285,173.76657,571.71185,151.41492,480.08707,272.7676,592.9079,235.79393,484.73102,126.50678,492.07635,160.14769,500.6127,182.09108,515.3659,203.95232,532.7124,218.86533,550.847,226.41698,48.22081,296.2264,49.94532,216.95143,57.253674,165.52342,74.77334,112.22072,98.94226,72.07686,127.484604,46.043606,0.028481624112645453,1,1.169659,0,0
470.23077,166.6422,578.8565,143.50461,487.15405,265.23087,599.8564,228.1023,489.57465,146.61542,491.2441,181.16745,497.19525,207.02875,511.69638,231.79305,535.5951,249.1889,559.5753,255.82628,36.835476,234.38307,29.12581,160.05107,31.00692,104.54288,46.552624,47.952675,79.328835,0.15934987,116.696976,-28.030678,0.03317147584904881,1,1.169659,0,0
470.8503,164.47612,578.6342,142.217,486.8437,264.20996,600.92303,226.16144,492.35153,153.65561,485.98853,189.58974,487.6676,213.49796,503.1728,242.14337,531.3722,254.06404,560.1192,255.8643,37.531597,213.98682,17.145502,140.8547,13.49716,92.626144,29.493277,30.066067,69.49939,-8.634281,115.2816,-30.300966,0.021004702409984765,1,1.169659,0,0
470.86,163.15842,578.5963,141.1472,487.14212,263.3103,600.5528,225.04008,492.20462,154.40273,484.84958,188.83305,485.83786,213.10861,501.51422,241.4957,530.35834,253.3012,559.3579,255.08887,36.50267,209.53769,15.058197,140.74791,10.273142,92.49852,26.506622,30.596418,67.485405,-8.392491,113.83378,-30.46884,0.01797372719442823,1,1.169659,0,0
470.03238,162.50252,578.3445,139.98183,486.89453,262.27078,600.6222,224.16336,490.75278,147.47557,487.24622,181.50488,490.03244,206.75032,506.42792,234.33337,532.5853,248.90758,559.48145,253.87126,37.40957,223.32501,21.672342,152.70949,18.953157,100.86337,36.310143,39.177963,72.58131,-3.6049623,114.46311,-30.128122,0.02621547149751018,1,1.169659,0,0
470.01178,161.93074,578.0538,139.19104,486.60965,261.04263,599.6928,223.54005,488.96207,134.12077,494.81937,164.87625,538.56366,236.88617,528.0661,227.94655,540.5805,239.55974,560.02075,251.92912,38.64684,252.35835,38.853344,182.47852,87.17687,13.177474,73.045815,36.747635,89.56741,6.8147006,117.40714,-29.16475,0.020876269405100734,1,1.169659,0,0
472.04425,151.5987,581.9474,128.25148,489.74365,250.31758,602.94794,212.58704,475.16293,127.04895,478.66098,160.05814,487.44696,188.48839,501.44266,212.87526,523.49854,228.14389,546.3003,234.78328,11.770971,250.51482,7.8048987,179.603,13.271066,118.0659,27.661324,62.94777,57.241463,20.700497,91.60725,-6.3938904,0.032168105948365965,1,1.169659,0,0
473.00668,150.91588,582.1628,127.63683,490.56982,250.38692,604.2846,211.47246,479.21747,158.12473,477.3682,177.09236,478.4718,203.5328,494.8727,230.1631,520.6335,238.79752,547.8162,235.81108,7.5526066,182.22696,-0.39052314,144.63226,-5.607704,92.63542,11.452746,33.7978,47.529934,2.3868551,91.24762,-9.478307,0.02864989875459319,1,1.169659,1,1
473.2825,150.42285,582.2283,127.377266,490.60968,249.69835,604.0449,211.08424,482.49432,147.04126,478.74847,181.57414,478.22308,207.13214,494.44504,234.7066,520.24524,241.06445,548.1995,236.49713,15.229161,203.02934,0.04338735,134.0993,-7.259403,84.922554,9.368555,24.634296,46.12155,-2.6697187,91.62122,-12.141072,0.02647769940406202,1,0.1024102,0,0
472.53146,149.87068,582.5235,126.89074,490.5793,249.17894,603.7484,210.52403,481.14038,142.44475,479.9952,177.1834,482.06192,203.41426,496.79745,229.40022,522.2499,237.53345,547.76337,235.10481,15.267803,211.77477,3.720662,141.35707,-0.2925716,89.30277,14.258555,32.226665,50.10747,1.542299,91.26339,-10.47423,0.03530099152878372,1,0.1024102,0,0
473.78494,150.08507,582.1447,125.831635,490.43494,247.74016,603.4974,209.53708,478.45938,131.1682,483.86743,164.19504,490.9479,190.04344,505.18134,215.43405,525.8798,228.38022,546.8762,233.689,12.630454,238.61201,11.973173,165.50414,15.878936,109.19211,30.77858,51.37276,59.290195,13.979245,91.30722,-9.638938,0.03497156715422161,1,0.1024102,0,0
481.30695,142.72592,589.6551,119.2731,498.2386,241.53165,611.40125,203.2812,489.7747,133.87503,496.58838,167.61455,504.21927,193.16638,508.80823,203.6446,540.48035,236.12802,560.4772,243.71985,15.790536,214.97765,16.994036,141.30408,21.658504,86.52165,25.764685,63.732166,65.20252,-16.48714,94.559364,-43.664345,0.03308337964812349,1,0.1024102,0,0
481.835,141.23914,590.79425,118.608635,500.4914,239.63855,612.2007,203.12648,502.06558,151.78865,496.3781,188.73952,497.3358,214.86217,510.0963,237.2478,536.8444,247.7904,561.8993,244.21898,28.541006,169.20415,8.388253,97.941864,2.2944896,47.523846,14.909116,-1.373207,52.5285,-37.414024,93.8668,-47.30049,0.0248534497315971,1,0.1024102,0,0
483.19208,138.84344,592.03125,116.4514,500.91278,237.50688,614.03986,200.60133,501.67935,147.8063,496.05414,184.39804,496.6277,210.02834,509.54352,233.95915,536.9383,245.06981,563.4537,242.22562,26.416674,173.0153,7.054674,101.880455,0.95944625,52.651237,13.561937,1.3238838,51.542973,-35.488674,94.28282,-47.44286,0.023825461685527193,1,0.1024102,0,0
484.27402,138.16003,592.8798,115.46281,500.81723,238.12616,614.62744,199.2276,493.65588,129.40909,498.57416,162.73012,505.97586,187.67952,509.4422,199.30406,543.9722,233.39032,564.04736,240.7735,16.959501,214.47891,15.581376,142.86769,20.22218,89.802246,22.358814,65.66622,65.423325,-18.370537,94.753876,-45.101368,0.035725988012338866,1,0.1024102,0,0
484.293,144.51312,593.4734,121.788414,501.81738,244.244,615.08746,205.45517,480.0957,119.39582,484.2431,137.91293,508.7722,201.87114,511.56442,206.24695,532.11035,221.82924,550.8315,232.06755,0.33525732,254.88704,1.6994357,213.7869,21.371536,73.75682,24.351683,63.863445,51.15749,22.36269,77.27714,-8.651331,0.02782726480353137,1,0.1024102,0,0
482.89786,147.86432,593.0142,123.08281,501.92142,245.56474,615.1077,206.7673,483.2406,137.85342,481.44846,170.61848,484.4604,199.01546,499.16833,224.08856,526.63214,234.73964,551.7236,234.3444,3.5206754,220.7811,-8.790431,154.3364,-12.320846,97.08572,2.0850427,41.213722,39.824055,4.4044213,79.06633,-11.207436,0.03272633031038341,1,0.1024102,0,0
482.79605,148.78302,592.3503,124.33055,501.87952,246.42256,614.1869,207.6221,484.27655,147.493,478.9754,180.50114,481.18243,205.71802,496.10336,231.93721,524.8724,238.45053,551.1538,235.92967,2.6478505,201.99414,-14.854628,137.77608,-18.578016,87.82629,-4.2724915,30.09477,36.44203,0.052973136,78.33916,-12.5464115,0.02473302702896778,1,0.1024102,0,0
483.4579,150.18304,592.6065,126.50722,501.3169,247.96008,614.0508,209.5767,483.031,148.53386,479.52618,181.4501,483.07556,206.0699,500.53644,232.31604,525.25995,239.6526,551.5562,237.71394,-0.1928961,203.64995,-14.354972,138.19334,-15.508282,88.44693,3.0286925,29.131386,37.801968,0.28971675,79.5364,-13.1455345,0.02766685699672712,1,0.1024102,0,0
484.40045,150.99745,592.5212,127.64838,501.88818,249.43051,614.36884,211.17451,481.5895,140.42691,483.79184,174.5758,490.1217,199.18053,504.67105,224.22794,528.91473,235.99374,551.7859,238.22633,-1.4582496,223.61476,-7.2865195,151.86555,-4.244883,100.12408,10.768881,44.40749,44.19129,7.871544,79.54858,-10.912125,0.0345544715315459,1,0.1024102,0,0
480.2714,154.60724,587.44995,130.19106,496.5401,251.65865,609.1437,213.66171,472.30734,150.40144,473.6345,185.34708,480.0417,209.69235,495.58398,235.48221,517.8492,248.07434,540.25574,252.38734,-11.520508,212.85667,-18.127928,139.52545,-14.30508,88.05911,2.6252034,30.238022,32.978405,-6.6524725,66.5577,-28.966187,0.03420218666268745,1,0.1024102,0,0
480.96878,153.99461,588.0399,130.94049,497.5306,252.20822,609.50543,214.37979,475.93332,159.503,474.13983,196.34483,477.9193,222.16609,496.44815,247.31482,516.77185,255.91847,541.62933,253.54422,-9.29779,190.7307,-21.014862,117.354,-21.452946,66.167206,-0.37742192,9.439041,27.608555,-18.527306,66.73444,-30.211184,0.033059108877930836,1,0.1024102,0,0
480.94238,154.50598,588.16675,131.76831,497.59375,252.84668,609.476,215.1724,475.96375,163.51704,473.9071,198.9888,477.4713,223.56253,496.54184,248.4216,517.3206,256.85974,541.3872,254.33025,-10.07083,183.43259,-21.799112,113.4675,-22.28123,64.9735,-0.44300216,8.578756,28.222242,-19.360788,66.169815,-30.245209,0.031297686307604315,1,0.1024102,0,0
480.6473,155.63872,588.2351,132.08925,496.98392,253.17412,609.2731,215.15413,471.24356,154.965,472.57526,191.0353,478.406,215.19939,495.09564,241.05055,518.24756,252.027,541.77563,254.35979,-14.456977,205.75381,-21.120249,131.33829,-18.141506,81.28443,0.20985688,23.268213,31.996899,-11.162247,67.82089,-30.754549,0.03272817981612435,1,0.1024102,0,0
480.6849,155.41426,588.1954,132.20607,497.28445,253.74266,609.10144,215.41927,466.99823,141.9329,475.66275,166.58247,489.44943,194.9655,504.1072,220.88902,523.7707,239.53752,539.96765,253.49492,-17.761705,234.49599,-10.611149,179.11273,3.1712236,115.112785,18.638742,56.69302,43.667763,9.557178,64.846436,-26.91104,0.015809310650251478,0,0.1024102,0,0
487.72827,151.41293,595.0278,129.30568,504.16605,251.22572,616.0752,212.34395,468.29654,123.42903,471.92572,156.57149,478.8903,182.59317,495.58432,208.46951,517.8785,222.967,541.4617,228.60867,-22.998072,267.20087,-25.124851,196.11267,-20.729736,141.02109,-2.271745,82.82572,27.381695,43.009235,62.445213,18.054691,0.030076233025152443,1,0.1024102,0,0
489.02628,151.2631,596.3011,129.25719,505.93314,251.54875,617.8235,212.43051,472.84332,132.40317,469.57812,167.05872,471.86884,193.54163,489.05298,219.9753,514.44495,229.7084,542.70544,229.4226,-20.013214,246.17766,-32.778477,176.32431,-35.199253,124.005226,-16.651337,66.069496,17.898567,33.8837,61.381477,17.191196,0.02696413651013612,1,0.1024102,0,0
490.4842,151.64034,597.6293,129.54483,507.06168,251.93257,619.1134,212.41093,476.9329,137.08128,470.3583,170.84676,471.1235,197.10121,488.31525,223.22719,514.98694,232.11772,544.8921,230.03929,-17.127102,236.2269,-34.355293,169.84435,-38.660778,118.96576,-20.016417,61.850914,16.346945,30.429707,62.700443,15.844525,0.019752161263912653,1,0.1024102,0,0
491.23145,151.58421,598.49304,129.5378,507.84854,251.82867,619.9338,212.34822,476.095,135.20396,472.24622,169.08672,474.20425,195.63583,491.0956,221.8086,517.4906,230.8926,545.9194,230.00475,-19.055386,240.67137,-32.315945,172.6864,-35.08777,120.45272,-16.875574,63.181896,19.178406,31.4888,63.030014,15.614939,0.025602422828789273,1,0.1024102,0,0
491.78903,151.82684,599.2326,129.51973,508.80203,251.36266,621.01135,212.65993,472.43863,129.49756,476.45468,162.09181,482.5229,188.9638,499.29938,213.51353,522.1204,225.87758,546.4868,229.5022,-24.037907,255.2639,-25.726011,185.55002,-23.056839,129.51547,-4.454148,74.116196,26.271742,38.11173,62.97038,16.535282,0.030652507152626737,1,0.1024102,0,0
489.14944,150.24507,597.5182,127.86492,507.03412,249.88351,618.5125,211.24011,465.74695,137.45691,469.69913,171.0786,476.22757,196.79814,490.29245,223.19347,514.2114,237.66763,536.2219,243.06334,-31.660622,235.68446,-33.991295,166.72163,-30.77123,114.320305,-17.184858,57.925705,13.671547,17.596563,45.2741,-6.086069,0.03479233846219434,1,0.1024102,0,0
490.21432,150.49673,598.4806,127.86028,508.0689,250.04947,619.7522,211.1052,470.56668,141.98042,467.87198,176.54959,469.7529,203.52823,485.9692,230.33786,511.7293,241.81981,537.40186,244.25557,-27.246378,225.68748,-39.333633,157.87206,-42.767357,105.86196,-26.367823,48.24791,7.428781,12.459579,45.084526,-8.155661,0.02933512963846123,1,0.1024102,0,0
490.96616,150.69788,599.3072,128.25618,509.00195,249.67574,620.2111,211.40929,470.39102,140.64627,468.41647,174.35954,471.54428,200.61958,487.35873,227.99673,512.90375,240.47383,537.8872,244.43486,-28.211653,229.1039,-39.282322,162.48206,-41.0068,110.84316,-25.336945,51.90584,8.132104,14.257371,44.566475,-8.732294,0.03109088176871946,1,0.1024102,0,0
491.95486,150.40326,599.7565,128.2207,509.3489,249.92654,621.31946,211.54807,467.40268,133.08554,473.16116,163.1591,481.11887,190.61894,495.91446,216.59795,517.85876,233.20822,539.1273,243.70055,-32.79157,246.08127,-31.353445,182.07433,-26.215994,124.62158,-11.083639,68.01788,16.790462,24.954638,45.93742,-7.293128,0.028684610097119662,1,0.1024102,0,0
493.66235,145.70705,602.3078,122.66939,511.13467,244.52487,624.0353,206.71796,465.18506,143.9576,474.66782,173.02138,485.66312,199.56638,498.60812,221.6091,521.46436,244.99754,539.4656,256.225,-42.481174,215.84282,-35.363663,153.37497,-25.696249,96.81569,-12.348575,48.757133,14.954611,-7.082929,38.613834,-38.45006,0.019606542558492836,1,0.1024102,0,0
493.47946,146.28102,601.6768,122.73168,512.6747,244.45346,623.3228,206.31459,466.99344,152.7927,468.35382,186.91663,474.23737,213.02913,490.39465,239.4768,517.5566,252.15445,539.7715,257.97406,-41.408867,198.50957,-48.188957,131.45544,-46.45427,79.62106,-30.559765,22.4905,4.928576,-16.972212,36.34594,-42.098934,0.031007298714461177,1,0.1024102,0,0
493.1832,147.3958,600.90027,123.828606,511.48132,246.8335,622.5749,207.61397,467.87332,154.07782,466.09103,188.71486,468.78174,213.76942,485.80078,241.81297,515.3025,254.4687,539.1922,259.23938,-39.591858,197.71815,-50.22573,131.53027,-52.09877,83.93835,-35.044823,24.43657,3.487719,-15.892705,37.46796,-40.066692,0.027412767460285387,1,0.1024102,0,0
492.28116,147.98831,600.53516,124.98907,511.9098,246.9653,621.7885,208.52133,464.615,146.21254,466.93338,179.20027,473.6421,204.70595,489.11258,231.90956,517.61536,248.71071,538.336,259.56137,-40.388416,215.1032,-45.69958,150.05612,-42.87348,98.99997,-28.370792,40.90377,7.826242,-6.776029,35.483738,-40.16872,0.0287898879968252,1,0.1024102,0,0
492.57877,155.65706,599.9183,132.89594,509.53378,254.62198,621.0533,216.15634,462.31433,119.431694,470.819,149.31427,481.9644,173.11272,496.04153,199.4998,517.0143,218.08395,535.6534,230.111,-37.390846,289.21265,-31.556292,222.51363,-20.56968,169.05492,-6.067999,110.06326,20.705093,62.86186,46.090992,28.950089,0.020412329306956644,1,0.1024102,0,0
493.6265,156.93744,600.35095,135.00044,510.10513,256.24103,621.53265,217.83913,464.6156,129.57124,466.61072,161.9026,471.63992,187.97693,487.80817,214.35493,512.4476,228.12343,536.5452,233.69739,-37.861458,269.6725,-41.84349,201.19376,-40.013012,147.17046,-22.460642,88.83011,10.395052,49.5973,45.70489,24.904074,0.031550747920746455,1,0.1024102,0,0
493.72833,159.04274,600.6893,136.6434,511.11432,257.93695,622.0804,218.8507,462.35974,132.06075,465.2849,163.85901,471.1749,188.78142,488.17413,215.68822,512.6293,229.2622,536.95776,235.27748,-40.597527,269.54178,-43.503838,202.30214,-40.601955,150.3029,-22.54523,90.38944,9.669133,51.28797,44.958218,25.250875,0.028748624688907883,1,0.1024102,0,0
494.06638,159.83466,601.12616,137.55005,511.42368,258.5384,622.12366,220.06258,458.76254,128.2014,466.31287,158.57468,476.55927,181.77031,493.46518,207.12769,516.3394,224.48564,537.2106,234.7926,-45.416267,280.48105,-41.28177,214.26526,-31.75326,163.2446,-13.210377,105.53284,16.318007,59.81211,45.48335,27.729925,0.019832663559380247,1,0.1024102,0,0
493.4829,159.8183,599.95245,137.02206,511.4021,257.41925,621.4748,219.3296,450.95648,147.56816,460.09793,175.80731,470.22134,202.76427,485.15436,224.73494,504.81476,242.84592,524.61456,254.55789,-60.817177,243.4317,-54.04415,182.28148,-45.774708,124.848206,-29.660227,75.432556,-5.7578783,30.582819,20.432125,-3.1367474,0.020461895448892944,1,0.1024102,0,0
492.80124,159.17633,598.76324,136.10576,511.0462,255.71606,620.3273,218.9942,454.29153,153.50584,457.0926,186.72615,463.3657,210.7311,478.08057,237.5157,501.9455,250.60248,521.8457,255.66962,-57.688244,228.73877,-61.58532,160.50204,-58.22456,110.97009,-43.568996,52.879025,-12.143994,14.932253,16.36989,-6.6412373,0.035845926280686925,1,0.1024102,0,0
491.60394,158.73235,597.65814,135.8988,510.69952,255.805,619.1053,218.95862,454.4152,152.93091,456.01498,186.72594,461.585,210.70439,476.11407,237.89717,500.15976,250.83545,520.63995,255.98787,-55.00796,227.79457,-61.299774,159.99634,-59.338367,111.48451,-45.57325,53.248173,-14.230996,15.572535,14.98667,-6.5937343,0.037152660022424275,1,0.1024102,0,0
490.41632,158.90193,596.81177,135.98917,508.52664,256.40997,618.2717,218.57074,450.84537,144.38998,456.55685,175.29707,464.99207,200.67982,478.56613,225.17038,500.81357,244.64029,519.984,254.42422,-56.142044,246.95956,-55.093227,181.80174,-48.94226,128.30185,-35.41204,74.93196,-8.154807,26.179619,17.647861,-3.6052952,0.02911044345921476,1,0.1024102,0,0
487.4335,154.03088,593.459,131.41487,504.18854,252.60025,615.1562,214.22137,440.94305,114.531044,449.1071,145.62306,459.33813,170.5694,475.39157,196.01291,495.38998,212.03194,515.3194,222.59525,-62.063545,303.61166,-56.31519,234.01108,-46.5325,178.66478,-28.640808,120.9057,-2.8552065,79.618614,24.602535,48.23136,0.022112517725856186,1,0.1024102,0,0
485.9308,154.12119,592.39246,130.91394,503.25308,252.05594,613.60754,213.98235,444.57242,125.3386,446.92432,159.93681,452.70197,185.44385,467.98053,210.82597,491.04376,220.99669,515.4754,222.96191,-56.09681,278.0625,-60.262623,205.40092,-57.449226,152.35782,-41.204914,96.19481,-10.028881,64.431854,26.527288,46.478138,0.034504215835924286,1,0.1024102,0,0
484.59152,153.15062,591.475,130.0197,501.96802,251.41875,612.53503,212.958,446.99554,131.06732,446.2139,165.61845,450.4016,191.74734,467.17035,216.62761,490.11877,224.04807,514.15564,222.93468,-51.461563,261.91812,-60.160656,191.72276,-59.760735,139.02423,-41.591904,83.71178,-10.351649,57.179813,26.097841,45.16281,0.03422028503759601,1,0.1024102,0,0
484.19672,152.06758,590.8446,129.14143,501.25464,250.44888,611.9345,212.16345,446.34006,130.5868,447.1823,165.07819,452.40714,191.04636,468.3836,215.81657,490.3663,222.65327,514.32477,222.41975,-52.354202,260.8745,-58.505287,189.91183,-56.47002,136.90286,-39.161007,82.13057,-8.9901,57.264904,27.220665,43.712887,0.036015149185628946,1,0.1024102,0,0
483.2489,151.13239,590.0922,128.01485,501.18057,249.02994,611.0341,210.66917,442.94803,125.172295,448.77774,158.74637,455.1819,183.01273,470.6778,208.298,492.19556,218.05342,512.6829,220.13045,-54.047676,270.69077,-53.42356,199.68947,-49.885567,149.09802,-33.778576,93.000916,-4.9262486,62.663967,25.495054,46.633545,0.0347358780782344,1,0.1024102,0,0
482.6901,150.1878,589.0455,127.08917,499.4607,248.5682,610.2366,209.999,441.15338,118.146255,450.25308,146.86862,462.1448,169.01057,475.45273,191.58284,493.6073,207.75356,512.20276,219.21632,-55.90596,285.33347,-48.560417,221.17517,-35.90561,170.8916,-21.458372,119.832054,1.6638765,78.88372,26.969849,46.256653,0.018552018661055776,1,0.1024102,0,0
483.99734,153.84773,590.5415,131.37544,500.5798,251.50778,611.38324,214.08568,461.0033,116.19704,470.69223,145.55841,482.39474,168.5911,496.65955,195.75609,515.9135,213.97533,533.7557,227.22232,-26.422747,290.9828,-18.62363,223.3603,-6.371526,169.93434,8.523407,107.85624,33.469646,61.342823,57.87834,24.95913,0.017711146608998807,1,0.1024102,0,0
483.40527,153.2082,590.6136,131.12242,500.5507,252.33183,611.4703,213.5144,464.69675,124.41891,468.13898,157.61345,474.6007,182.87772,490.27368,210.17409,512.0347,223.53484,535.1244,228.96045,-21.189785,268.36887,-24.102066,197.42844,-20.643835,144.00867,-4.3941946,83.37868,24.555084,45.743645,58.864002,21.269882,0.033340868775323745,1,0.1024102,0,0
484.5555,152.22949,590.921,130.24065,501.28244,251.33737,612.30554,212.56897,465.87436,125.26882,467.75906,159.06279,472.0457,184.20044,488.49774,213.06606,512.0257,224.51237,535.51746,228.58595,-22.092123,265.30637,-27.192352,193.09962,-26.598122,140.84392,-9.306203,77.07451,22.801859,42.234478,58.131847,20.207445,0.034899101691561865,1,0.1024102,0,0
484.75104,151.37442,591.09393,128.71268,501.3181,249.89919,612.55493,211.53058,463.09708,119.93301,468.1574,152.95436,474.91425,178.08873,491.55948,205.12405,512.86224,219.50589,535.44293,227.05176,-25.933964,276.93805,-25.998497,204.0624,-21.718834,149.74886,-3.3499358,88.31058,25.221994,48.83432,58.41684,20.808737,0.02994094483195454,1,0.1024102,0,0
482.42914,144.72981,589.9691,121.25243,500.44846,243.30156,612.1212,204.66408,451.24405,93.93598,457.35013,125.85346,469.75012,151.80399,481.48724,174.5484,505.80518,193.04979,527.79517,200.00635,-34.54043,322.23724,-33.33611,250.50035,-21.301517,191.16684,-9.66266,139.77705,22.150852,90.51699,54.565666,64.2881,0.024251548302470883,1,0.1024102,0,0
482.3724,144.78023,589.33405,121.65077,499.3417,243.97412,611.2289,204.49792,456.1753,110.884926,453.73865,145.98203,457.35373,173.67195,474.02322,198.24698,501.6594,204.83342,529.13226,201.99626,-31.860641,283.70132,-43.3838,210.1686,-44.04574,153.23807,-25.556164,97.77772,13.459997,70.08365,56.993927,59.40516,0.028200015481437732,1,0.1024102,0,0
482.20355,145.65004,589.5381,122.88907,499.52087,244.81656,611.0481,205.71136,455.4756,116.154076,451.0248,151.44896,453.47183,177.75363,472.19974,202.97066,499.37994,208.30887,528.80396,203.70966,-33.226223,273.34048,-47.742825,201.63258,-49.86417,148.8401,-28.982313,91.73186,9.24763,66.79502,56.09028,58.43736,0.023143629854513875,1,0.1024102,0,0
482.3269,146.73798,589.8015,123.71708,499.87378,245.65144,611.2522,206.70145,450.57202,114.09197,449.22006,148.96716,453.26633,174.59996,472.3959,199.46516,500.46402,205.83168,528.9547,204.26395,-39.890656,281.85965,-49.82771,209.76729,-49.669743,157.31113,-28.125645,100.32586,11.432566,72.947754,56.17597,59.360508,0.024578731144711534,1,0.1024102,0,0
482.65576,148.03915,589.41235,124.17569,499.66373,246.32805,611.47107,207.30647,444.41016,104.48785,450.2803,137.22249,459.41663,161.33813,477.87793,185.834,502.9011,198.62892,528.52386,203.83893,-48.53004,310.8485,-46.95316,237.4133,-38.75153,183.44508,-17.073181,125.40948,17.536455,86.76085,56.360355,61.593437,0.021644318481359823,1,0.1024102,0,0
489.0089,143.69301,596.97174,119.58172,506.71362,241.6141,618.7828,202.8514,450.02603,92.94515,450.22238,128.5922,456.24747,153.83412,472.9383,179.15454,500.93445,187.4195,528.70245,186.14784,-46.643517,325.69028,-54.691242,248.69592,-51.643814,194.30357,-33.366047,136.09508,6.082136,105.1675,49.821503,92.11359,0.027783355853188616,1,0.1024102,0,0
488.60605,143.71867,595.6595,120.066414,506.0285,242.92502,619.127,203.39029,451.74588,100.34265,447.4042,135.73883,449.57758,161.05788,468.84753,185.95335,498.50806,191.7818,528.1879,186.96864,-46.262344,310.5433,-60.320515,235.11436,-62.20786,182.52113,-39.854656,124.67651,2.189328,97.88778,49.554527,90.74882,0.02118121485488989,1,0.1024102,0,0
488.1318,143.66284,595.384,120.24078,505.65457,243.02818,618.2874,203.51366,450.01804,100.59116,445.83597,135.76993,448.22986,160.81311,468.6076,186.13458,497.53876,192.0395,529.1668,187.10326,-47.711285,308.86368,-61.4031,234.83951,-62.989857,183.22737,-39.429653,124.44063,1.3072847,98.01816,51.680798,90.058716,0.020329822215359762,1,0.1024102,0,0
487.78653,144.90392,595.8029,120.67932,505.80756,242.07051,617.3594,203.71132,445.2276,94.46741,445.4495,128.8588,450.38904,153.00423,470.4517,178.94533,498.24307,187.12202,527.43317,186.79877,-51.672714,326.06073,-59.567482,252.19928,-58.010456,200.5775,-35.198227,139.38702,3.9864726,108.655396,49.770817,92.90892,0.023480489998948396,1,0.1024102,0,0
488.29498,144.14622,595.423,120.97997,505.1721,243.50548,617.4381,204.63615,440.19324,81.97653,448.04922,112.788574,459.30917,138.08711,478.67084,159.80443,503.0348,178.08057,527.9106,186.56613,-59.42567,354.43954,-54.03131,283.33527,-42.676754,225.29903,-18.716738,172.1881,13.765101,123.463425,50.54265,93.10327,0.016549207324289876,1,0.1024102,0,0
488.44598,150.21227,595.6518,127.24928,506.3595,249.27266,617.70197,210.39221,441.39624,65.36528,444.73022,100.63392,451.57657,124.57308,471.38257,151.07968,494.00543,163.53183,516.7508,165.74188,-50.582645,404.017,-53.801117,322.93948,-49.16148,268.90884,-26.173557,205.70781,4.849614,169.9118,40.14055,154.2031,0.028129842264184333,1,0.1024102,0,0
489.61935,150.03886,596.42456,127.05819,506.30057,249.25935,618.41077,210.43417,447.43814,78.74953,444.7254,114.4102,446.79318,141.24483,464.4643,165.57137,490.63202,170.95256,517.41974,166.86717,-48.716217,374.58548,-60.331264,294.56876,-62.557426,236.68797,-41.742672,179.51407,-3.8426273,156.32393,39.560787,151.34087,0.027791614285225724,1,0.1024102,0,0
490.99185,150.59769,597.67126,126.786316,507.4047,249.38535,618.9571,210.76883,451.14642,83.57192,444.3636,120.286705,445.31467,145.83484,462.58267,171.50986,491.139,174.39746,519.4964,167.20784,-46.50417,363.49142,-64.66081,284.15854,-68.238884,230.23285,-48.133926,170.75487,-5.8876305,150.99886,41.192814,151.133,0.01998078524327933,1,0.1024102,0,0
491.28424,150.38411,597.88837,127.64616,507.98337,250.1917,620.10254,211.20947,451.60034,82.0639,445.3042,117.86272,445.8209,144.07364,463.0847,169.51239,491.37503,173.05154,519.54224,167.84853,-45.610725,366.5498,-62.592434,287.81198,-66.7888,232.34738,-46.83809,173.71808,-5.661741,153.37895,40.122208,150.01617,0.019881226668975478,1,0.1024102,0,0
491.63556,151.96602,598.46185,127.85175,508.52222,250.0943,620.27026,211.4609,446.79318,72.622696,445.97214,107.65855,450.3616,133.37419,465.9815,158.09247,493.56207,168.21414,519.5502,167.76624,-50.955334,395.47516,-60.040672,315.28482,-58.90797,257.74542,-40.973232,199.31175,-1.3555621,165.22087,40.264088,152.76624,0.030446460887589226,1,0.1024102,0,0
493.2481,154.06221,599.6212,128.81581,509.9582,250.67792,621.58234,212.31126,442.5012,54.219044,451.40195,83.08163,494.52527,150.7479,495.95233,150.81972,508.9949,161.89662,522.3356,166.82375,-56.74364,452.81714,-49.092293,379.08356,2.9848316,206.4755,5.2725825,205.59886,23.24687,175.0814,43.69489,157.38438,0.015784319421736703,0,0.1024102,0,0
492.4382,149.36247,599.97906,126.13732,509.96805,248.7289,622.13965,209.93922,461.04254,25.68849,466.2792,58.733208,474.05933,84.42281,490.76086,111.03339,512.8495,126.25213,536.61926,134.59418,-16.285328,498.00705,-16.811794,413.80978,-11.244722,350.3798,8.188238,283.71045,39.770718,240.80598,77.3094,211.60289,0.027150906818656444,1,0.1024102,0,0
492.52124,149.24782,599.3491,126.41605,509.1531,248.51949,621.31213,210.36974,462.94196,31.198164,463.43768,65.39385,467.24783,92.377464,483.22113,120.351295,509.0496,131.371,535.20496,134.6293,-16.93847,487.438,-25.055946,400.7382,-25.6113,335.4584,-7.162823,266.34937,31.83661,231.28143,75.3663,212.27335,0.0325651588543868,1,0.1024102,0,0
491.78387,149.95778,598.5208,126.934074,508.44565,249.62923,620.34906,210.2868,462.11615,31.524675,461.8223,66.08303,465.1232,92.4338,481.50092,120.72716,507.5813,131.86671,534.5264,135.03435,-16.899637,487.58478,-26.27084,400.3097,-27.415283,336.93005,-8.579904,267.27115,30.436186,231.94644,75.14232,212.74681,0.030968085021970404,1,0.1024102,0,0
490.65024,150.40892,598.0076,127.028915,507.89694,249.39133,619.9517,210.72661,459.06656,27.727423,463.06363,60.899788,469.63385,87.16901,486.6667,113.20626,509.66605,128.47603,535.1066,135.90453,-17.41183,496.71982,-19.856384,412.37314,-16.239714,347.9053,4.026889,282.37738,37.13619,238.84413,77.90472,210.73679,0.02792388786639514,1,0.1024102,0,0
483.24884,147.99109,590.01373,123.095436,500.03885,245.38086,611.24146,206.25566,436.77798,48.276257,443.55664,81.103386,451.71298,109.61011,468.2885,131.18433,492.51962,151.37572,511.8634,158.32298,-48.469265,444.97504,-45.519867,364.76,-39.558014,297.18805,-19.07808,242.96782,13.80459,188.2018,43.15933,163.38809,0.026389220732693817,1,0.1024102,0,0
483.42346,148.10085,589.93756,123.93896,500.3676,246.31766,611.6983,207.49821,445.46365,65.761856,441.99487,101.24918,444.9998,127.158714,459.91644,153.9481,486.1944,163.05956,512.3541,160.61871,-39.19924,400.1659,-52.990234,319.21613,-54.143757,261.52374,-37.7219,198.94339,0.29757792,167.49007,43.026703,159.09978,0.031189538868753766,1,0.1024102,0,0
482.23126,149.79561,589.3482,125.01322,499.84717,246.55556,611.2761,207.86913,449.7981,74.19571,442.30615,109.61883,440.998,136.42838,457.33597,163.50476,484.97827,167.71039,512.904,161.13596,-30.57004,383.34283,-51.34047,304.81717,-59.585754,247.39845,-41.692013,183.69722,-0.7998707,161.14424,45.90302,160.14165,0.016890840669497708,1,0.1024102,0,0
482.6163,150.19977,589.5422,125.567894,499.74884,247.19029,611.43933,208.17532,449.6946,74.72299,442.65244,110.30954,441.69232,137.23254,458.45294,163.444,484.99008,168.18532,512.92114,161.80305,-32.16114,384.48688,-51.86817,304.66025,-59.31174,246.51363,-40.33224,184.19266,-1.2469032,161.07826,45.301384,159.68925,0.01841910286513562,1,0.1024102,0,0
482.04868,148.95622,589.3801,125.33225,499.55942,247.04468,610.7418,208.20506,445.60745,69.52555,443.79,105.08164,446.69196,130.84099,462.25616,156.58601,486.3884,164.52335,512.6939,161.73412,-35.752594,389.43304,-47.23669,309.50314,-48.904892,253.17717,-32.002037,193.32112,2.4035234,165.6809,45.01881,158.20715,0.03369193853490361,1,0.1024102,0,0
482.66205,147.13426,588.15607,124.75368,498.5,246.34901,609.71515,207.60893,441.69302,58.15769,445.62723,91.50601,451.34348,116.89097,468.86346,142.34381,489.49417,157.72577,510.79672,160.99783,-44.656128,418.81143,-45.45842,337.64035,-41.868164,278.28516,-20.425056,216.24033,8.101794,174.52155,41.649086,157.2114,0.03343068224214885,1,0.1024102,0,0
475.30743,147.12267,582.1197,123.114494,492.5994,244.93301,603.61993,207.07849,456.10452,20.88273,462.4032,53.39216,470.70087,79.22641,486.79617,106.40135,508.2452,123.01862,531.98114,133.10942,5.435862,502.00647,6.244584,418.17352,12.402562,353.2182,31.051628,284.00806,62.1667,236.99858,100.25218,202.86397,0.026024278501440935,1,0.1024102,0,0
475.0026,147.23991,581.8119,123.87844,492.6002,245.33789,603.3513,207.33644,459.0395,29.568913,458.4647,63.810223,460.74686,90.306755,477.38214,118.64241,503.87216,130.33498,531.6971,133.44867,8.861414,478.22968,-2.618675,393.40155,-6.5895176,330.52267,12.137799,260.51288,52.44275,223.2144,99.894325,203.13138,0.029750547593244588,1,0.1024102,0,0
476.60156,147.57263,582.3533,123.79441,493.10623,245.45721,603.9516,207.1623,461.04944,33.04806,456.2425,65.9059,457.02914,92.42037,474.44778,121.38094,502.3927,131.9747,532.3269,133.61911,6.643363,477.3828,-11.196678,394.8602,-17.006283,331.0797,3.701165,258.0216,47.27802,221.67253,99.379814,203.2391,0.021921290847909124,1,0.1024102,0,0
476.2924,147.69136,583.32404,123.25584,493.40195,245.98564,604.5175,207.30914,458.844,31.157497,456.06223,65.305595,459.4307,89.09196,476.42896,117.96616,502.92676,130.41318,532.6298,133.70428,4.875186,474.65637,-9.784388,391.6196,-10.870298,335.0974,8.590258,263.6774,48.677204,224.37814,99.148926,202.5164,0.025517555239348844,1,0.1024102,0,0
476.89316,146.62178,583.299,123.139984,494.19092,245.49953,605.5672,207.02913,454.10535,23.244465,459.90976,54.795227,468.79718,82.46252,485.0863,105.98296,507.90555,123.84642,532.9241,132.92589,-2.1099274,499.25662,-1.5671387,416.7168,5.230036,346.6411,25.396172,285.70862,58.37746,235.34422,99.08583,203.00186,0.024065116033353127,1,0.1024102,0,0
478.89508,144.53207,586.3365,120.09701,496.4519,242.68979,607.5795,203.7107,461.05338,46.332474,462.4414,83.31285,467.4046,108.40033,480.6005,130.97867,507.2429,148.52092,532.89844,152.55693,-0.46310768,427.96127,-8.906345,340.36758,-8.002383,282.34354,6.5337524,227.81421,44.246582,177.68814,86.11611,155.58015,0.03335697742948867,1,0.1024102,0,0
478.1073,144.19945,586.1737,120.495445,496.46756,242.99113,608.12415,203.58316,463.82907,55.449257,460.91534,91.87223,462.54153,116.71388,479.233,140.31259,505.54935,153.94463,533.4765,154.01266,3.6292298,403.69583,-11.785068,319.8416,-16.168505,264.66483,2.8488476,207.59486,40.16548,166.56175,86.55799,151.95398,0.025717048580986022,1,0.1024102,0,0
479.33057,145.23886,586.9371,120.54432,497.30356,242.82896,609.0243,204.33183,463.75775,53.105717,462.10162,90.14275,465.8084,115.09523,479.80685,137.4936,507.1297,152.56633,533.98975,153.72887,2.3444061,415.03723,-11.48847,328.08365,-12.691731,270.78546,3.0095682,216.14955,42.34187,170.65987,87.08025,153.87416,0.03019987576423865,1,0.1024102,0,0
479.95575,144.60704,587.3763,120.43565,497.92648,243.13165,609.00464,204.09898,462.46683,41.297424,466.89487,74.117386,474.94336,101.39976,490.07935,127.18886,511.46713,144.38257,534.5038,152.82448,2.2689729,439.83725,-0.33273798,360.153,4.6127687,295.18436,21.241098,232.28154,50.752335,185.25471,86.77627,155.24753,0.030287405897865403,1,0.1024102,0,0
488.91617,146.08455,595.8312,121.91007,506.38907,244.76062,618.4545,205.8593,486.71594,13.185898,495.55487,43.62995,509.61548,79.57798,520.77936,99.63006,540.12634,117.51236,559.7815,130.45215,38.574783,522.1639,43.727238,437.92157,55.922394,342.19086,68.3432,289.36798,95.98357,238.71413,126.37818,199.10393,0.02298103949594603,1,0.1024102,0,0
489.5514,146.73419,596.89716,122.59691,507.4061,245.31683,619.17163,206.33891,490.20807,28.18053,488.74377,63.565037,492.80484,90.332825,508.57733,117.39928,533.5666,129.87239,559.87915,132.4288,38.863815,478.42328,24.113556,388.76672,22.282349,323.3097,39.861343,254.94318,78.139915,215.48029,124.12284,196.56279,0.03201444473550762,1,0.1024102,0,0
489.37582,148.16313,597.0665,122.93003,506.83408,246.18909,619.1982,207.30609,492.476,35.487347,486.84634,70.16818,488.22235,96.82632,505.44794,124.32404,532.79364,134.38214,559.93317,133.91609,40.722866,462.0946,19.204744,376.9349,13.186391,313.44687,33.20041,243.68794,76.11693,207.9734,124.41621,194.81898,0.02260877741788519,1,0.1024102,0,0
490.38852,148.82437,597.1825,123.95474,507.84128,247.26898,619.82263,207.8854,491.74237,33.233788,487.83908,66.913956,490.15378,94.51592,507.11078,123.11661,534.00854,133.63354,561.60925,134.35208,38.96654,474.21033,20.511164,388.50873,15.671316,320.9551,35.03991,247.90218,77.40442,211.21779,126.58609,195.16507,0.026741827571048562,1,0.1024102,0,0
489.96362,149.48439,597.6062,124.88008,508.10086,247.955,620.01514,209.18176,488.79843,25.63606,491.2945,58.956894,498.52588,84.869255,515.1251,111.24344,537.1605,126.80285,561.44495,135.82893,38.04811,490.44864,30.711365,404.89,34.29813,339.81744,53.518368,271.8823,85.973366,226.49872,125.76818,193.92801,0.02875057554185247,1,0.1024102,0,0
488.80807,159.26562,596.2277,134.85649,506.81302,258.10696,618.2585,218.44838,484.7312,49.524097,492.19876,82.23036,500.49017,107.17036,516.18414,134.05727,534.83405,151.37589,554.48505,162.09743,27.300053,454.29126,29.185894,371.11154,34.936634,309.27597,52.29452,241.60329,77.91997,194.35141,108.157135,160.5252,0.027213536063084798,1,0.1024102,0,0
488.9557,161.48871,596.28656,136.83159,506.9214,259.50537,618.54944,220.0984,489.7801,64.74715,490.59863,101.36552,494.3616,127.0928,509.1905,152.97499,531.4885,164.53612,554.3116,166.22635,31.818361,422.63287,20.959421,332.98126,18.981974,272.26828,34.99088,208.34457,68.16209,172.00768,107.015594,155.922,0.040587208979922504,1,0.1024102,0,0
489.76056,163.65733,597.1388,139.56432,507.53217,262.12955,619.4594,222.89514,494.0431,72.372246,490.62854,109.75186,492.34103,134.68146,507.3796,160.40219,530.768,170.23149,554.9894,169.36177,35.575226,408.54974,17.418343,318.94052,12.547839,261.464,28.970339,198.50345,64.276115,165.69666,106.36486,154.60104,0.03260441202512273,1,0.1024102,0,0
491.40533,166.94376,598.68555,142.85979,509.18216,264.74634,620.2669,226.19977,495.0348,70.7506,493.11984,105.99193,494.8191,132.86377,509.53378,159.01889,532.733,170.64465,556.7898,172.3554,36.155495,418.71652,21.162474,334.16638,15.542014,272.16208,31.395472,208.28247,66.09738,171.7429,107.17995,155.22571,0.036255325501134736,1,0.1024102,0,0
492.60358,169.35663,599.61957,145.34108,510.81757,267.28778,621.62646,228.59511,496.54617,59.810776,500.14557,93.15428,506.50452,119.55091,519.1637,145.97136,538.4039,163.34312,558.59827,173.91318,42.266228,452.71478,36.697716,368.48767,38.449757,303.68933,50.739773,238.2733,77.344284,190.59352,108.64321,156.78581,0.040881940304215054,1,0.1024102,0,0
500.04898,172.1288,606.81995,148.55148,517.93695,270.01138,629.18054,230.99777,537.8554,39.8291,544.64185,69.30981,553.5202,97.546555,563.3567,118.82262,583.3535,144.60611,598.8207,157.14029,116.199425,514.7722,115.81689,430.12994,120.04818,352.1361,129.1374,294.1765,155.38893,221.7497,179.33775,183.67256,0.03194708878733165,1,0.1024102,0,0
500.05206,172.56548,607.3177,149.60474,518.1425,270.66956,629.2922,231.17538,540.8096,63.751213,535.59717,98.4548,537.0056,124.971596,549.8156,150.17577,575.72577,160.55751,600.2243,159.92783,109.902985,448.26822,84.98598,357.6549,76.90821,291.6166,89.698326,226.81793,132.47162,190.21652,180.06226,178.76796,0.02814528261270996,1,0.1024102,0,0
499.04352,173.45187,605.7989,151.64015,516.66693,271.32855,627.9782,232.91965,532.5351,63.106487,530.4163,97.85075,534.99457,123.37388,549.8631,148.12465,574.73846,159.12236,598.37787,160.89845,97.25685,459.91333,78.45959,366.2645,76.61065,300.3043,93.47591,234.7527,134.63814,197.30763,179.79161,181.12315,0.032944232356918464,1,0.1024102,0,0
484.41052,179.18486,591.26294,154.51091,502.01672,275.43326,612.24506,236.9718,497.0284,80.356964,500.02698,112.91835,505.9173,138.62346,519.38727,163.70694,538.4824,179.60558,560.18353,188.13107,53.242516,423.4502,46.90126,342.3047,48.129803,279.5481,62.427307,216.41399,89.67933,171.20761,124.98582,140.12213,0.039085033709321225,1,0.1024102,0,0
483.13068,177.29138,589.81537,153.343,500.82355,275.13245,611.18195,235.96016,498.42453,88.46208,497.05045,125.05144,498.9287,149.73343,512.30994,176.77937,534.68,186.21234,559.47327,187.7101,54.035564,397.70935,38.823387,309.63824,33.817726,252.49721,47.158478,186.93062,81.741714,154.93158,125.14527,137.77562,0.03962678519402305,1,0.1024102,0,0
482.54544,177.39441,589.0096,153.55614,499.75607,274.89578,610.3539,236.06248,499.49258,89.9864,497.63678,127.232956,499.3414,152.4687,512.3807,178.03673,534.0977,187.04726,558.38904,187.81883,56.315372,395.70328,40.062435,305.3204,34.677486,246.59462,48.129414,184.04395,81.90716,153.13571,124.75372,137.83089,0.04026575807342251,1,0.1024102,0,0
482.105,178.1503,588.716,154.18842,499.79352,275.2186,610.01526,236.6705,499.88126,84.43469,502.9125,118.17908,507.8176,143.3709,519.7326,167.60094,538.16315,181.94948,558.39764,188.36397,60.69145,409.89648,53.71824,325.74496,53.293385,264.78577,65.16343,204.63123,91.84094,163.45363,125.46548,138.03584,0.048141660960471164,1,0.1024102,0,0
481.60336,178.7713,587.41345,154.57101,499.75775,276.2289,609.4073,237.65536,500.14334,70.641624,509.53476,98.391815,518.5745,120.40158,530.319,145.6941,542.77234,165.7702,555.8124,183.95825,69.19647,446.4148,75.45148,372.5321,83.167564,315.0457,94.2805,249.96857,108.607735,197.76003,124.659966,149.99088,0.017406846233789283,1,0.1024102,0,0
478.22122,172.64868,584.63885,149.35916,495.70007,270.1674,605.7526,231.4145,515.35724,86.28723,507.84177,120.92777,507.6102,146.38826,519.58386,173.14764,546.19116,184.58029,572.4,185.0833,93.05673,386.7734,65.87066,303.42694,56.348274,244.23373,67.44197,178.93312,109.73585,139.68266,158.02219,123.341324,0.017523070229368037,1,0.1024102,0,0
476.3067,171.94615,582.91504,148.39977,493.88956,268.99088,603.6293,230.54996,516.20734,90.91982,504.50635,123.891785,501.81598,148.61223,515.8784,177.34016,543.82,186.34569,571.07135,184.32886,95.79152,370.54712,62.00439,294.56058,48.740112,239.03897,62.690937,169.10474,107.95496,134.39417,159.11864,122.90282,0.0034398873510380072,0,0.3863913,1,1
475.62152,171.92418,581.98193,148.45355,493.05762,268.94745,602.9085,230.63008,512.8402,83.57819,506.5642,117.28203,506.74057,142.31638,519.0185,169.35947,544.9943,182.05193,570.3825,184.4417,94.155556,391.1246,69.49919,309.64557,60.727108,250.97142,72.30432,184.45259,113.33223,142.60413,159.41513,122.52399,0.02214739375188981,1,0.3863913,0,0
474.6013,171.78802,581.096,148.67519,492.07574,268.7456,602.16907,230.19218,509.80484,68.05849,514.0038,99.433975,520.40027,125.244156,532.60486,147.22702,550.9942,169.61565,571.0866,182.98462,96.71713,434.41565,91.632454,351.5607,93.00773,285.41492,106.422806,227.74625,130.91716,166.60405,162.86714,124.67432,0.036285545740341846,1,0.3863913,0,0
474.35666,170.335,579.24475,146.39839,491.39215,267.98618,601.2182,229.50298,504.17075,50.745995,514.1747,78.517685,523.8131,100.579605,536.0589,126.48186,551.0337,148.25987,563.1936,162.77043,95.269356,480.41397,102.85907,401.5571,111.945404,340.4669,124.080185,270.4452,142.9724,210.74608,159.62166,170.24168,0.016844390188524006,1,0.3863913,0,0
472.86447,167.8526,579.699,145.9605,490.31976,265.3317,600.40216,226.11407,521.4585,66.09969,517.22833,99.56996,519.8863,125.5365,535.3092,150.27184,560.87885,160.63208,583.40045,163.35254,120.72568,430.14508,98.00736,342.2414,92.37321,276.71896,110.54628,211.18944,154.40343,174.05513,198.35672,155.13252,0.02802509739475468,1,0.3863913,0,0
473.81064,167.83063,580.74176,146.66853,490.95538,265.37558,601.2545,226.44417,521.4348,70.677536,516.5394,104.65881,517.9698,130.13194,533.37244,154.96793,561.24677,163.58633,584.91797,163.73859,116.24216,420.23346,92.468346,331.32556,85.07566,267.7866,103.16185,202.50693,151.86038,168.57454,199.55435,155.37575,0.024455215795538242,1,0.3863913,0,0
474.7527,167.87466,581.21576,146.69415,492.05762,265.1224,602.53516,226.371,521.9287,66.87874,520.03534,99.954865,524.46857,125.41351,539.56213,149.8284,563.2354,160.0954,584.83136,163.8479,119.15331,434.3488,100.56517,344.4377,98.094955,278.0263,115.74022,212.26262,156.29077,176.10326,197.97122,155.33241,0.03394786071945161,1,0.3863913,0,0
475.01852,166.95874,580.8579,146.1505,492.56503,265.04626,602.6398,226.1629,525.47516,56.181515,531.994,82.288826,541.03424,105.93475,580.2637,158.57405,575.396,151.76393,586.9853,161.49956,132.13849,463.2968,132.45639,387.32916,139.0322,320.54684,191.65892,169.32236,185.32008,188.6708,204.11491,158.4656,0.02723439101271824,1,0.3863913,0,0
476.22342,166.806,581.99774,143.5592,493.4101,264.971,603.4229,226.31345,519.9419,45.48666,530.6985,73.32146,540.1314,96.03347,549.3746,114.39826,542.9194,120.67158,550.6942,115.66579,121.94323,480.00253,130.70906,400.809,138.94702,337.93326,148.65527,287.59152,133.08266,274.80063,150.6737,283.85654,0.0428293037761083,1,0.3863913,0,0
481.07397,166.48415,587.31775,143.83768,498.69534,264.49384,608.7059,225.59047,523.28265,45.490456,534.0714,72.993004,543.43085,96.15807,555.66705,123.428474,569.6238,146.36166,583.22003,163.0541,118.52542,481.3367,127.32643,403.23578,135.067,339.2366,146.32666,265.42435,162.78995,202.98712,181.50075,156.08159,0.015199796473720918,0,0.3863913,0,0
480.82816,166.68816,586.1188,142.378,499.0349,264.0102,609.0666,225.34338,536.4816,65.38426,543.4532,93.13265,553.92914,116.26734,565.3274,137.17868,578.17365,166.488,592.4619,183.50827,140.4069,421.16992,140.36777,344.27908,149.4778,280.71106,161.26405,223.8,171.28204,147.94702,190.14366,100.814545,0.017090884885804212,1,0.3863913,0,0
481.29926,166.80247,588.12164,143.3733,499.06012,264.2238,609.53015,225.27925,537.8159,85.28297,532.4677,118.871025,533.08685,146.20131,545.66187,171.55136,568.5542,183.44359,592.45496,185.80687,128.12527,368.4483,103.23933,285.88354,93.249084,221.06598,105.56391,157.42041,142.18175,117.9993,186.64687,97.91966,0.028221949901225892,1,0.3863913,0,0
480.5285,166.03786,586.74286,142.05498,498.03864,263.46033,608.71564,224.74033,538.54095,80.76639,539.7352,112.072395,544.1004,138.68767,554.3069,159.71593,573.80585,176.60484,593.67126,184.59912,134.27454,377.3527,122.15392,296.59317,118.649284,230.21782,128.41296,176.21832,157.20041,126.970406,191.41716,96.79978,0.050902773416393376,1,0.3863913,0,0
479.68835,164.82903,584.49896,140.61958,497.17245,262.40845,607.726,223.52501,532.93823,64.49286,542.5425,91.917694,551.3548,114.457565,562.1837,139.25041,576.25964,162.93335,589.14874,178.92514,135.79253,423.45306,141.29906,344.69495,147.45111,282.27377,156.1804,215.57765,171.44252,151.92706,188.08316,107.78512,0.018671886598192314,1,0.3863913,0,0
479.2655,163.53618,585.0718,140.20197,496.82468,261.17786,607.22656,222.79692,519.4038,50.557163,529.1137,78.43884,538.9639,100.85289,551.309,127.27924,565.4788,149.1106,577.69116,165.5622,112.5836,460.01685,118.91505,381.365,127.79785,319.56442,139.38156,248.45578,156.3522,189.16959,171.95154,144.19771,0.015776380153728425,0,0.3863913,0,0
486.12585,162.82774,592.49146,138.97578,504.01538,260.16675,614.5958,221.48592,519.62115,69.853874,528.7939,97.003426,539.4544,121.33087,550.58527,145.24461,563.48895,167.51857,578.99384,185.92967,90.432304,405.58572,96.15615,332.90256,105.61626,268.865,115.873146,207.20563,129.85527,149.6638,150.17528,99.84277,0.016768387855632488,1,0.3863913,0,0
487.77533,162.69044,595.04913,139.29936,506.21542,260.28958,616.9144,221.43097,523.8672,90.30607,521.28595,125.71968,523.47845,151.34363,534.96295,175.43488,558.46295,189.04817,581.9037,190.6205,85.756096,351.00406,67.21765,266.883,61.478943,207.85912,72.06744,149.64561,107.24844,107.387955,148.80089,89.7715,0.0396865456146582,1,0.3863913,0,0
489.83875,162.5168,595.9864,138.96121,507.3792,260.137,618.03925,221.60344,528.5052,100.31063,520.81726,136.32666,519.773,162.15164,532.38525,188.15399,558.2722,195.34773,584.1038,191.77972,87.21734,326.0448,59.651943,243.37254,48.818188,186.27791,60.973312,124.273476,102.498535,94.28019,150.48303,86.03593,0.015884430010675885,0,0.3863913,0,0
491.1934,162.8993,597.37006,139.14725,508.6484,260.2647,619.25,221.78558,532.3026,97.56566,528.92346,134.49658,531.11536,159.1512,543.2728,183.1775,563.8783,193.0482,585.14886,191.93326,92.9469,332.59882,72.29291,245.23846,67.03116,188.51248,79.126884,129.99516,111.175575,97.05887,150.1274,86.34792,0.04249691321264485,1,0.3863913,0,0
490.63574,163.36151,597.0547,139.50232,508.85574,260.57358,619.39667,221.73251,533.5653,86.80215,538.4303,115.99674,546.5152,141.15897,555.1857,162.19603,570.10004,179.68834,586.0578,189.80373,101.531494,360.23865,97.97385,285.569,102.06988,222.21172,108.82165,169.8053,128.20407,122.62641,152.90465,90.80613,0.04491539453404258,1,0.3863913,0,0
491.15607,162.80296,596.6478,139.16237,508.38184,260.4651,618.8075,221.66489,531.04724,73.74154,539.8219,101.009056,549.1227,123.000275,561.6242,148.09209,574.016,169.97876,587.93567,187.45717,101.37145,395.85068,106.34101,321.80255,114.38788,263.27353,126.832306,197.4842,140.1875,140.69804,158.1995,93.659546,0.017343808868532255,1,0.3863913,0,0
489.98492,162.807,595.7458,138.74081,507.59308,259.49472,617.9609,220.78311,526.3864,64.59295,536.2602,92.55068,545.85065,114.09515,557.9203,140.67761,571.472,163.28964,582.1768,176.6882,99.02438,421.14557,105.6331,343.98837,114.288345,285.67908,125.110374,215.63351,140.18373,155.82907,153.99872,119.28547,0.015952339907433263,1,0.3863913,0,0
489.4852,161.46872,595.0799,137.40692,506.6921,258.28574,617.4539,219.99596,525.20917,57.425022,535.43854,84.84938,544.6353,106.01197,556.3856,132.71767,546.71375,134.62848,556.6333,131.44086,100.434654,438.20102,108.118774,360.96585,116.32309,302.89923,126.62517,231.84319,107.742035,232.15265,127.66989,234.7776,0.04692984132139513,1,0.3863913,0,0
488.5701,159.82986,593.8082,135.67535,505.98947,256.71368,616.3303,218.63658,527.4503,53.87426,537.915,80.57335,547.5213,102.728294,559.7743,126.8375,576.26776,148.47804,585.57806,161.24472,108.274,441.14722,116.58478,365.59177,125.0245,304.647,137.3746,239.4276,158.68959,179.36256,170.3138,144.57268,0.015446759462649354,0,0.3863913,0,0
487.88834,158.90735,592.4774,134.5684,505.44608,255.7351,615.8361,217.56474,534.72174,55.001583,544.6049,81.693695,554.43445,103.2547,566.3984,127.25846,581.3232,149.8151,594.7546,164.28938,125.387215,435.56052,131.96335,358.46674,140.69577,297.82178,152.07889,232.03702,169.5607,170.07222,188.05226,128.73262,0.01598930559400461,1,0.3863913,0,0
487.60114,158.24344,592.9695,133.50958,505.57562,255.1759,616.3016,216.55005,544.0847,58.648716,553.51965,85.318726,563.1097,107.45645,575.2935,131.7868,588.7329,155.34218,600.2701,169.79547,141.6698,417.3351,146.90903,341.49615,154.55014,280.1317,165.8758,214.009,179.69006,150.95062,194.35965,111.00607,0.015305348435511502,0,0.3863913,0,0
488.64352,157.47638,594.97534,133.35567,506.61765,254.87477,616.8944,216.4273,552.23535,64.168175,561.49255,91.49984,570.4946,113.37129,580.89594,135.83649,593.9855,161.7005,603.7362,173.7429,149.21341,394.17093,154.26514,319.60953,161.31967,261.02924,170.6523,201.68535,183.32047,134.27655,196.27129,101.08606,0.017095931206665225,1,0.3863913,0,0
489.56216,157.7222,596.255,133.41293,507.70416,255.43422,618.3523,215.83998,556.78436,76.17894,561.91693,101.95559,574.47723,130.4259,587.8842,144.8059,598.3381,175.48718,613.0251,188.84198,150.15726,362.89822,147.6123,294.58356,158.20842,218.8556,177.22105,177.48192,182.01772,100.93878,203.74796,61.604305,0.016355747452513166,1,0.3863913,0,0
491.36685,157.53833,597.6903,134.66167,508.81277,256.02863,620.03613,216.77005,557.65857,94.859535,554.18854,129.45068,555.5728,156.24734,569.03015,177.91797,592.82904,190.0569,615.6875,191.58492,139.83696,318.94052,117.10615,234.22063,108.14576,171.42058,123.257324,116.06277,161.6078,75.21346,204.95036,56.779293,0.03176923635378788,1,0.3863913,0,0
491.3532,159.9767,598.01855,136.33615,509.01236,257.6579,620.91675,217.8259,558.37213,107.13772,552.322,141.7504,553.18,166.57793,567.64185,189.546,592.4044,195.40088,617.2014,193.05751,136.39859,293.10016,109.02961,211.00327,100.054474,153.9003,115.90407,95.52292,157.9171,67.26252,206.34224,55.584755,0.02256915609359483,1,0.3863913,0,0
490.34332,159.4929,597.6465,136.03548,508.52017,257.77014,619.827,217.80347,555.3676,95.78884,559.7182,125.90768,595.7154,184.31053,584.6411,175.47462,598.7031,186.55746,616.54144,192.15636,136.2022,320.2651,130.38377,243.54066,170.78867,88.87063,154.11954,115.381325,175.37941,81.97969,207.26517,57.57385,0.030813226660706725,1,0.3863913,0,0
489.95505,158.91138,596.25037,135.47482,507.62613,256.9848,619.02295,217.92723,544.00867,83.11351,552.8867,109.54549,562.34406,133.48532,573.39874,159.74483,586.9805,182.81808,596.4777,196.7275,122.66453,356.684,127.42765,285.2493,134.25638,222.3537,142.76183,155.37105,157.19269,96.01698,168.1889,59.99449,0.01813288563559417,1,0.3863913,0,0
481.4865,162.64366,587.4093,138.4179,498.66803,260.36258,609.86334,220.35709,519.1097,127.59349,517.11975,163.1,520.11426,189.28964,531.29285,208.96576,555.43933,222.20241,578.5414,222.15993,74.46498,261.06604,57.99371,180.93912,53.995205,123.36397,65.65764,76.50257,101.13094,34.58287,141.3294,18.911114,0.0395820673056186,1,0.3863913,0,0
480.39957,162.4111,586.62976,138.79237,497.80515,260.4303,608.67065,220.9014,520.20807,132.53001,514.1164,168.42424,514.37604,193.3612,527.4993,219.07344,552.459,226.90913,577.72455,223.70493,76.024,248.01416,52.620956,170.50006,44.7685,117.99808,57.547096,58.67769,95.95889,27.27347,141.17073,16.497448,0.024246223714175525,1,0.3863913,0,0
479.1573,162.02364,585.62146,138.00148,497.0175,259.4896,607.8064,219.58305,514.3785,112.71631,516.9716,145.18068,525.48627,173.45988,537.267,197.42877,557.3959,213.09267,577.7171,222.14471,75.32326,296.0142,67.46449,218.69745,71.54872,151.70587,82.56565,94.15776,110.880486,49.11023,142.83447,16.714281,0.038506531708223136,1,0.3863913,0,0
478.13403,160.8025,584.1163,136.90208,495.87802,258.18448,605.9737,219.34029,507.8142,89.7241,517.42017,116.60849,526.6409,137.70537,539.7691,163.46338,554.4535,182.993,566.57153,197.89964,74.349464,350.59625,81.2074,281.29385,89.44866,227.66846,102.610916,162.73108,120.88517,111.616394,136.40532,72.24048,0.017085225041998633,1,0.3863913,0,0
476.23444,156.22037,582.9447,131.98224,493.98462,253.23816,604.25024,214.42593,503.47852,71.21419,505.8991,104.4236,512.12726,131.63153,524.55524,151.76956,546.0754,169.94887,566.7011,178.26872,74.54681,384.6118,66.27238,302.58673,67.162605,236.74956,81.30651,185.4818,112.16223,133.71207,146.13522,103.15669,0.03828756762810246,1,0.3863913,0,0
476.6849,156.11147,583.6704,131.99904,494.91696,252.84364,605.23505,213.71959,505.3752,84.636894,500.026,121.33657,502.52414,146.8427,516.23486,171.64893,541.81055,179.3754,566.97864,178.87491,72.11936,351.1568,49.114597,265.91183,44.408867,207.5389,58.532616,146.87619,99.16223,115.80017,144.5145,101.52196,0.027251882163822665,1,0.3863913,0,0
478.049,156.60913,584.2771,132.33994,495.56876,253.52008,606.1137,214.62614,507.61853,90.35903,499.77417,126.05389,499.81427,151.80092,515.98956,177.72575,540.38354,184.07253,568.8413,179.811,72.103645,339.1013,45.256153,257.26093,36.670845,199.6413,54.825027,135.53072,93.90802,108.03274,146.6149,99.768135,0.018356564049675714,1,0.5648441,1,1
478.5492,157.96095,584.9614,133.85994,496.472,254.88821,606.9138,215.50069,508.60153,89.49785,501.33746,126.02597,501.76254,150.48091,516.80005,176.75726,542.12537,184.4028,569.9118,181.19368,73.77921,344.76138,47.371616,260.0804,39.665333,204.87158,55.57024,140.35773,95.67493,109.50148,146.86304,99.292595,0.019936729238740236,1,0.5648441,0,0
479.17145,159.908,585.82715,135.81383,497.0203,256.66464,607.15234,217.55951,506.4469,83.54232,503.5816,119.18117,507.49966,144.53279,520.9908,170.20781,545.5019,180.19934,570.0125,183.00676,71.30863,364.06995,53.036995,279.3057,50.805164,219.83583,64.52961,156.72743,103.00664,121.29715,146.10802,100.211685,0.03379175425849098,1,0.5648441,0,0
479.9631,161.2831,585.4878,137.72366,497.15045,258.5634,607.4045,219.48517,504.45328,69.77668,511.2301,94.69327,552.11005,166.23271,556.26337,162.99603,555.6747,172.10889,571.4604,182.56374,72.73558,408.1051,75.45571,341.3172,121.08523,151.63289,130.17493,156.58325,125.08674,136.45529,149.68065,103.797874,0.016580020186984765,1,0.5648441,0,0
477.37234,170.7896,582.8205,147.36497,494.94095,267.52197,604.0598,229.41882,482.46487,76.118065,482.84045,111.1091,487.79788,137.57697,495.7505,156.42862,524.3949,173.71236,545.34357,175.79645,38.780655,417.66577,27.458458,331.6498,27.1869,268.2541,34.369167,222.5103,77.29953,170.27586,113.88092,154.34056,0.04511395926930097,1,0.5648441,0,0
478.7481,171.72644,583.95917,148.25598,495.97818,268.6274,604.574,230.15938,489.06204,91.895,481.88104,128.30379,482.37082,156.54477,495.6119,177.09647,521.1635,184.38869,547.43805,178.60913,42.165653,378.00116,17.914656,294.10297,10.183497,230.89633,25.539915,180.436,65.90799,151.55101,114.67768,149.62932,0.019932960889154736,1,0.5648441,0,0
479.594,174.32906,584.3817,149.18962,496.85696,269.28268,605.84796,230.97838,490.40683,96.680336,481.75238,131.54178,482.0078,159.97562,495.95334,182.46991,521.8586,186.37325,548.3809,179.72675,43.75009,375.6772,16.738083,294.9599,8.246692,230.16023,24.242401,173.7809,66.61046,150.82072,116.23112,149.92953,0.016250174055611306,1,0.5648441,0,0
479.71008,173.25566,583.9563,149.7378,496.8982,269.95413,605.2253,231.59393,485.43677,91.2809,480.585,126.13317,481.60718,153.43182,496.76706,175.46843,521.7123,183.32562,547.56067,179.41252,35.472603,387.36343,15.533799,304.70206,8.876659,242.20403,27.157179,186.87492,66.801674,156.85454,114.51871,151.07283,0.026051098028507268,1,0.5648441,0,0
479.53333,174.2965,584.5614,150.23776,497.1986,270.849,606.08936,232.80154,478.4935,80.06461,482.7744,111.43143,489.5973,136.09206,502.80432,159.22287,524.9612,172.60747,547.1804,179.86588,28.27302,418.29666,25.0911,339.99277,28.569378,279.6307,43.26766,221.44458,76.807,180.61678,113.70174,152.40123,0.032843167191373215,1,0.5648441,0,0
480.16757,174.28726,585.45087,150.44456,497.9185,270.85876,606.8668,232.72066,469.9052,65.509155,479.71802,91.63056,489.48883,114.40322,501.57272,138.93388,516.7928,161.07643,528.6192,173.83565,16.931044,457.24515,25.293423,388.95996,34.502747,330.5049,46.898796,268.24048,65.36458,210.95222,81.29978,176.54457,0.017072307829756442,1,0.5648441,0,0
482.87738,175.47882,587.7506,151.85799,501.06076,272.2728,609.3852,233.66121,469.778,83.89388,476.24585,114.11238,484.66727,139.7628,495.99377,160.42303,518.78723,180.0322,540.2036,189.67429,6.9822736,414.39,8.152938,339.5642,13.949202,277.28073,25.999596,226.31276,57.570107,172.31621,91.11962,139.7432,0.028579983769416874,1,0.5648441,0,0
482.29272,176.2061,588.35803,151.28111,500.8316,271.87964,609.98334,233.32265,472.0547,93.19674,471.35898,128.70595,476.03488,152.14459,490.9025,175.3545,514.94946,188.71579,539.83765,190.10051,9.811427,391.86386,-2.81469,309.07486,-2.5584893,254.80907,14.010034,197.49586,48.885345,156.31258,90.82513,139.23093,0.032571357649754086,1,0.5648441,0,0
482.24728,176.8804,587.5547,151.13162,500.14368,271.86502,609.48364,233.22719,472.84415,94.46233,471.37912,130.4937,475.89456,156.56953,490.23795,177.03882,514.6789,189.67026,539.91614,190.33371,10.527153,394.13937,-3.535318,308.63315,-4.116629,247.51581,12.905058,195.4342,49.17169,154.74799,92.293724,138.4948,0.03242955631391079,1,0.5648441,0,0
482.0406,174.05338,587.5585,150.38206,500.14835,271.57803,609.4611,232.65836,472.84003,88.46186,474.65933,122.68404,480.25772,146.80066,493.05814,167.75233,516.49634,184.74002,539.6904,189.54005,11.32723,398.3279,3.5388155,316.29514,5.2884483,259.64346,19.553978,208.21222,52.595398,160.12941,90.60119,137.16821,0.03543289824767896,1,0.5648441,0,0
481.3884,173.99223,586.86664,149.84085,498.5388,270.39786,608.5875,231.50888,502.42316,79.30143,502.03296,114.637115,506.18597,139.1053,519.1395,164.51387,539.99164,177.21239,563.0625,179.43378,67.77743,417.09412,53.746674,327.02786,52.29925,266.51718,65.714516,201.87718,97.56382,162.23526,138.73851,143.97131,0.043186010355099266,1,0.5648441,0,0
482.0257,173.77039,587.49115,150.13672,499.27515,270.9893,608.84406,232.07098,506.54718,89.08254,500.8942,125.874146,501.41144,151.4477,515.43646,177.91246,539.09564,183.93796,564.6329,180.25783,69.80854,387.75388,46.224533,299.06677,38.47487,239.79474,53.30276,174.52103,92.00013,148.67279,140.09966,142.25067,0.026910708284599384,1,0.5648441,0,0
482.2525,174.25447,587.7847,150.66248,499.3792,271.5233,609.43884,232.34222,505.5419,87.31781,501.24738,123.78291,502.919,148.43753,516.13885,175.15294,539.5614,182.48534,564.3063,180.76895,68.39877,395.79044,47.263233,305.9242,41.73011,247.42664,55.117184,181.28079,92.984665,152.64989,138.77368,142.3635,0.033046696690631844,1,0.5648441,0,0
482.24792,174.751,588.2825,150.94481,500.10294,271.50314,609.8719,232.32793,502.0684,76.62423,504.23856,109.272255,509.39487,134.78839,520.76636,158.87259,543.5676,173.42291,565.0991,180.16725,66.783966,423.79575,58.188213,340.27554,57.825504,276.97208,68.7044,216.2616,103.27618,171.68776,139.85928,144.3184,0.04219289112741369,1,0.5648441,0,0
480.198,170.68282,585.4183,146.30424,497.97894,267.5178,607.7313,228.71994,496.90857,82.17502,505.7586,110.14414,515.5222,134.84445,527.539,159.4713,544.1522,179.6505,560.4161,194.42438,58.51404,400.48938,63.814514,326.80826,71.798,263.2269,83.56385,200.54861,105.02805,146.49821,128.0728,104.63954,0.022146084274054848,1,0.5648441,0,0
479.7727,170.61899,586.54407,145.5587,498.38284,266.71875,608.20123,227.62103,499.84238,94.64233,499.83536,129.86919,504.06296,154.97154,515.9951,181.19943,538.72,193.3116,561.30457,196.43971,59.297707,363.65942,46.21719,280.2676,44.410862,221.7795,55.01033,158.62201,88.97552,119.74598,127.45583,99.14381,0.0444635601409486,1,0.5648441,0,0
480.50177,169.15356,586.8825,145.62119,498.71783,266.87906,608.47925,227.91904,504.15555,104.49051,498.61435,141.17473,498.29492,165.86604,511.89786,192.81071,539.92285,199.84496,562.70337,197.98836,60.67848,335.72827,38.054955,252.55605,29.349028,198.61032,42.6448,135.00899,87.00615,104.54859,127.99409,94.725075,0.022875802255807744,1,0.5648441,1,1
481.72498,169.69778,587.6736,145.63869,499.64764,267.19925,609.45795,228.21645,507.32956,106.818886,500.50308,143.36226,499.99127,168.31682,513.39087,195.51787,540.77496,201.08768,563.3982,198.72124,63.851254,331.03656,38.887394,248.56702,29.776314,194.05432,42.81134,129.83621,86.75621,102.50698,127.64835,93.69003,0.01885331011470845,1,0.3518339,0,0
481.8747,170.40312,588.2695,146.46974,499.73938,267.88516,609.7402,228.83945,506.96747,103.311714,503.46677,139.50972,506.34393,164.77547,518.7614,190.19063,541.56683,199.7009,563.66547,198.63013,63.977478,341.26862,44.89024,257.61804,41.17022,200.26752,53.18886,139.65782,88.284935,106.70864,127.73371,95.5633,0.0398677770491873,1,0.3518339,0,0
481.84366,170.33917,587.7522,145.78218,499.83167,266.83044,609.8553,227.67043,504.6135,93.392746,509.53052,124.95762,515.948,150.46132,528.1825,173.18977,546.3109,188.47731,563.3233,196.84949,64.675415,368.3903,61.33951,289.1474,62.9922,226.88922,75.60299,169.74557,101.22096,126.07755,128.0472,97.58097,0.04191712121114248,1,0.3518339,0,0
484.27863,167.88701,589.7431,143.40701,501.97806,265.1423,612.5112,224.8139,525.18256,131.33118,525.2136,166.6547,529.11096,193.81033,542.1206,217.04175,562.7052,227.57874,584.09906,229.92235,81.44609,263.0149,67.73737,181.49594,64.35583,120.75323,77.56485,65.02154,108.283226,30.254183,144.78403,10.535347,0.046092135045632476,1,0.3518339,0,0
484.8811,167.23387,590.97485,143.88832,502.94275,265.01776,613.3609,225.29161,532.0828,144.1555,526.9607,181.56218,527.261,206.9023,540.5699,232.09755,561.4665,236.49638,584.7091,230.82524,86.55759,229.11691,63.34187,148.3176,54.87452,95.37961,67.7048,37.055454,100.71544,14.547235,143.6937,9.613283,0.032064919451904934,1,0.3518339,0,0
486.9372,167.58762,592.2418,143.99551,504.46646,265.053,614.35803,225.61765,533.46136,144.65727,527.2678,182.71349,527.5632,207.76611,539.79224,233.38873,563.2062,237.0136,586.52,231.22212,86.10707,228.7316,60.978443,147.06816,52.79653,94.741295,64.02619,36.25064,101.71744,13.577302,145.09052,8.830375,0.02648536992181129,1,0.3518339,0,0
487.52237,167.79799,592.984,143.93442,505.08765,265.36417,615.6815,225.52844,528.10986,135.5016,525.7321,171.05106,527.5993,194.73601,540.82367,221.20802,564.19415,230.23972,587.1243,230.69002,79.14638,253.52895,61.488174,173.59488,56.21442,121.98093,68.71564,60.16538,104.472404,27.007864,144.40535,10.249379,0.03798475887052726,1,0.3518339,0,0
488.22235,168.70432,593.8773,143.91753,506.04175,265.21033,616.0601,225.4776,524.7436,114.55947,531.47784,142.98619,551.87994,198.5379,553.5247,199.98683,574.09766,215.74074,588.6278,229.0239,80.59274,306.8003,81.327805,235.67943,95.146835,100.92181,97.42623,96.83371,127.05942,50.42343,147.2157,12.909457,0.032131085062437066,1,0.3518339,0,0
492.44016,167.92299,597.6184,143.96332,509.81287,263.8136,619.22815,225.19182,496.50687,69.55541,505.1717,97.09894,514.9411,123.78924,528.0432,146.9548,545.4064,167.04247,561.41437,181.70605,38.55184,431.9082,44.180878,358.62973,51.84553,289.6086,66.373634,229.2673,89.35988,174.57741,112.096695,132.79314,0.021887110498974217,1,0.3518339,0,0
493.1457,167.35155,598.4478,143.31511,511.02957,263.67056,619.8931,224.68169,500.23102,83.335144,499.65204,118.24132,503.69574,142.13254,516.49365,168.69006,540.09436,181.0814,562.99994,184.52455,39.059395,390.95663,26.000666,306.66693,24.89972,250.18657,37.365227,185.48277,72.85956,146.00551,111.86295,125.204895,0.04004709610221153,1,0.3518339,0,0
494.39972,166.84433,600.03326,143.22276,511.85367,263.6639,620.9818,224.701,500.8236,87.41723,498.1574,122.13271,501.35248,148.1355,515.2123,173.41693,540.1057,183.58235,563.8866,184.87599,35.320816,379.02792,19.415554,297.16165,16.624136,237.231,31.369833,175.81192,69.52087,140.8152,110.73171,124.345,0.034477448292818465,1,0.3518339,0,0
494.80045,167.63647,600.8466,143.35152,512.8599,263.86258,622.3839,224.82394,498.60123,83.69092,500.48102,117.62615,505.52917,141.51836,520.63727,167.1972,542.6156,179.67552,565.225,183.6523,33.28893,391.24814,24.896736,308.85318,25.409082,252.01721,41.839943,188.04247,74.4505,149.19136,112.52728,127.44584,0.03626370278593021,1,0.3518339,0,0
497.2197,166.74458,602.45447,142.87767,514.9098,263.08774,624.1004,223.95547,483.0591,65.297386,496.92334,90.851685,509.53482,112.790726,513.4687,117.7383,511.97125,152.53682,523.32025,175.05965,7.668196,443.17166,23.180017,374.72485,37.47619,316.77292,42.557255,303.39246,28.225597,223.90186,39.58185,168.96877,0.04076710411961913,1,0.3518339,0,0
502.50388,165.1647,608.8873,141.4566,521.22406,261.90317,630.89166,223.03377,476.384,99.71195,477.5966,134.8988,483.10193,159.77805,496.08707,183.90292,518.3392,195.6636,541.02496,198.34798,-21.607395,355.1142,-29.68384,275.62537,-28.154856,220.179,-15.290329,164.29105,15.326319,128.85497,50.631634,110.724655,0.040219953541489904,1,0.3518339,0,0
502.44437,164.87329,608.77673,140.48386,520.9497,260.93802,630.70325,221.86388,483.83994,108.97828,478.7036,145.22371,479.7632,171.6528,494.3598,197.25298,516.95294,202.22136,541.9036,197.78023,-12.643566,331.73514,-31.006239,252.92215,-36.46873,196.74554,-21.618181,137.46236,11.245691,115.11518,52.45207,109.81257,0.029894283433871908,1,0.3518339,0,0
501.53345,163.50635,608.0795,138.63919,520.2374,259.56085,630.536,220.02821,483.94366,108.95464,478.00443,145.0423,478.6765,171.16757,492.90698,197.8615,516.33887,201.49693,541.0885,197.06085,-11.248982,328.99307,-30.941498,250.6478,-36.945683,195.19159,-23.015654,133.8033,11.352323,113.487526,52.079926,108.08585,0.027026813956615457,1,0.3518339,0,0
501.7572,161.48328,608.17676,137.2021,520.3611,258.02136,630.36566,219.02014,476.0645,98.63908,475.74097,133.70245,480.3457,159.91447,494.5422,184.12184,516.9899,194.05093,540.71045,194.51239,-21.914207,349.9513,-32.2874,271.26642,-32.382023,213.3925,-17.63822,156.7402,13.834786,124.69171,51.54934,110.31049,0.03870056455100781,1,0.3518339,0,0
502.26917,161.62578,608.11676,136.433,520.4478,257.08768,629.8881,217.75197,459.3412,108.137146,462.87823,142.15532,469.1513,168.48608,481.98645,189.87761,506.50546,202.8146,527.8337,205.4218,-51.96362,336.67227,-55.176403,260.29523,-52.36656,202.10175,-38.81118,152.11142,-5.5230246,112.6634,26.85864,94.857445,0.037261845274523794,1,0.3518339,0,0
502.49066,161.28433,608.0661,137.22884,520.326,257.88928,630.19037,218.6399,474.03894,128.64027,472.08856,164.73854,473.7868,191.44739,486.75357,215.93123,508.72028,216.05617,528.46185,206.43318,-35.433952,283.74982,-47.293705,207.16809,-51.030483,152.35298,-38.084248,98.00033,-5.8490233,85.32487,27.3468,92.73235,0.051228307735550656,1,0.3518339,0,0
501.88214,161.54199,607.8336,137.22818,520.0504,257.88937,629.845,218.40024,486.4886,139.23344,484.18964,175.13615,485.93625,202.74837,499.8379,228.11235,513.62317,220.73375,526.1816,209.4516,-17.608505,255.3072,-30.77424,180.30444,-35.21504,124.19204,-21.491196,67.67303,0.8702203,73.572174,23.46859,88.18974,0.08542329217213618,1,0.3518339,0,0
501.06787,161.24303,607.25494,136.86337,519.77185,256.94415,629.3534,217.8735,484.41495,137.7431,483.80243,173.3795,485.90137,200.68622,499.93576,225.95772,514.1848,219.12706,526.51465,207.96655,-18.944906,258.44504,-29.88002,183.06747,-34.075626,127.0575,-20.373947,70.23699,2.7207644,74.94169,25.156096,89.6353,0.09407707041303418,1,0.3518339,0,0
501.6814,160.122,606.8252,136.62541,519.04535,256.9499,628.9069,217.47511,472.90848,125.51695,473.9232,161.73474,477.46423,187.57918,491.7,212.47362,511.42593,212.77052,526.72174,206.13513,-35.71626,288.53152,-42.823364,209.55423,-43.526375,155.11285,-28.65108,98.93517,0.45753825,87.21052,25.91974,91.38489,0.06408520376718108,1,0.3518339,0,0
501.19382,161.09224,607.1986,136.27376,519.26886,256.75693,628.9933,218.13083,458.00876,107.20859,464.66507,139.58617,471.8635,163.71394,483.9839,185.9608,507.74692,200.49944,526.6643,205.69005,-52.618614,337.2977,-50.65349,263.11115,-45.900356,208.79193,-33.46529,157.16362,-1.3766968,115.02028,26.639599,93.65402,0.03353894291956193,1,0.3518339,0,0
498.54727,160.98946,603.5254,135.89081,515.73914,256.9723,626.2273,217.1412,440.80313,83.434265,445.78186,117.69833,452.82574,143.04848,465.90408,166.5654,489.80573,179.14644,513.6885,182.84648,-72.17856,404.05682,-71.73948,320.9148,-66.40189,261.20285,-51.904175,204.66577,-18.665699,166.06822,17.789574,145.21536,0.033042779059592534,1,0.3518339,0,0
498.7955,159.56369,602.65063,135.4397,515.3836,255.69072,624.68134,216.6615,447.6915,97.19563,445.8237,132.92564,447.79993,158.83688,464.30618,184.16542,489.88824,187.50436,512.64954,182.95857,-66.29164,363.9495,-76.403046,282.65842,-78.38344,226.0345,-59.076706,165.99483,-21.370754,145.87682,15.690055,142.83691,0.034348801983265204,1,0.3518339,0,0
497.86407,159.81259,601.9017,135.08075,514.75464,255.62015,623.6946,216.71362,447.09766,100.202515,445.1608,135.78366,447.48184,160.97307,464.6915,186.41982,489.3466,188.06186,512.00055,183.00992,-65.94563,356.6196,-76.540924,277.0091,-78.16407,222.29309,-58.011303,161.73952,-21.109863,145.29222,16.121164,143.15703,0.03409121308161853,1,0.3518339,0,0
495.87805,160.87563,600.74506,135.24129,514.3233,255.4815,622.95807,216.71347,439.8047,94.689384,443.6328,127.79644,449.11752,153.10477,464.7303,176.4659,489.48776,183.76361,510.95163,182.86801,-69.9319,373.04672,-72.33999,296.8381,-70.29146,239.88496,-52.791477,183.5316,-17.018335,155.28677,17.250694,145.08977,0.03522576302267801,1,0.3518339,0,0
501.8259,175.34654,605.2294,151.65442,518.8745,270.529,627.1301,231.72717,438.9527,147.24178,444.61108,181.11497,451.09256,205.00333,464.31845,227.83551,485.557,238.7769,503.51297,239.05563,-90.0484,289.60678,-88.17187,215.04471,-83.40976,163.66481,-69.16549,112.372375,-41.138206,79.64979,-14.727445,68.570175,0.04078282335191813,1,0.3518339,0,0
501.86346,176.06883,605.57837,152.71254,518.6868,269.84937,627.53046,232.55963,458.02972,165.6939,461.29736,201.21852,465.33746,226.45206,482.45337,248.7789,494.606,243.20088,502.6563,243.89218,-66.24579,243.54056,-68.890724,166.65231,-68.202385,114.01751,-48.26842,61.507305,-29.166277,65.134705,-17.299046,59.075382,0.08510875563613214,1,0.3518339,0,0
501.3631,177.3118,605.5538,153.48706,517.7625,270.54416,627.4728,233.35625,466.31323,171.76965,472.58624,206.79794,478.4786,231.06743,491.20114,254.05553,482.35068,236.01863,495.09268,254.25847,-54.211132,229.53908,-52.44368,151.5587,-49.000935,99.30768,-35.428074,47.387436,-44.38056,87.38122,-29.74215,44.68956,0.10608297649598378,1,0.3518339,0,0
501.09985,178.12373,605.0035,154.24976,518.5639,271.61145,627.1678,234.16531,462.9463,168.42575,469.98935,202.54218,475.522,225.52835,488.7423,247.85133,479.79123,230.72789,495.81378,248.57132,-57.53519,239.75185,-55.009193,163.78426,-52.222244,114.3541,-38.144184,63.313107,-47.16772,101.71765,-27.870495,57.75186,0.09016939770840185,1,0.3518339,0,0
501.09113,178.23987,604.76355,154.49527,518.86884,272.917,626.58307,235.01639,453.96472,154.61594,462.08746,187.67406,469.24698,210.98976,481.11893,232.54323,492.23117,239.80357,503.36053,242.23172,-67.32432,272.88177,-62.88843,198.96246,-57.780487,148.01634,-45.51837,99.25199,-30.93258,78.904045,-14.887646,67.68311,0.05037707014783881,1,0.3518339,0,0
500.25266,179.61615,603.8048,155.26591,517.6316,273.86285,625.85297,235.8548,444.4014,131.24596,456.81567,155.9012,472.1513,176.51663,479.7357,183.19276,477.9235,216.16978,485.84714,239.883,-76.1436,334.05356,-62.589176,273.03113,-43.850094,220.7725,-33.74626,202.67165,-44.833866,135.1418,-38.77365,83.89609,0.045488065691942234,1,0.3518339,0,0
498.6848,179.5818,602.7301,156.48225,516.6151,274.8298,624.51416,236.63626,478.07657,111.35938,483.36108,143.57536,497.90918,175.73677,506.5746,187.74768,532.0649,207.71883,552.8274,213.98044,-12.951732,364.41504,-13.886517,286.7174,-0.082918495,208.70567,10.14444,178.55399,45.22964,122.47313,78.0717,97.0479,0.025317919142044606,1,0.3518339,0,0
499.87402,181.71054,603.81665,157.86313,517.8605,275.98032,625.7559,237.50774,481.45773,129.98438,478.21704,164.60928,481.27368,189.61156,497.85593,213.63075,525.7148,220.06815,555.6949,215.36032,-14.121813,325.806,-29.280361,247.80977,-31.355707,192.28917,-12.571766,133.62598,29.366302,104.44761,81.19781,96.085205,0.0251245576690192,1,1.1299435,1,1
501.71976,182.6735,604.9904,159.04404,519.4609,277.24542,627.5056,239.00371,483.56796,141.30301,477.21793,174.85718,478.13992,199.54536,496.69113,223.40013,525.3765,225.88455,557.6651,218.20264,-17.253717,302.32962,-36.69302,228.9439,-41.58585,175.84254,-19.580362,117.195076,24.650072,95.65884,81.33118,92.02179,0.017976283773736657,1,1.1299435,0,0
503.3889,184.66847,606.4636,161.11824,521.2033,279.0775,628.70844,241.19543,481.93262,142.2164,477.72342,174.3407,479.55518,199.19547,499.08655,222.86795,527.53125,226.79498,559.4201,220.54138,-22.308153,305.77643,-37.938118,234.8713,-41.565964,180.876,-17.931734,121.94122,25.83581,97.66302,81.660515,91.368774,0.020166044200229633,1,1.1299435,0,0
503.98618,186.34674,607.99994,162.64056,522.0403,280.47906,629.4423,242.26599,478.00333,134.35738,478.73074,166.89258,486.32367,190.82278,503.1684,214.15546,530.524,221.8107,560.70087,220.41731,-26.103434,328.17032,-34.092453,254.20859,-28.945576,199.04416,-9.583648,141.57736,31.428196,110.25762,82.65905,94.904045,0.023895885937631003,1,1.1299435,0,0
508.53757,190.64125,610.2685,167.2595,525.996,282.6314,632.62274,245.57993,466.59637,177.71915,466.72888,213.46107,469.42075,237.06386,482.97177,259.70746,505.47488,266.12167,525.37915,262.98764,-63.63398,249.5134,-71.70449,172.04068,-72.9384,122.41983,-58.258755,70.36286,-26.548262,44.514484,4.8504906,38.179977,0.04606145463189763,1,1.1299435,0,0
508.40002,190.66447,610.127,167.53864,525.8071,283.36014,632.4472,246.04681,480.36243,193.00328,477.9471,227.80968,479.59445,254.05049,494.5797,275.8817,511.94934,272.1087,527.2634,267.40414,-45.53156,208.77231,-57.61161,136.74706,-61.13861,83.9332,-44.440865,33.70183,-17.84649,30.062597,6.8950367,29.39257,0.05210949431426837,1,1.1299435,0,0
507.95126,190.44485,610.3519,167.45323,527.2391,283.01257,632.1525,245.61433,488.82446,196.54639,486.51773,232.02925,489.47638,258.68906,503.36575,278.8922,515.1475,274.95654,527.5286,266.79025,-32.024548,196.15016,-45.741188,124.16671,-48.757793,70.289055,-34.25328,23.448566,-15.741496,23.3192,5.660001,31.011978,0.0802994320614452,1,1.1299435,0,0
508.98618,189.83603,610.76105,166.917,526.94855,282.087,632.5802,244.8531,486.31772,193.1249,487.17102,228.49417,490.70697,253.7918,504.25943,274.45636,514.5309,271.77203,527.0413,264.74158,-37.09524,203.93756,-45.18853,129.19211,-46.393112,76.92209,-31.828758,29.106735,-15.823514,27.709837,5.3768277,33.28217,0.09621487339387182,1,1.1299435,0,0
509.5637,189.54654,611.4508,165.97916,527.8678,281.72406,632.98926,243.70445,478.12033,180.82202,482.40448,216.0134,487.03973,240.31374,499.17065,262.0494,515.7691,264.71848,528.6196,262.63394,-47.02208,234.49141,-49.916946,157.6557,-49.376064,106.01515,-37.293453,56.341465,-13.315128,40.6774,7.0416784,36.35175,0.07009660008108377,1,1.1299435,0,0
510.36658,188.68922,611.95905,165.20715,528.5837,280.60022,633.83765,243.31659,470.00912,162.64626,478.43866,188.63806,487.20746,212.10915,494.44412,230.51534,513.501,250.36687,528.30084,258.9687,-56.891296,277.44,-50.77833,216.01219,-43.656895,161.57314,-37.653187,119.653534,-14.143621,68.49607,6.272124,42.11878,0.030382138142499973,1,1.1299435,0,0
511.30173,188.1833,611.8699,165.81348,529.02814,280.0938,633.96234,243.18707,504.9729,125.247406,504.91156,157.60971,522.86536,185.90648,524.6593,206.3737,547.27905,218.8462,568.0549,221.03668,10.232398,354.32626,-0.8382504,273.99463,20.15664,199.32466,16.210209,152.57378,50.02636,112.38698,85.62147,94.83127,0.034113816774926295,1,1.1299435,0,0
512.1356,189.52158,612.385,166.74791,529.4464,281.26425,634.6033,244.02809,512.46356,139.2779,502.23856,171.5487,501.42432,194.99683,515.1567,221.39806,542.3227,227.63153,569.77026,222.78247,17.305454,320.61624,-10.935331,246.31485,-19.213816,193.21863,-4.825018,128.48483,37.845036,99.15961,87.46578,92.43006,0.01088279557709863,0,158.7301636,4,4
512.73645,189.88121,613.2671,167.2581,529.65283,282.0533,634.545,244.4216,517.505,141.55275,506.0005,172.15874,503.08374,195.98935,515.75244,222.29803,542.5554,228.0293,570.1087,224.49196,23.850864,312.7388,-5.810615,243.77945,-17.46387,191.2964,-4.690808,127.80419,37.35259,99.82194,86.49606,90.09326,0.0023410323590855615,0,82.9875488,2,2
512.4891,189.89076,612.6747,167.35783,529.852,281.85648,634.7791,244.58473,513.38074,125.74011,512.7542,157.95584,546.65063,220.2398,536.34906,212.14972,549.4982,221.47978,570.67426,223.0172,23.278557,355.942,10.839868,274.77216,47.339645,113.7439,32.66307,137.47552,51.77846,109.326294,88.48653,92.742165,0.04056144937487572,1,61.7283936,2,2
512.2669,190.40117,612.0842,167.78954,529.5632,282.11188,633.89264,244.38675,604.8477,167.15448,509.7577,184.19151,566.8109,216.80609,567.737,218.07448,564.3109,218.82556,569.62463,220.42296,184.73166,205.9222,-2.226547,215.41522,84.84088,109.31602,85.9834,105.89408,79.49329,106.40641,88.40995,99.45343,0.020597027946466267,1,16.4338531,0,0
509.69598,192.08667,609.6203,169.60628,526.86926,283.24042,631.1338,246.31793,603.95215,169.54466,507.25464,181.99939,504.2132,219.60802,526.74457,220.45107,542.6874,221.60161,564.9642,221.74327,187.81847,203.47623,-0.9081777,224.35551,-17.156818,142.34052,19.26349,127.72639,45.875103,115.752945,85.14397,101.62121,0.014956807585937992,0,16.4338531,0,0
512.2866,196.43677,611.19806,174.06195,530.1394,286.4217,632.63074,249.6549,602.4849,174.10602,507.4153,190.1028,508.45187,190.726,633.3416,245.18556,605.92236,177.56119,520.9745,205.50145,181.02975,205.03108,-6.049778,216.98529,-4.5242805,215.03424,204.11957,9.58423,186.36786,193.97731,11.525271,174.81699,0.016515064630688574,1,16.4338531,0,0
520.4935,201.55434,617.6217,179.24052,537.8516,289.8652,638.9063,253.57596,610.12354,179.00182,518.08417,191.70624,518.93994,194.3916,639.8957,249.3162,521.6039,201.02806,528.9053,209.96118,183.59877,205.2277,-0.8156872,224.46121,-0.25042665,217.64885,204.64748,8.993829,2.0773232,200.63379,11.550233,175.87355,0.016526694348809403,1,16.4338531,0,0
522.26483,202.60596,618.6638,180.75482,539.0772,290.8945,640.0129,254.27025,611.2403,180.76093,519.78467,193.10881,520.57526,195.9132,554.611,230.73271,563.90906,230.41676,575.07074,230.51018,183.37929,204.54637,-1.1598758,223.92343,-0.71507543,216.78665,46.411564,116.02675,63.219273,110.77375,83.70372,103.21516,0.02130727645229576,1,16.4338531,0,0
522.84607,203.44154,618.59467,182.02736,539.47345,291.5948,639.57965,255.29373,611.14124,181.28864,520.2564,193.68999,521.06696,196.39485,563.38245,251.71622,573.702,230.83829,574.9763,230.69933,183.60031,206.55267,-1.302391,224.60048,-0.7792884,217.6879,53.649025,65.72589,80.98007,105.72432,83.431786,105.20259,0.0255708276616111,1,16.4338531,0,0
522.3684,204.20053,618.0363,182.90123,539.5777,291.6301,638.8431,255.80525,610.57153,181.9538,519.57214,194.4788,520.43634,197.1057,559.80115,232.00192,573.5064,231.89037,574.58685,232.02176,183.68631,207.09879,-1.5293936,224.57616,-0.92619574,217.84457,55.809826,113.47784,81.1789,104.798996,83.15421,103.77535,0.02190850102286082,1,16.4338531,0,0
522.9407,205.01729,617.4799,183.91295,539.4393,292.1424,638.0642,256.47516,610.04016,182.95741,520.2623,195.25298,529.59924,228.91565,573.824,232.39012,573.6855,232.00987,576.25854,231.20555,183.55803,207.18594,-1.4585382,224.89037,3.6485987,140.69614,82.21285,104.83671,82.11656,105.8202,87.38997,105.988174,0.022411950288501126,1,16.4338531,0,0
522.69305,205.60347,617.4973,184.66872,539.53033,292.04974,637.81683,256.75024,609.96783,184.01479,519.55664,196.03098,520.1869,198.51779,573.45593,232.62251,573.2771,232.40916,574.5942,232.63586,183.17314,206.37082,-2.2228,224.63747,-1.963963,218.29851,81.721756,105.69845,81.47628,106.32089,83.88373,104.906876,0.022157207811930965,1,16.4338531,0,0
522.7187,206.57492,616.5634,185.48909,539.52435,292.45917,636.8235,256.9843,609.1304,184.44914,518.14874,200.18552,519.322,200.96101,573.2425,232.08058,573.3507,231.50368,576.0746,231.19284,183.47597,207.51117,-5.8180346,217.81622,-4.030186,215.32933,82.60424,108.344345,83.073135,109.64477,88.4782,108.53437,0.02111488633012457,1,16.4338531,0,0
523.02374,206.44365,616.33105,185.44315,539.806,291.51166,636.91785,256.57846,609.0845,184.30989,519.2861,200.01228,520.1821,201.01111,573.62585,232.05382,573.70245,231.64096,575.3529,231.16052,183.98892,207.72012,-4.381158,217.71475,-3.1404939,214.78943,83.22263,107.20928,83.561,108.146935,86.98222,108.17689,0.021577833551573437,1,16.4338531,0,0
523.06854,204.41864,615.95996,183.85457,539.52167,288.9148,635.8931,254.29582,608.6497,182.9325,519.24365,197.8525,520.162,198.85927,597.5835,250.55125,611.83185,186.65608,531.33856,213.03316,183.51877,207.15437,-4.523307,218.13951,-3.2402787,215.17873,121.20896,40.4305,188.49776,194.6852,11.688287,174.48991,0.041247999273059534,1,16.4338531,0,0
522.4917,199.77556,614.39075,178.86322,538.62305,282.48444,634.13153,248.37747,606.88446,178.67838,520.01404,190.52283,519.7894,194.62509,634.7146,244.00368,609.71857,182.1226,530.35645,207.65004,182.57135,205.39023,-1.2230319,224.625,-3.069777,214.39062,204.07545,10.2864685,186.919,193.75006,11.418792,175.9304,0.018743086770696048,1,16.4338531,0,0
